city,date,aqi,quality_level,pm25,pm10,no2,so2,co,o3
北京,2026-01-01,30.0,excellent,12.0,27.0,24.0,3.0,0.45,30.0
北京,2026-01-02,39.0,excellent,21.0,39.0,30.0,3.0,0.53,28.0
北京,2026-01-03,54.0,good,30.0,53.0,43.0,3.0,0.69,18.0
北京,2026-01-04,56.0,good,35.0,62.0,45.0,4.0,0.78,17.0
北京,2026-01-05,45.0,excellent,25.0,45.0,36.0,4.0,0.67,29.0
北京,2026-01-06,41.0,excellent,19.0,41.0,24.0,4.0,0.49,43.0
北京,2026-01-07,31.0,excellent,11.0,25.0,20.0,3.0,0.38,47.0
北京,2026-01-08,56.0,good,30.0,62.0,45.0,3.0,0.65,20.0
北京,2026-01-09,76.0,good,42.0,102.0,43.0,4.0,0.7,26.0
北京,2026-01-10,32.0,excellent,5.0,29.0,3.0,3.0,0.3,62.0
北京,2026-01-11,31.0,excellent,11.0,31.0,12.0,3.0,0.4,47.0
北京,2026-01-12,54.0,good,23.0,57.0,35.0,3.0,0.57,26.0
北京,2026-01-13,32.0,excellent,14.0,32.0,26.0,4.0,0.47,45.0
北京,2026-01-14,60.0,good,38.0,71.0,48.0,3.0,0.78,14.0
北京,2026-01-15,94.0,good,70.0,136.0,56.0,3.0,0.94,14.0
北京,2026-01-16,58.0,good,33.0,65.0,24.0,3.0,0.62,41.0
北京,2026-01-17,28.0,excellent,11.0,26.0,15.0,4.0,0.49,49.0
北京,2026-01-18,36.0,excellent,21.0,36.0,18.0,3.0,0.58,43.0
北京,2026-01-19,30.0,excellent,6.0,15.0,6.0,3.0,0.38,56.0
北京,2026-01-20,27.0,excellent,9.0,20.0,15.0,2.0,0.4,46.0
北京,2026-01-21,26.0,excellent,11.0,22.0,19.0,2.0,0.38,44.0
北京,2026-01-22,42.0,excellent,18.0,35.0,34.0,3.0,0.53,26.0
北京,2026-01-23,44.0,excellent,24.0,44.0,35.0,3.0,0.59,28.0
北京,2026-01-24,50.0,excellent,22.0,41.0,40.0,3.0,0.57,26.0
北京,2026-01-25,40.0,excellent,23.0,40.0,27.0,4.0,0.57,44.0
北京,2026-01-26,60.0,good,38.0,71.0,32.0,3.0,0.58,34.0
北京,2026-01-27,35.0,excellent,16.0,35.0,28.0,3.0,0.45,43.0
北京,2026-01-28,61.0,good,37.0,72.0,39.0,6.0,0.79,26.0
北京,2026-01-29,69.0,good,50.0,83.0,35.0,4.0,0.75,30.0
北京,2026-01-30,109.0,lightly_polluted,82.0,120.0,47.0,3.0,0.92,18.0
北京,2026-01-31,84.0,good,62.0,87.0,37.0,3.0,0.73,34.0
北京,2026-02-01,40.0,excellent,25.0,40.0,28.0,3.0,0.48,44.0
北京,2026-02-02,32.0,excellent,11.0,24.0,23.0,3.0,0.38,53.0
北京,2026-02-03,60.0,good,41.0,71.0,48.0,4.0,0.69,25.0
北京,2026-02-04,82.0,good,61.0,95.0,53.0,5.0,0.83,30.0
北京,2026-02-05,39.0,excellent,17.0,39.0,14.0,3.0,0.38,62.0
北京,2026-02-06,35.0,excellent,3.0,13.0,8.0,3.0,0.27,65.0
北京,2026-02-07,32.0,excellent,5.0,16.0,13.0,2.0,0.34,56.0
北京,2026-02-08,31.0,excellent,16.0,31.0,22.0,3.0,0.43,48.0
北京,2026-02-09,75.0,good,55.0,88.0,49.0,4.0,0.76,23.0
北京,2026-02-10,72.0,good,53.0,89.0,37.0,4.0,0.66,39.0
北京,2026-02-11,40.0,excellent,19.0,40.0,21.0,3.0,0.48,51.0
北京,2026-02-12,65.0,good,42.0,80.0,33.0,5.0,0.68,46.0
北京,2026-02-13,73.0,good,52.0,96.0,33.0,5.0,0.77,55.0
北京,2026-02-14,64.0,good,44.0,79.0,22.0,4.0,0.63,62.0
北京,2026-02-15,39.0,excellent,3.0,18.0,3.0,3.0,0.28,74.0
北京,2026-02-16,36.0,excellent,12.0,25.0,6.0,3.0,0.37,66.0
北京,2026-02-17,69.0,good,50.0,67.0,14.0,5.0,0.52,58.0
北京,2026-02-18,40.0,excellent,17.0,30.0,7.0,3.0,0.38,72.0
北京,2026-02-19,55.0,good,37.0,60.0,17.0,5.0,0.62,63.0
北京,2026-02-20,74.0,good,54.0,89.0,25.0,5.0,0.69,71.0
北京,2026-02-21,137.0,lightly_polluted,73.0,224.0,22.0,5.0,0.68,70.0
北京,2026-02-22,40.0,excellent,7.0,39.0,2.0,2.0,0.3,76.0
北京,2026-02-23,40.0,excellent,10.0,33.0,8.0,3.0,0.4,69.0
北京,2026-02-24,64.0,good,35.0,79.0,20.0,5.0,0.7,59.0
北京,2026-02-25,102.0,lightly_polluted,77.0,135.0,33.0,4.0,1.08,24.0
北京,2026-02-26,75.0,good,55.0,94.0,23.0,3.0,0.71,40.0
北京,2026-02-27,39.0,excellent,24.0,39.0,17.0,3.0,0.56,45.0
北京,2026-02-28,71.0,good,52.0,71.0,25.0,3.0,0.78,36.0
北京,2026-03-01,91.0,good,68.0,92.0,26.0,3.0,0.9,35.0
北京,2026-03-02,115.0,lightly_polluted,87.0,104.0,27.0,3.0,1.11,29.0
北京,2026-03-03,100.0,good,75.0,91.0,19.0,3.0,0.88,56.0
北京,2026-03-04,61.0,good,44.0,61.0,18.0,3.0,0.64,50.0
北京,2026-03-05,70.0,good,51.0,59.0,20.0,3.0,0.74,46.0
北京,2026-03-06,30.0,excellent,19.0,25.0,21.0,3.0,0.49,49.0
北京,2026-03-07,74.0,good,54.0,73.0,30.0,3.0,0.67,43.0
北京,2026-03-08,69.0,good,50.0,66.0,24.0,3.0,0.61,57.0
北京,2026-03-09,39.0,excellent,11.0,18.0,19.0,3.0,0.38,64.0
北京,2026-03-10,88.0,good,65.0,95.0,37.0,4.0,0.67,52.0
北京,2026-03-11,50.0,excellent,34.0,50.0,26.0,3.0,0.5,62.0
北京,2026-03-12,96.0,good,72.0,108.0,27.0,5.0,0.74,82.0
北京,2026-03-13,91.0,good,68.0,100.0,46.0,4.0,0.71,39.0
北京,2026-03-14,42.0,excellent,26.0,42.0,19.0,3.0,0.46,58.0
北京,2026-03-15,59.0,good,42.0,67.0,27.0,3.0,0.56,46.0
北京,2026-03-16,61.0,good,41.0,72.0,29.0,4.0,0.54,65.0
北京,2026-03-17,141.0,lightly_polluted,108.0,147.0,41.0,5.0,0.92,55.0
北京,2026-03-18,42.0,excellent,9.0,18.0,11.0,3.0,0.32,77.0
北京,2026-03-19,54.0,good,25.0,57.0,29.0,4.0,0.42,58.0
北京,2026-03-20,57.0,good,31.0,64.0,27.0,4.0,0.45,56.0
北京,2026-03-21,71.0,good,52.0,90.0,32.0,6.0,0.65,58.0
北京,2026-03-22,69.0,good,50.0,86.0,32.0,3.0,0.57,55.0
北京,2026-03-23,109.0,lightly_polluted,82.0,126.0,23.0,5.0,0.77,96.0
北京,2026-03-24,136.0,lightly_polluted,104.0,150.0,38.0,6.0,0.81,84.0
北京,2026-03-25,163.0,moderately_polluted,124.0,184.0,39.0,4.0,0.8,97.0
北京,2026-03-26,148.0,lightly_polluted,113.0,175.0,34.0,7.0,0.94,110.0
北京,2026-03-27,54.0,good,10.0,25.0,16.0,3.0,0.32,80.0
北京,2026-03-28,75.0,good,49.0,100.0,34.0,5.0,0.52,68.0
北京,2026-03-29,67.0,good,48.0,84.0,29.0,4.0,0.56,69.0
北京,2026-03-30,41.0,excellent,10.0,22.0,14.0,3.0,0.36,67.0
北京,2026-03-31,55.0,good,27.0,60.0,26.0,3.0,0.47,55.0
北京,2026-04-01,50.0,excellent,16.0,50.0,16.0,3.0,0.38,72.0
北京,2026-04-02,80.0,good,39.0,109.0,29.0,5.0,0.5,74.0
北京,2026-04-03,86.0,good,63.0,121.0,31.0,5.0,0.63,68.0
北京,2026-04-04,60.0,good,28.0,70.0,17.0,3.0,0.4,85.0
北京,2026-04-05,48.0,excellent,14.0,37.0,15.0,3.0,0.32,74.0
北京,2026-04-06,42.0,excellent,3.0,18.0,7.0,3.0,0.27,78.0
北京,2026-04-07,42.0,excellent,9.0,30.0,10.0,3.0,0.28,77.0
北京,2026-04-08,71.0,good,48.0,92.0,30.0,5.0,0.49,71.0
北京,2026-04-09,60.0,good,43.0,58.0,17.0,3.0,0.72,57.0
北京,2026-04-10,37.0,excellent,26.0,35.0,18.0,3.0,0.54,60.0
北京,2026-04-11,54.0,good,13.0,58.0,25.0,3.0,0.38,70.0
北京,2026-04-12,74.0,good,32.0,97.0,30.0,4.0,0.56,78.0
北京,2026-04-13,78.0,good,35.0,107.0,24.0,4.0,0.53,71.0
北京,2026-04-14,80.0,good,46.0,109.0,37.0,5.0,0.74,53.0
北京,2026-04-15,98.0,good,73.0,118.0,34.0,5.0,0.87,84.0
北京,2026-04-16,96.0,good,72.0,102.0,29.0,4.0,0.72,68.0
北京,2026-04-17,59.0,good,42.0,55.0,17.0,3.0,0.53,65.0
北京,2026-04-18,100.0,good,75.0,109.0,25.0,3.0,0.75,94.0
北京,2026-04-19,76.0,good,30.0,101.0,14.0,3.0,0.4,79.0
北京,2026-04-20,88.0,good,26.0,127.0,13.0,2.0,0.25,79.0
北京,2026-04-21,66.0,good,28.0,82.0,25.0,3.0,0.4,66.0
北京,2026-04-22,63.0,good,31.0,76.0,21.0,4.0,0.51,81.0
北京,2026-04-23,67.0,good,37.0,69.0,21.0,4.0,0.55,92.0
北京,2026-04-24,62.0,good,40.0,75.0,20.0,3.0,0.49,82.0
北京,2026-04-25,64.0,good,38.0,76.0,23.0,3.0,0.51,87.0
北京,2026-04-26,58.0,good,19.0,55.0,17.0,3.0,0.35,80.0
北京,2026-04-27,44.0,excellent,8.0,31.0,14.0,2.0,0.27,72.0
北京,2026-04-28,42.0,excellent,10.0,26.0,16.0,2.0,0.28,70.0
北京,2026-04-29,43.0,excellent,6.0,19.0,19.0,3.0,0.24,69.0
北京,2026-04-30,62.0,good,20.0,51.0,23.0,3.0,0.32,91.0
北京,2026-05-01,87.0,good,32.0,74.0,21.0,5.0,0.48,109.0
北京,2026-05-02,58.0,good,16.0,39.0,15.0,4.0,0.39,73.0
北京,2026-05-03,40.0,excellent,5.0,15.0,10.0,2.0,0.21,61.0
北京,2026-05-04,49.0,excellent,14.0,42.0,16.0,3.0,0.28,81.0
北京,2026-05-05,84.0,good,30.0,66.0,17.0,4.0,0.43,109.0
北京,2026-05-06,58.0,good,21.0,56.0,14.0,3.0,0.38,82.0
北京,2026-05-07,44.0,excellent,5.0,22.0,7.0,2.0,0.21,80.0
北京,2026-05-08,53.0,good,16.0,46.0,22.0,3.0,0.3,82.0
北京,2026-05-09,64.0,good,35.0,79.0,24.0,4.0,0.44,83.0
北京,2026-05-10,53.0,good,27.0,47.0,24.0,3.0,0.38,78.0
北京,2026-05-11,82.0,good,22.0,50.0,19.0,5.0,0.56,127.0
北京,2026-05-12,105.0,lightly_polluted,39.0,75.0,21.0,4.0,0.61,130.0
北京,2026-05-13,128.0,lightly_polluted,54.0,95.0,21.0,3.0,0.7,148.0
北京,2026-05-14,120.0,lightly_polluted,66.0,99.0,17.0,4.0,0.94,139.0
上海,2026-01-01,30.0,excellent,9.0,18.0,14.0,5.0,0.4,55.0
上海,2026-01-02,31.0,excellent,20.0,31.0,18.0,6.0,0.54,51.0
上海,2026-01-03,58.0,good,35.0,56.0,46.0,8.0,0.72,33.0
上海,2026-01-04,75.0,good,41.0,61.0,60.0,7.0,0.65,26.0
上海,2026-01-05,108.0,lightly_polluted,81.0,92.0,52.0,7.0,0.97,29.0
上海,2026-01-06,118.0,lightly_polluted,89.0,104.0,51.0,6.0,0.9,39.0
上海,2026-01-07,69.0,good,50.0,65.0,49.0,7.0,0.74,40.0
上海,2026-01-08,89.0,good,66.0,96.0,64.0,8.0,0.86,32.0
上海,2026-01-09,85.0,good,63.0,90.0,56.0,7.0,0.68,51.0
上海,2026-01-10,80.0,good,47.0,110.0,49.0,8.0,0.63,45.0
上海,2026-01-11,62.0,good,20.0,74.0,30.0,8.0,0.48,46.0
上海,2026-01-12,63.0,good,31.0,76.0,47.0,7.0,0.52,43.0
上海,2026-01-13,92.0,good,57.0,106.0,74.0,10.0,0.85,29.0
上海,2026-01-14,78.0,good,57.0,93.0,51.0,8.0,0.65,72.0
上海,2026-01-15,89.0,good,66.0,103.0,66.0,9.0,0.79,60.0
上海,2026-01-16,163.0,moderately_polluted,124.0,151.0,65.0,7.0,0.93,70.0
上海,2026-01-17,89.0,good,66.0,95.0,32.0,5.0,0.69,90.0
上海,2026-01-18,45.0,excellent,20.0,45.0,33.0,5.0,0.42,56.0
上海,2026-01-19,34.0,excellent,15.0,29.0,18.0,5.0,0.47,63.0
上海,2026-01-20,32.0,excellent,13.0,19.0,16.0,5.0,0.45,57.0
上海,2026-01-21,36.0,excellent,25.0,36.0,18.0,5.0,0.53,53.0
上海,2026-01-22,44.0,excellent,30.0,44.0,28.0,6.0,0.57,47.0
上海,2026-01-23,71.0,good,52.0,73.0,50.0,7.0,0.66,41.0
上海,2026-01-24,90.0,good,67.0,86.0,56.0,7.0,0.74,49.0
上海,2026-01-25,52.0,good,37.0,47.0,37.0,6.0,0.51,64.0
上海,2026-01-26,42.0,excellent,13.0,24.0,34.0,5.0,0.45,51.0
上海,2026-01-27,56.0,good,40.0,58.0,24.0,5.0,0.58,65.0
上海,2026-01-28,44.0,excellent,22.0,35.0,35.0,5.0,0.42,50.0
上海,2026-01-29,38.0,excellent,16.0,38.0,26.0,5.0,0.36,66.0
上海,2026-01-30,41.0,excellent,18.0,32.0,17.0,5.0,0.4,76.0
上海,2026-01-31,34.0,excellent,12.0,17.0,22.0,5.0,0.38,61.0
上海,2026-02-01,69.0,good,50.0,71.0,48.0,6.0,0.65,37.0
上海,2026-02-02,99.0,good,74.0,97.0,44.0,6.0,0.78,49.0
上海,2026-02-03,49.0,excellent,33.0,44.0,39.0,6.0,0.52,58.0
上海,2026-02-04,60.0,good,35.0,56.0,48.0,7.0,0.6,57.0
上海,2026-02-05,104.0,lightly_polluted,69.0,96.0,89.0,8.0,0.86,20.0
上海,2026-02-06,55.0,good,39.0,59.0,20.0,5.0,0.54,74.0
上海,2026-02-07,36.0,excellent,20.0,32.0,15.0,5.0,0.45,67.0
上海,2026-02-08,40.0,excellent,28.0,40.0,21.0,6.0,0.5,62.0
上海,2026-02-09,41.0,excellent,21.0,32.0,33.0,6.0,0.49,54.0
上海,2026-02-10,41.0,excellent,29.0,39.0,27.0,5.0,0.55,53.0
上海,2026-02-11,99.0,good,74.0,89.0,37.0,6.0,0.91,53.0
上海,2026-02-12,109.0,lightly_polluted,82.0,102.0,35.0,6.0,0.77,87.0
上海,2026-02-13,80.0,good,59.0,82.0,30.0,6.0,0.73,96.0
上海,2026-02-14,75.0,good,55.0,75.0,30.0,6.0,0.81,74.0
上海,2026-02-15,96.0,good,72.0,92.0,29.0,7.0,0.9,97.0
上海,2026-02-16,48.0,excellent,16.0,34.0,12.0,5.0,0.43,77.0
上海,2026-02-17,50.0,excellent,30.0,50.0,12.0,6.0,0.49,78.0
上海,2026-02-18,89.0,good,66.0,82.0,17.0,7.0,0.66,73.0
上海,2026-02-19,92.0,good,69.0,80.0,20.0,7.0,0.63,86.0
上海,2026-02-20,64.0,good,46.0,55.0,18.0,6.0,0.56,78.0
上海,2026-02-21,49.0,excellent,30.0,40.0,15.0,6.0,0.46,83.0
上海,2026-02-22,88.0,good,37.0,125.0,17.0,6.0,0.48,68.0
上海,2026-02-23,62.0,good,17.0,75.0,10.0,5.0,0.37,86.0
上海,2026-02-24,44.0,excellent,10.0,19.0,12.0,5.0,0.42,81.0
上海,2026-02-25,40.0,excellent,20.0,37.0,13.0,5.0,0.4,78.0
上海,2026-02-26,34.0,excellent,14.0,24.0,23.0,5.0,0.41,58.0
上海,2026-02-27,36.0,excellent,13.0,16.0,20.0,5.0,0.41,68.0
上海,2026-02-28,46.0,excellent,21.0,35.0,18.0,5.0,0.4,84.0
上海,2026-03-01,39.0,excellent,10.0,19.0,20.0,5.0,0.38,67.0
上海,2026-03-02,34.0,excellent,10.0,10.0,13.0,5.0,0.45,65.0
上海,2026-03-03,38.0,excellent,19.0,22.0,11.0,5.0,0.48,71.0
上海,2026-03-04,40.0,excellent,9.0,15.0,13.0,5.0,0.4,75.0
上海,2026-03-05,39.0,excellent,22.0,35.0,31.0,5.0,0.51,49.0
上海,2026-03-06,46.0,excellent,32.0,45.0,17.0,6.0,0.66,72.0
上海,2026-03-07,46.0,excellent,21.0,32.0,12.0,5.0,0.45,86.0
上海,2026-03-08,43.0,excellent,12.0,24.0,16.0,6.0,0.38,82.0
上海,2026-03-09,49.0,excellent,21.0,34.0,15.0,6.0,0.45,91.0
上海,2026-03-10,46.0,excellent,11.0,22.0,19.0,6.0,0.4,79.0
上海,2026-03-11,48.0,excellent,16.0,31.0,24.0,6.0,0.41,83.0
上海,2026-03-12,53.0,good,26.0,39.0,20.0,6.0,0.46,90.0
上海,2026-03-13,59.0,good,42.0,56.0,24.0,6.0,0.48,96.0
上海,2026-03-14,64.0,good,23.0,36.0,20.0,6.0,0.39,105.0
上海,2026-03-15,48.0,excellent,13.0,28.0,23.0,6.0,0.3,80.0
上海,2026-03-16,44.0,excellent,26.0,39.0,22.0,5.0,0.4,81.0
上海,2026-03-17,56.0,good,40.0,46.0,25.0,5.0,0.55,84.0
上海,2026-03-18,39.0,excellent,27.0,31.0,29.0,5.0,0.63,50.0
上海,2026-03-19,46.0,excellent,27.0,35.0,23.0,5.0,0.5,81.0
上海,2026-03-20,45.0,excellent,19.0,34.0,29.0,6.0,0.4,70.0
上海,2026-03-21,44.0,excellent,18.0,33.0,25.0,5.0,0.36,76.0
上海,2026-03-22,48.0,excellent,28.0,47.0,33.0,6.0,0.46,77.0
上海,2026-03-23,42.0,excellent,19.0,28.0,32.0,6.0,0.4,72.0
上海,2026-03-24,43.0,excellent,25.0,36.0,30.0,5.0,0.43,75.0
上海,2026-03-25,58.0,good,41.0,52.0,32.0,7.0,0.68,73.0
上海,2026-03-26,45.0,excellent,21.0,34.0,34.0,6.0,0.4,68.0
上海,2026-03-27,46.0,excellent,23.0,37.0,37.0,6.0,0.39,58.0
上海,2026-03-28,50.0,excellent,25.0,43.0,40.0,6.0,0.41,72.0
上海,2026-03-29,72.0,good,35.0,53.0,23.0,6.0,0.47,108.0
上海,2026-03-30,47.0,excellent,29.0,37.0,30.0,6.0,0.53,67.0
上海,2026-03-31,60.0,good,25.0,32.0,20.0,6.0,0.53,99.0
上海,2026-04-01,64.0,good,46.0,59.0,41.0,6.0,0.65,79.0
上海,2026-04-02,82.0,good,49.0,69.0,43.0,7.0,0.66,103.0
上海,2026-04-03,75.0,good,24.0,32.0,20.0,6.0,0.54,104.0
上海,2026-04-04,55.0,good,39.0,55.0,20.0,5.0,0.64,90.0
上海,2026-04-05,78.0,good,33.0,66.0,19.0,6.0,0.58,117.0
上海,2026-04-06,84.0,good,37.0,72.0,24.0,7.0,0.65,108.0
上海,2026-04-07,63.0,good,10.0,26.0,16.0,6.0,0.35,96.0
上海,2026-04-08,54.0,good,10.0,34.0,18.0,6.0,0.39,93.0
上海,2026-04-09,57.0,good,16.0,34.0,19.0,6.0,0.49,86.0
上海,2026-04-10,56.0,good,39.0,52.0,28.0,7.0,0.75,76.0
上海,2026-04-11,52.0,good,33.0,44.0,22.0,5.0,0.57,88.0
上海,2026-04-12,53.0,good,9.0,12.0,17.0,5.0,0.38,95.0
上海,2026-04-13,46.0,excellent,16.0,19.0,19.0,5.0,0.39,85.0
上海,2026-04-14,42.0,excellent,27.0,32.0,34.0,5.0,0.71,53.0
上海,2026-04-15,47.0,excellent,24.0,30.0,24.0,6.0,0.57,84.0
上海,2026-04-16,59.0,good,18.0,29.0,19.0,5.0,0.43,98.0
上海,2026-04-17,48.0,excellent,29.0,42.0,22.0,5.0,0.55,76.0
上海,2026-04-18,48.0,excellent,17.0,26.0,18.0,6.0,0.42,83.0
上海,2026-04-19,46.0,excellent,20.0,32.0,21.0,6.0,0.5,75.0
上海,2026-04-20,40.0,excellent,19.0,32.0,14.0,5.0,0.43,76.0
上海,2026-04-21,81.0,good,23.0,112.0,17.0,6.0,0.33,82.0
上海,2026-04-22,37.0,excellent,11.0,21.0,22.0,5.0,0.46,62.0
上海,2026-04-23,48.0,excellent,10.0,20.0,17.0,5.0,0.4,88.0
上海,2026-04-24,61.0,good,24.0,48.0,28.0,7.0,0.46,90.0
上海,2026-04-25,56.0,good,21.0,41.0,26.0,6.0,0.38,88.0
上海,2026-04-26,83.0,good,23.0,43.0,24.0,6.0,0.38,116.0
上海,2026-04-27,94.0,good,33.0,57.0,29.0,7.0,0.49,126.0
上海,2026-04-28,66.0,good,28.0,48.0,22.0,6.0,0.48,92.0
上海,2026-04-29,48.0,excellent,13.0,15.0,16.0,5.0,0.35,89.0
上海,2026-04-30,62.0,good,27.0,34.0,28.0,6.0,0.51,91.0
上海,2026-05-01,78.0,good,30.0,43.0,31.0,7.0,0.47,111.0
上海,2026-05-02,93.0,good,25.0,43.0,20.0,6.0,0.45,121.0
上海,2026-05-03,52.0,good,31.0,38.0,16.0,6.0,0.55,84.0
上海,2026-05-04,61.0,good,26.0,39.0,28.0,7.0,0.53,86.0
上海,2026-05-05,81.0,good,20.0,33.0,23.0,7.0,0.43,106.0
上海,2026-05-06,82.0,good,14.0,29.0,15.0,6.0,0.38,116.0
上海,2026-05-07,95.0,good,24.0,42.0,19.0,7.0,0.45,119.0
上海,2026-05-08,60.0,good,11.0,19.0,15.0,6.0,0.33,95.0
上海,2026-05-09,51.0,good,11.0,25.0,23.0,6.0,0.3,85.0
上海,2026-05-10,76.0,good,14.0,29.0,15.0,6.0,0.36,115.0
上海,2026-05-11,80.0,good,18.0,33.0,17.0,6.0,0.45,102.0
上海,2026-05-12,72.0,good,24.0,38.0,23.0,6.0,0.48,96.0
上海,2026-05-13,59.0,good,17.0,25.0,21.0,6.0,0.43,79.0
上海,2026-05-14,42.0,excellent,11.0,19.0,12.0,5.0,0.39,73.0
广州,2026-01-01,66.0,good,48.0,72.0,35.0,8.0,0.75,42.0
广州,2026-01-02,38.0,excellent,9.0,17.0,14.0,5.0,0.46,69.0
广州,2026-01-03,38.0,excellent,24.0,37.0,25.0,6.0,0.47,57.0
广州,2026-01-04,62.0,good,35.0,60.0,50.0,6.0,0.64,51.0
广州,2026-01-05,52.0,good,35.0,55.0,42.0,9.0,0.69,36.0
广州,2026-01-06,31.0,excellent,22.0,31.0,15.0,6.0,0.53,51.0
广州,2026-01-07,41.0,excellent,29.0,40.0,25.0,8.0,0.48,66.0
广州,2026-01-08,44.0,excellent,20.0,32.0,28.0,7.0,0.39,72.0
广州,2026-01-09,50.0,excellent,25.0,43.0,40.0,7.0,0.46,64.0
广州,2026-01-10,70.0,good,34.0,61.0,56.0,9.0,0.59,46.0
广州,2026-01-11,46.0,excellent,25.0,42.0,36.0,7.0,0.47,67.0
广州,2026-01-12,92.0,good,48.0,86.0,74.0,8.0,0.73,53.0
广州,2026-01-13,95.0,good,53.0,91.0,76.0,9.0,0.86,52.0
广州,2026-01-14,91.0,good,50.0,85.0,73.0,7.0,0.77,64.0
广州,2026-01-15,101.0,lightly_polluted,54.0,93.0,82.0,7.0,0.84,66.0
广州,2026-01-16,105.0,lightly_polluted,66.0,111.0,90.0,7.0,0.89,86.0
广州,2026-01-17,106.0,lightly_polluted,64.0,108.0,91.0,7.0,0.87,68.0
广州,2026-01-18,91.0,good,53.0,91.0,73.0,6.0,0.78,80.0
广州,2026-01-19,82.0,good,56.0,94.0,66.0,6.0,0.78,85.0
广州,2026-01-20,60.0,good,41.0,71.0,43.0,6.0,0.8,30.0
广州,2026-01-21,28.0,excellent,16.0,28.0,22.0,6.0,0.66,25.0
广州,2026-01-22,30.0,excellent,18.0,30.0,19.0,6.0,0.59,30.0
广州,2026-01-23,39.0,excellent,26.0,39.0,27.0,6.0,0.64,21.0
广州,2026-01-24,58.0,good,41.0,62.0,41.0,7.0,0.83,35.0
广州,2026-01-25,66.0,good,45.0,75.0,53.0,6.0,0.88,67.0
广州,2026-01-26,91.0,good,54.0,94.0,73.0,7.0,0.98,62.0
广州,2026-01-27,64.0,good,46.0,74.0,49.0,7.0,0.9,67.0
广州,2026-01-28,48.0,excellent,30.0,47.0,31.0,7.0,0.93,64.0
广州,2026-01-29,56.0,good,34.0,59.0,39.0,5.0,0.77,74.0
广州,2026-01-30,51.0,good,24.0,40.0,41.0,5.0,0.71,41.0
广州,2026-01-31,30.0,excellent,18.0,30.0,24.0,5.0,0.87,31.0
广州,2026-02-01,33.0,excellent,13.0,20.0,19.0,5.0,0.85,54.0
广州,2026-02-02,38.0,excellent,18.0,29.0,23.0,5.0,0.69,59.0
广州,2026-02-03,52.0,good,29.0,53.0,39.0,5.0,0.69,69.0
广州,2026-02-04,60.0,good,39.0,69.0,47.0,5.0,0.78,69.0
广州,2026-02-05,64.0,good,34.0,62.0,51.0,5.0,0.75,61.0
广州,2026-02-06,62.0,good,22.0,45.0,50.0,6.0,0.7,58.0
广州,2026-02-07,48.0,excellent,21.0,37.0,21.0,5.0,0.81,64.0
广州,2026-02-08,41.0,excellent,16.0,30.0,13.0,4.0,0.56,75.0
广州,2026-02-09,43.0,excellent,22.0,43.0,21.0,5.0,0.47,74.0
广州,2026-02-10,51.0,good,30.0,52.0,31.0,6.0,0.6,57.0
广州,2026-02-11,48.0,excellent,30.0,48.0,28.0,5.0,0.73,55.0
广州,2026-02-12,38.0,excellent,25.0,38.0,21.0,5.0,0.66,55.0
广州,2026-02-13,55.0,good,26.0,43.0,23.0,5.0,0.64,81.0
广州,2026-02-14,62.0,good,23.0,38.0,21.0,5.0,0.63,81.0
广州,2026-02-15,44.0,excellent,14.0,26.0,16.0,5.0,0.57,54.0
广州,2026-02-16,42.0,excellent,20.0,33.0,12.0,4.0,0.55,62.0
广州,2026-02-17,41.0,excellent,29.0,40.0,9.0,8.0,0.7,45.0
广州,2026-02-18,30.0,excellent,20.0,27.0,8.0,6.0,0.7,53.0
广州,2026-02-19,47.0,excellent,33.0,40.0,10.0,5.0,0.71,61.0
广州,2026-02-20,44.0,excellent,31.0,40.0,11.0,5.0,0.78,61.0
广州,2026-02-21,54.0,good,38.0,50.0,13.0,5.0,0.73,84.0
广州,2026-02-22,52.0,good,27.0,37.0,12.0,5.0,0.64,79.0
广州,2026-02-23,52.0,good,34.0,48.0,19.0,5.0,0.71,76.0
广州,2026-02-24,52.0,good,29.0,55.0,15.0,5.0,0.63,68.0
广州,2026-02-25,51.0,good,32.0,52.0,17.0,5.0,0.69,53.0
广州,2026-02-26,36.0,excellent,13.0,25.0,15.0,5.0,0.51,58.0
广州,2026-02-27,34.0,excellent,17.0,30.0,18.0,4.0,0.52,51.0
广州,2026-02-28,28.0,excellent,10.0,15.0,22.0,4.0,0.59,32.0
广州,2026-03-01,24.0,excellent,8.0,16.0,17.0,5.0,0.58,42.0
广州,2026-03-02,29.0,excellent,14.0,26.0,23.0,5.0,0.63,20.0
广州,2026-03-03,20.0,excellent,5.0,10.0,13.0,4.0,0.8,26.0
广州,2026-03-04,20.0,excellent,11.0,16.0,16.0,4.0,0.73,29.0
广州,2026-03-05,24.0,excellent,16.0,22.0,16.0,5.0,0.69,39.0
广州,2026-03-06,42.0,excellent,17.0,23.0,15.0,5.0,0.61,67.0
广州,2026-03-07,46.0,excellent,23.0,33.0,23.0,5.0,0.63,68.0
广州,2026-03-08,69.0,good,32.0,58.0,24.0,5.0,0.62,99.0
广州,2026-03-09,48.0,excellent,28.0,47.0,24.0,6.0,0.67,61.0
广州,2026-03-10,28.0,excellent,8.0,14.0,14.0,5.0,0.61,50.0
广州,2026-03-11,37.0,excellent,21.0,30.0,27.0,5.0,0.65,54.0
广州,2026-03-12,46.0,excellent,27.0,43.0,37.0,6.0,0.65,62.0
广州,2026-03-13,77.0,good,27.0,47.0,31.0,6.0,0.52,107.0
广州,2026-03-14,80.0,good,24.0,47.0,27.0,5.0,0.45,103.0
广州,2026-03-15,68.0,good,26.0,50.0,32.0,5.0,0.51,84.0
广州,2026-03-16,69.0,good,21.0,41.0,31.0,5.0,0.47,83.0
广州,2026-03-17,52.0,good,19.0,39.0,32.0,5.0,0.48,62.0
广州,2026-03-18,46.0,excellent,19.0,40.0,36.0,5.0,0.53,57.0
广州,2026-03-19,68.0,good,26.0,49.0,33.0,6.0,0.63,77.0
广州,2026-03-20,41.0,excellent,17.0,35.0,26.0,5.0,0.57,53.0
广州,2026-03-21,40.0,excellent,24.0,40.0,31.0,5.0,0.8,28.0
广州,2026-03-22,40.0,excellent,25.0,40.0,26.0,5.0,0.7,62.0
广州,2026-03-23,58.0,good,29.0,47.0,26.0,6.0,0.7,80.0
广州,2026-03-24,59.0,good,24.0,38.0,25.0,5.0,0.6,73.0
广州,2026-03-25,63.0,good,33.0,54.0,34.0,6.0,0.68,77.0
广州,2026-03-26,46.0,excellent,21.0,36.0,22.0,5.0,0.55,53.0
广州,2026-03-27,40.0,excellent,23.0,40.0,27.0,5.0,0.59,43.0
广州,2026-03-28,37.0,excellent,22.0,37.0,28.0,5.0,0.6,30.0
广州,2026-03-29,31.0,excellent,19.0,31.0,23.0,4.0,0.6,46.0
广州,2026-03-30,40.0,excellent,16.0,25.0,28.0,5.0,0.6,52.0
广州,2026-03-31,34.0,excellent,18.0,30.0,27.0,5.0,0.63,34.0
广州,2026-04-01,45.0,excellent,9.0,16.0,20.0,5.0,0.7,77.0
广州,2026-04-02,44.0,excellent,21.0,39.0,35.0,5.0,0.73,52.0
广州,2026-04-03,45.0,excellent,28.0,45.0,23.0,5.0,0.63,46.0
广州,2026-04-04,28.0,excellent,14.0,24.0,22.0,5.0,0.73,44.0
广州,2026-04-05,36.0,excellent,23.0,36.0,26.0,5.0,0.85,33.0
广州,2026-04-06,35.0,excellent,19.0,35.0,20.0,4.0,0.72,35.0
广州,2026-04-07,42.0,excellent,22.0,42.0,24.0,4.0,0.67,29.0
广州,2026-04-08,34.0,excellent,16.0,34.0,20.0,4.0,0.59,51.0
广州,2026-04-09,36.0,excellent,18.0,36.0,21.0,4.0,0.55,39.0
广州,2026-04-10,32.0,excellent,16.0,32.0,19.0,5.0,0.5,35.0
广州,2026-04-11,39.0,excellent,21.0,39.0,19.0,5.0,0.52,41.0
广州,2026-04-12,31.0,excellent,16.0,31.0,17.0,4.0,0.5,36.0
广州,2026-04-13,29.0,excellent,14.0,29.0,18.0,5.0,0.49,38.0
广州,2026-04-14,28.0,excellent,15.0,28.0,22.0,4.0,0.53,25.0
广州,2026-04-15,29.0,excellent,14.0,29.0,22.0,4.0,0.51,30.0
广州,2026-04-16,29.0,excellent,16.0,29.0,22.0,4.0,0.54,32.0
广州,2026-04-17,40.0,excellent,18.0,29.0,27.0,4.0,0.67,60.0
广州,2026-04-18,50.0,excellent,27.0,39.0,28.0,5.0,0.79,74.0
广州,2026-04-19,88.0,good,38.0,56.0,36.0,6.0,0.86,111.0
广州,2026-04-20,78.0,good,30.0,41.0,20.0,5.0,0.72,87.0
广州,2026-04-21,40.0,excellent,19.0,30.0,19.0,5.0,0.58,56.0
广州,2026-04-22,36.0,excellent,17.0,29.0,16.0,5.0,0.54,53.0
广州,2026-04-23,28.0,excellent,10.0,19.0,22.0,4.0,0.68,22.0
广州,2026-04-24,26.0,excellent,11.0,17.0,21.0,5.0,0.63,34.0
广州,2026-04-25,44.0,excellent,20.0,31.0,26.0,5.0,0.65,68.0
广州,2026-04-26,82.0,good,30.0,48.0,31.0,5.0,0.75,101.0
广州,2026-04-27,81.0,good,24.0,41.0,25.0,6.0,0.69,93.0
广州,2026-04-28,42.0,excellent,18.0,34.0,26.0,5.0,0.64,56.0
广州,2026-04-29,28.0,excellent,9.0,16.0,18.0,5.0,0.61,46.0
广州,2026-04-30,44.0,excellent,7.0,12.0,15.0,5.0,0.52,80.0
广州,2026-05-01,57.0,good,14.0,24.0,19.0,5.0,0.55,89.0
广州,2026-05-02,51.0,good,17.0,33.0,18.0,5.0,0.59,77.0
广州,2026-05-03,37.0,excellent,10.0,19.0,14.0,5.0,0.56,60.0
广州,2026-05-04,38.0,excellent,16.0,26.0,18.0,6.0,0.63,62.0
广州,2026-05-05,30.0,excellent,20.0,28.0,22.0,5.0,0.58,48.0
广州,2026-05-06,34.0,excellent,21.0,31.0,27.0,5.0,0.68,48.0
广州,2026-05-07,52.0,good,18.0,33.0,29.0,5.0,0.62,68.0
广州,2026-05-08,32.0,excellent,14.0,24.0,26.0,5.0,0.68,36.0
广州,2026-05-09,26.0,excellent,13.0,19.0,18.0,5.0,0.7,43.0
广州,2026-05-10,38.0,excellent,24.0,35.0,26.0,5.0,0.78,56.0
广州,2026-05-11,62.0,good,33.0,51.0,32.0,5.0,0.86,79.0
广州,2026-05-12,69.0,good,29.0,45.0,26.0,5.0,0.82,86.0
广州,2026-05-13,48.0,excellent,14.0,27.0,23.0,5.0,0.68,52.0
广州,2026-05-14,28.0,excellent,8.0,19.0,17.0,5.0,0.56,36.0
深圳,2026-01-01,50.0,excellent,30.0,50.0,18.0,7.0,0.66,75.0
深圳,2026-01-02,41.0,excellent,11.0,22.0,12.0,7.0,0.61,71.0
深圳,2026-01-03,40.0,excellent,17.0,32.0,17.0,7.0,0.59,68.0
深圳,2026-01-04,59.0,good,30.0,54.0,33.0,7.0,0.7,82.0
深圳,2026-01-05,54.0,good,34.0,59.0,39.0,8.0,0.76,61.0
深圳,2026-01-06,41.0,excellent,23.0,37.0,14.0,7.0,0.66,63.0
深圳,2026-01-07,46.0,excellent,29.0,44.0,21.0,7.0,0.6,78.0
深圳,2026-01-08,46.0,excellent,19.0,34.0,25.0,8.0,0.53,74.0
深圳,2026-01-09,48.0,excellent,24.0,46.0,37.0,7.0,0.55,71.0
深圳,2026-01-10,69.0,good,34.0,63.0,55.0,7.0,0.71,60.0
深圳,2026-01-11,52.0,good,23.0,43.0,27.0,8.0,0.55,86.0
深圳,2026-01-12,74.0,good,39.0,79.0,47.0,7.0,0.73,93.0
深圳,2026-01-13,76.0,good,46.0,80.0,61.0,8.0,0.82,87.0
深圳,2026-01-14,62.0,good,28.0,49.0,37.0,7.0,0.68,82.0
深圳,2026-01-15,78.0,good,41.0,70.0,59.0,8.0,0.74,83.0
深圳,2026-01-16,70.0,good,37.0,61.0,56.0,8.0,0.78,82.0
深圳,2026-01-17,71.0,good,30.0,53.0,44.0,8.0,0.71,88.0
深圳,2026-01-18,68.0,good,28.0,49.0,29.0,8.0,0.67,99.0
深圳,2026-01-19,63.0,good,35.0,57.0,32.0,8.0,0.76,91.0
深圳,2026-01-20,49.0,excellent,24.0,46.0,20.0,7.0,0.67,72.0
深圳,2026-01-21,39.0,excellent,22.0,39.0,23.0,7.0,0.77,37.0
深圳,2026-01-22,40.0,excellent,21.0,40.0,22.0,6.0,0.76,29.0
深圳,2026-01-23,45.0,excellent,26.0,45.0,32.0,7.0,0.79,23.0
深圳,2026-01-24,59.0,good,42.0,64.0,41.0,8.0,0.89,61.0
深圳,2026-01-25,51.0,good,20.0,33.0,23.0,7.0,0.69,86.0
深圳,2026-01-26,48.0,excellent,19.0,36.0,35.0,7.0,0.73,64.0
深圳,2026-01-27,74.0,good,40.0,65.0,41.0,7.0,0.82,99.0
深圳,2026-01-28,71.0,good,31.0,48.0,22.0,6.0,0.9,87.0
深圳,2026-01-29,55.0,good,22.0,37.0,19.0,6.0,0.83,88.0
深圳,2026-01-30,38.0,excellent,21.0,38.0,28.0,6.0,0.82,54.0
深圳,2026-01-31,37.0,excellent,23.0,37.0,27.0,6.0,0.9,33.0
深圳,2026-02-01,32.0,excellent,14.0,24.0,19.0,6.0,0.96,54.0
深圳,2026-02-02,46.0,excellent,19.0,33.0,24.0,7.0,0.88,67.0
深圳,2026-02-03,48.0,excellent,27.0,47.0,29.0,7.0,0.79,75.0
深圳,2026-02-04,65.0,good,31.0,53.0,29.0,7.0,0.7,95.0
深圳,2026-02-05,54.0,good,23.0,39.0,43.0,6.0,0.65,55.0
深圳,2026-02-06,59.0,good,17.0,31.0,47.0,7.0,0.61,42.0
深圳,2026-02-07,41.0,excellent,22.0,39.0,30.0,6.0,0.72,59.0
深圳,2026-02-08,40.0,excellent,13.0,27.0,12.0,6.0,0.63,68.0
深圳,2026-02-09,42.0,excellent,19.0,38.0,16.0,6.0,0.5,74.0
深圳,2026-02-10,41.0,excellent,16.0,31.0,17.0,6.0,0.5,73.0
深圳,2026-02-11,47.0,excellent,18.0,32.0,23.0,6.0,0.51,70.0
深圳,2026-02-12,52.0,good,21.0,40.0,11.0,6.0,0.56,92.0
深圳,2026-02-13,63.0,good,21.0,39.0,19.0,6.0,0.59,95.0
深圳,2026-02-14,44.0,excellent,15.0,25.0,18.0,6.0,0.53,65.0
深圳,2026-02-15,32.0,excellent,10.0,22.0,15.0,6.0,0.5,40.0
深圳,2026-02-16,32.0,excellent,12.0,23.0,10.0,6.0,0.49,53.0
深圳,2026-02-17,35.0,excellent,23.0,35.0,6.0,7.0,0.6,57.0
深圳,2026-02-18,36.0,excellent,21.0,30.0,6.0,7.0,0.54,64.0
深圳,2026-02-19,42.0,excellent,27.0,39.0,9.0,6.0,0.6,71.0
深圳,2026-02-20,46.0,excellent,32.0,42.0,14.0,7.0,0.65,76.0
深圳,2026-02-21,54.0,good,30.0,41.0,12.0,7.0,0.61,87.0
深圳,2026-02-22,48.0,excellent,23.0,32.0,14.0,6.0,0.55,72.0
深圳,2026-02-23,48.0,excellent,26.0,43.0,15.0,7.0,0.56,77.0
深圳,2026-02-24,58.0,good,27.0,65.0,16.0,6.0,0.51,65.0
深圳,2026-02-25,44.0,excellent,23.0,44.0,20.0,7.0,0.53,49.0
深圳,2026-02-26,40.0,excellent,10.0,21.0,10.0,6.0,0.48,71.0
深圳,2026-02-27,34.0,excellent,16.0,27.0,14.0,7.0,0.55,63.0
深圳,2026-02-28,33.0,excellent,6.0,10.0,9.0,6.0,0.5,59.0
深圳,2026-03-01,32.0,excellent,6.0,12.0,8.0,6.0,0.5,57.0
深圳,2026-03-02,24.0,excellent,13.0,24.0,16.0,6.0,0.51,33.0
深圳,2026-03-03,18.0,excellent,6.0,11.0,11.0,5.0,0.71,28.0
深圳,2026-03-04,18.0,excellent,5.0,10.0,13.0,5.0,0.72,21.0
深圳,2026-03-05,28.0,excellent,8.0,14.0,13.0,5.0,0.69,41.0
深圳,2026-03-06,39.0,excellent,16.0,23.0,11.0,5.0,0.65,64.0
深圳,2026-03-07,45.0,excellent,20.0,38.0,15.0,6.0,0.64,77.0
深圳,2026-03-08,70.0,good,24.0,51.0,13.0,6.0,0.59,108.0
深圳,2026-03-09,66.0,good,24.0,47.0,15.0,6.0,0.58,95.0
深圳,2026-03-10,31.0,excellent,11.0,21.0,15.0,6.0,0.69,43.0
深圳,2026-03-11,34.0,excellent,20.0,31.0,21.0,6.0,0.62,58.0
深圳,2026-03-12,58.0,good,24.0,40.0,25.0,6.0,0.54,89.0
深圳,2026-03-13,82.0,good,20.0,44.0,13.0,6.0,0.4,126.0
深圳,2026-03-14,72.0,good,19.0,41.0,16.0,6.0,0.4,107.0
深圳,2026-03-15,62.0,good,20.0,40.0,15.0,6.0,0.45,103.0
深圳,2026-03-16,63.0,good,17.0,35.0,16.0,6.0,0.41,104.0
深圳,2026-03-17,48.0,excellent,14.0,33.0,14.0,5.0,0.4,76.0
深圳,2026-03-18,36.0,excellent,13.0,29.0,20.0,5.0,0.43,56.0
深圳,2026-03-19,38.0,excellent,16.0,32.0,30.0,5.0,0.48,44.0
深圳,2026-03-20,44.0,excellent,16.0,33.0,10.0,5.0,0.54,85.0
深圳,2026-03-21,48.0,excellent,19.0,35.0,11.0,5.0,0.56,91.0
深圳,2026-03-22,57.0,good,19.0,33.0,14.0,5.0,0.55,95.0
深圳,2026-03-23,45.0,excellent,23.0,35.0,25.0,5.0,0.6,69.0
深圳,2026-03-24,40.0,excellent,17.0,28.0,17.0,5.0,0.58,63.0
深圳,2026-03-25,46.0,excellent,24.0,38.0,29.0,6.0,0.6,57.0
深圳,2026-03-26,36.0,excellent,19.0,34.0,18.0,5.0,0.57,60.0
深圳,2026-03-27,44.0,excellent,21.0,42.0,14.0,4.0,0.6,74.0
深圳,2026-03-28,34.0,excellent,18.0,34.0,13.0,4.0,0.58,57.0
深圳,2026-03-29,41.0,excellent,18.0,32.0,11.0,4.0,0.58,71.0
深圳,2026-03-30,43.0,excellent,14.0,24.0,15.0,4.0,0.52,56.0
深圳,2026-03-31,32.0,excellent,19.0,32.0,17.0,4.0,0.53,36.0
深圳,2026-04-01,54.0,good,13.0,25.0,20.0,5.0,0.66,87.0
深圳,2026-04-02,56.0,good,14.0,32.0,12.0,4.0,0.61,92.0
深圳,2026-04-03,41.0,excellent,24.0,41.0,11.0,5.0,0.55,63.0
深圳,2026-04-04,30.0,excellent,20.0,30.0,20.0,5.0,0.64,33.0
深圳,2026-04-05,30.0,excellent,15.0,26.0,15.0,4.0,0.71,51.0
深圳,2026-04-06,31.0,excellent,15.0,31.0,12.0,4.0,0.56,37.0
深圳,2026-04-07,34.0,excellent,16.0,34.0,14.0,5.0,0.52,33.0
深圳,2026-04-08,42.0,excellent,15.0,36.0,10.0,4.0,0.5,77.0
深圳,2026-04-09,35.0,excellent,13.0,35.0,10.0,5.0,0.5,51.0
深圳,2026-04-10,26.0,excellent,13.0,26.0,10.0,5.0,0.45,36.0
深圳,2026-04-11,32.0,excellent,17.0,32.0,12.0,5.0,0.5,42.0
深圳,2026-04-12,25.0,excellent,12.0,25.0,9.0,5.0,0.5,40.0
深圳,2026-04-13,24.0,excellent,10.0,22.0,11.0,5.0,0.47,36.0
深圳,2026-04-14,21.0,excellent,11.0,21.0,12.0,5.0,0.49,29.0
深圳,2026-04-15,21.0,excellent,12.0,21.0,15.0,5.0,0.48,27.0
深圳,2026-04-16,24.0,excellent,12.0,21.0,15.0,5.0,0.49,34.0
深圳,2026-04-17,38.0,excellent,19.0,33.0,30.0,5.0,0.6,36.0
深圳,2026-04-18,75.0,good,40.0,56.0,28.0,5.0,0.79,109.0
深圳,2026-04-19,106.0,lightly_polluted,40.0,56.0,22.0,5.0,0.81,119.0
深圳,2026-04-20,83.0,good,30.0,40.0,15.0,5.0,0.71,112.0
深圳,2026-04-21,38.0,excellent,15.0,23.0,13.0,5.0,0.55,60.0
深圳,2026-04-22,34.0,excellent,14.0,23.0,12.0,5.0,0.48,52.0
深圳,2026-04-23,25.0,excellent,13.0,24.0,20.0,4.0,0.57,28.0
深圳,2026-04-24,24.0,excellent,7.0,14.0,16.0,4.0,0.56,42.0
深圳,2026-04-25,49.0,excellent,15.0,26.0,15.0,4.0,0.62,78.0
深圳,2026-04-26,68.0,good,22.0,35.0,18.0,4.0,0.67,88.0
深圳,2026-04-27,64.0,good,14.0,29.0,12.0,4.0,0.6,100.0
深圳,2026-04-28,46.0,excellent,12.0,29.0,11.0,4.0,0.53,71.0
深圳,2026-04-29,32.0,excellent,10.0,20.0,16.0,5.0,0.54,50.0
深圳,2026-04-30,50.0,excellent,7.0,16.0,13.0,5.0,0.51,88.0
深圳,2026-05-01,48.0,excellent,11.0,23.0,13.0,5.0,0.57,79.0
深圳,2026-05-02,59.0,good,15.0,31.0,9.0,4.0,0.59,100.0
深圳,2026-05-03,39.0,excellent,12.0,22.0,14.0,4.0,0.6,61.0
深圳,2026-05-04,44.0,excellent,13.0,24.0,11.0,5.0,0.63,75.0
深圳,2026-05-05,42.0,excellent,14.0,23.0,15.0,5.0,0.63,71.0
深圳,2026-05-06,37.0,excellent,9.0,16.0,12.0,5.0,0.61,68.0
深圳,2026-05-07,46.0,excellent,12.0,22.0,14.0,5.0,0.58,74.0
深圳,2026-05-08,44.0,excellent,19.0,34.0,22.0,5.0,0.63,68.0
深圳,2026-05-09,45.0,excellent,12.0,23.0,11.0,5.0,0.6,80.0
深圳,2026-05-10,53.0,good,19.0,38.0,13.0,5.0,0.6,93.0
深圳,2026-05-11,56.0,good,28.0,46.0,25.0,5.0,0.75,85.0
深圳,2026-05-12,66.0,good,19.0,30.0,22.0,5.0,0.78,87.0
深圳,2026-05-13,40.0,excellent,7.0,16.0,16.0,5.0,0.63,50.0
深圳,2026-05-14,22.0,excellent,5.0,16.0,12.0,4.0,0.54,33.0
杭州,2026-01-01,26.0,excellent,14.0,26.0,15.0,6.0,0.42,44.0
杭州,2026-01-02,70.0,good,51.0,63.0,17.0,7.0,0.59,53.0
杭州,2026-01-03,100.0,good,75.0,93.0,36.0,7.0,0.72,33.0
杭州,2026-01-04,112.0,lightly_polluted,85.0,110.0,58.0,7.0,0.86,6.0
杭州,2026-01-05,99.0,good,74.0,90.0,34.0,6.0,0.83,30.0
杭州,2026-01-06,86.0,good,64.0,80.0,29.0,6.0,0.75,33.0
杭州,2026-01-07,50.0,excellent,35.0,49.0,31.0,6.0,0.57,44.0
杭州,2026-01-08,58.0,good,41.0,64.0,39.0,8.0,0.62,40.0
杭州,2026-01-09,71.0,good,52.0,78.0,46.0,7.0,0.68,36.0
杭州,2026-01-10,60.0,good,36.0,70.0,35.0,7.0,0.56,51.0
杭州,2026-01-11,78.0,good,30.0,105.0,31.0,8.0,0.51,41.0
杭州,2026-01-12,62.0,good,33.0,73.0,44.0,7.0,0.6,28.0
杭州,2026-01-13,59.0,good,38.0,68.0,47.0,8.0,0.66,38.0
杭州,2026-01-14,74.0,good,48.0,81.0,59.0,8.0,0.75,33.0
杭州,2026-01-15,74.0,good,51.0,83.0,59.0,8.0,0.81,37.0
杭州,2026-01-16,114.0,lightly_polluted,86.0,126.0,76.0,8.0,0.94,36.0
杭州,2026-01-17,116.0,lightly_polluted,88.0,134.0,50.0,6.0,0.88,49.0
杭州,2026-01-18,80.0,good,53.0,109.0,34.0,6.0,0.7,48.0
杭州,2026-01-19,43.0,excellent,21.0,43.0,29.0,6.0,0.59,34.0
杭州,2026-01-20,30.0,excellent,19.0,30.0,19.0,6.0,0.53,44.0
杭州,2026-01-21,50.0,excellent,33.0,50.0,19.0,6.0,0.6,51.0
杭州,2026-01-22,55.0,good,39.0,54.0,31.0,7.0,0.59,40.0
杭州,2026-01-23,72.0,good,53.0,72.0,46.0,7.0,0.64,28.0
杭州,2026-01-24,100.0,good,75.0,101.0,57.0,8.0,0.75,35.0
杭州,2026-01-25,124.0,lightly_polluted,94.0,121.0,55.0,8.0,0.8,36.0
杭州,2026-01-26,64.0,good,46.0,65.0,40.0,6.0,0.76,16.0
杭州,2026-01-27,51.0,good,36.0,49.0,24.0,6.0,0.73,49.0
杭州,2026-01-28,74.0,good,54.0,86.0,35.0,7.0,0.76,47.0
杭州,2026-01-29,50.0,excellent,26.0,50.0,35.0,7.0,0.55,40.0
杭州,2026-01-30,39.0,excellent,18.0,39.0,24.0,6.0,0.59,53.0
杭州,2026-01-31,31.0,excellent,16.0,23.0,25.0,6.0,0.6,37.0
杭州,2026-02-01,40.0,excellent,28.0,39.0,24.0,6.0,0.71,37.0
杭州,2026-02-02,60.0,good,43.0,66.0,31.0,6.0,0.74,39.0
杭州,2026-02-03,95.0,good,71.0,104.0,40.0,7.0,0.79,49.0
杭州,2026-02-04,92.0,good,69.0,95.0,53.0,7.0,0.76,34.0
杭州,2026-02-05,99.0,good,74.0,102.0,64.0,7.0,0.88,11.0
杭州,2026-02-06,62.0,good,45.0,63.0,31.0,6.0,0.71,49.0
杭州,2026-02-07,28.0,excellent,19.0,28.0,17.0,6.0,0.47,48.0
杭州,2026-02-08,45.0,excellent,30.0,45.0,17.0,6.0,0.52,55.0
杭州,2026-02-09,38.0,excellent,25.0,38.0,29.0,6.0,0.55,46.0
杭州,2026-02-10,50.0,excellent,35.0,49.0,30.0,6.0,0.63,35.0
杭州,2026-02-11,62.0,good,45.0,69.0,22.0,6.0,0.72,52.0
杭州,2026-02-12,81.0,good,60.0,96.0,27.0,7.0,0.75,66.0
杭州,2026-02-13,86.0,good,64.0,95.0,29.0,7.0,0.83,43.0
杭州,2026-02-14,52.0,good,35.0,53.0,18.0,6.0,0.81,36.0
杭州,2026-02-15,50.0,excellent,35.0,50.0,15.0,6.0,0.78,61.0
杭州,2026-02-16,48.0,excellent,19.0,32.0,9.0,6.0,0.52,75.0
杭州,2026-02-17,65.0,good,47.0,61.0,8.0,6.0,0.55,60.0
杭州,2026-02-18,56.0,good,40.0,50.0,7.0,6.0,0.48,57.0
杭州,2026-02-19,51.0,good,36.0,45.0,12.0,6.0,0.55,46.0
杭州,2026-02-20,32.0,excellent,21.0,32.0,9.0,6.0,0.56,50.0
杭州,2026-02-21,39.0,excellent,17.0,29.0,10.0,6.0,0.48,63.0
杭州,2026-02-22,67.0,good,33.0,84.0,12.0,7.0,0.58,66.0
杭州,2026-02-23,92.0,good,28.0,135.0,10.0,6.0,0.38,80.0
杭州,2026-02-24,39.0,excellent,14.0,39.0,10.0,6.0,0.46,61.0
杭州,2026-02-25,34.0,excellent,22.0,34.0,11.0,6.0,0.49,65.0
杭州,2026-02-26,34.0,excellent,19.0,34.0,18.0,6.0,0.59,36.0
杭州,2026-02-27,22.0,excellent,8.0,15.0,18.0,6.0,0.83,27.0
杭州,2026-02-28,36.0,excellent,20.0,36.0,19.0,6.0,0.54,64.0
杭州,2026-03-01,39.0,excellent,21.0,39.0,23.0,6.0,0.59,40.0
杭州,2026-03-02,28.0,excellent,4.0,11.0,13.0,6.0,0.63,50.0
杭州,2026-03-03,47.0,excellent,33.0,39.0,15.0,6.0,0.65,59.0
杭州,2026-03-04,37.0,excellent,24.0,37.0,18.0,6.0,0.53,60.0
杭州,2026-03-05,50.0,excellent,30.0,50.0,21.0,6.0,0.52,50.0
杭州,2026-03-06,65.0,good,47.0,64.0,20.0,6.0,0.74,57.0
杭州,2026-03-07,56.0,good,40.0,61.0,18.0,6.0,0.62,77.0
杭州,2026-03-08,48.0,excellent,26.0,45.0,20.0,7.0,0.45,81.0
杭州,2026-03-09,47.0,excellent,29.0,47.0,21.0,7.0,0.53,74.0
杭州,2026-03-10,58.0,good,41.0,61.0,26.0,7.0,0.55,74.0
杭州,2026-03-11,55.0,good,38.0,60.0,34.0,7.0,0.55,68.0
杭州,2026-03-12,48.0,excellent,28.0,47.0,25.0,7.0,0.51,69.0
杭州,2026-03-13,66.0,good,48.0,68.0,29.0,7.0,0.61,72.0
杭州,2026-03-14,68.0,good,49.0,72.0,34.0,8.0,0.64,77.0
杭州,2026-03-15,62.0,good,45.0,73.0,33.0,7.0,0.7,59.0
杭州,2026-03-16,52.0,good,29.0,53.0,23.0,7.0,0.58,65.0
杭州,2026-03-17,61.0,good,44.0,67.0,32.0,6.0,0.68,38.0
杭州,2026-03-18,38.0,excellent,25.0,38.0,29.0,6.0,0.89,22.0
杭州,2026-03-19,62.0,good,45.0,60.0,23.0,6.0,0.74,71.0
杭州,2026-03-20,76.0,good,56.0,78.0,28.0,7.0,0.65,71.0
杭州,2026-03-21,52.0,good,37.0,55.0,26.0,7.0,0.53,75.0
杭州,2026-03-22,60.0,good,43.0,68.0,33.0,7.0,0.72,41.0
杭州,2026-03-23,50.0,excellent,33.0,50.0,28.0,7.0,0.72,50.0
杭州,2026-03-24,47.0,excellent,29.0,47.0,28.0,7.0,0.59,54.0
杭州,2026-03-25,46.0,excellent,32.0,46.0,25.0,6.0,0.7,70.0
杭州,2026-03-26,90.0,good,67.0,98.0,44.0,7.0,0.74,51.0
杭州,2026-03-27,38.0,excellent,24.0,36.0,25.0,6.0,0.54,59.0
杭州,2026-03-28,44.0,excellent,28.0,44.0,30.0,7.0,0.58,60.0
杭州,2026-03-29,60.0,good,27.0,46.0,26.0,7.0,0.65,82.0
杭州,2026-03-30,43.0,excellent,28.0,43.0,22.0,6.0,0.78,51.0
杭州,2026-03-31,45.0,excellent,18.0,29.0,16.0,6.0,0.63,85.0
杭州,2026-04-01,59.0,good,12.0,21.0,21.0,6.0,0.55,90.0
杭州,2026-04-02,54.0,good,28.0,53.0,32.0,6.0,0.68,76.0
杭州,2026-04-03,46.0,excellent,20.0,32.0,25.0,6.0,0.6,63.0
杭州,2026-04-04,42.0,excellent,14.0,27.0,17.0,6.0,0.58,69.0
杭州,2026-04-05,63.0,good,31.0,76.0,26.0,7.0,0.65,56.0
杭州,2026-04-06,71.0,good,38.0,92.0,24.0,7.0,0.72,84.0
杭州,2026-04-07,68.0,good,24.0,58.0,13.0,7.0,0.51,100.0
杭州,2026-04-08,51.0,good,12.0,37.0,21.0,8.0,0.46,77.0
杭州,2026-04-09,42.0,excellent,14.0,31.0,16.0,6.0,0.58,64.0
杭州,2026-04-10,50.0,excellent,21.0,39.0,16.0,6.0,0.68,81.0
杭州,2026-04-11,55.0,good,39.0,59.0,21.0,6.0,0.76,77.0
杭州,2026-04-12,42.0,excellent,21.0,37.0,20.0,6.0,0.55,70.0
杭州,2026-04-13,44.0,excellent,28.0,44.0,22.0,6.0,0.61,46.0
杭州,2026-04-14,34.0,excellent,21.0,34.0,24.0,6.0,0.74,37.0
杭州,2026-04-15,50.0,excellent,33.0,50.0,25.0,6.0,0.88,67.0
杭州,2026-04-16,45.0,excellent,31.0,45.0,28.0,6.0,0.68,49.0
杭州,2026-04-17,58.0,good,41.0,55.0,20.0,6.0,0.75,66.0
杭州,2026-04-18,57.0,good,37.0,52.0,24.0,6.0,0.72,75.0
杭州,2026-04-19,72.0,good,31.0,46.0,29.0,6.0,0.68,89.0
杭州,2026-04-20,75.0,good,37.0,60.0,25.0,6.0,0.68,79.0
杭州,2026-04-21,51.0,good,23.0,52.0,20.0,6.0,0.51,56.0
杭州,2026-04-22,26.0,excellent,10.0,17.0,21.0,6.0,0.65,29.0
杭州,2026-04-23,32.0,excellent,6.0,14.0,19.0,6.0,0.54,57.0
杭州,2026-04-24,58.0,good,20.0,40.0,24.0,7.0,0.52,84.0
杭州,2026-04-25,83.0,good,39.0,65.0,36.0,7.0,0.6,96.0
杭州,2026-04-26,83.0,good,34.0,62.0,27.0,7.0,0.6,102.0
杭州,2026-04-27,78.0,good,42.0,72.0,32.0,7.0,0.68,87.0
杭州,2026-04-28,55.0,good,35.0,60.0,25.0,6.0,0.65,73.0
杭州,2026-04-29,41.0,excellent,8.0,13.0,15.0,6.0,0.47,77.0
杭州,2026-04-30,55.0,good,17.0,26.0,17.0,6.0,0.5,86.0
杭州,2026-05-01,60.0,good,21.0,36.0,22.0,7.0,0.51,86.0
杭州,2026-05-02,53.0,good,28.0,46.0,31.0,7.0,0.59,61.0
杭州,2026-05-03,40.0,excellent,19.0,29.0,12.0,6.0,0.55,71.0
杭州,2026-05-04,48.0,excellent,12.0,24.0,19.0,6.0,0.46,71.0
杭州,2026-05-05,57.0,good,18.0,39.0,20.0,7.0,0.46,83.0
杭州,2026-05-06,72.0,good,18.0,38.0,18.0,7.0,0.43,100.0
杭州,2026-05-07,68.0,good,30.0,55.0,24.0,7.0,0.59,79.0
杭州,2026-05-08,48.0,excellent,12.0,24.0,13.0,7.0,0.39,87.0
杭州,2026-05-09,58.0,good,12.0,29.0,20.0,7.0,0.37,85.0
杭州,2026-05-10,64.0,good,19.0,38.0,24.0,7.0,0.45,84.0
杭州,2026-05-11,65.0,good,20.0,37.0,20.0,7.0,0.56,83.0
杭州,2026-05-12,75.0,good,24.0,40.0,20.0,7.0,0.61,94.0
杭州,2026-05-13,84.0,good,36.0,58.0,26.0,7.0,0.67,98.0
杭州,2026-05-14,46.0,excellent,16.0,28.0,18.0,6.0,0.54,60.0
成都,2026-01-01,41.0,excellent,29.0,40.0,22.0,4.0,0.63,55.0
成都,2026-01-02,41.0,excellent,29.0,37.0,20.0,3.0,0.61,50.0
成都,2026-01-03,26.0,excellent,9.0,15.0,21.0,3.0,0.65,20.0
成都,2026-01-04,37.0,excellent,26.0,35.0,27.0,4.0,0.7,30.0
成都,2026-01-05,59.0,good,42.0,57.0,38.0,4.0,0.71,27.0
成都,2026-01-06,52.0,good,37.0,51.0,32.0,4.0,0.56,47.0
成都,2026-01-07,65.0,good,47.0,66.0,49.0,5.0,0.7,37.0
成都,2026-01-08,71.0,good,52.0,70.0,42.0,5.0,0.75,45.0
成都,2026-01-09,94.0,good,70.0,89.0,51.0,4.0,0.85,48.0
成都,2026-01-10,134.0,lightly_polluted,102.0,125.0,53.0,5.0,0.88,50.0
成都,2026-01-11,186.0,moderately_polluted,140.0,165.0,58.0,4.0,1.05,20.0
成都,2026-01-12,196.0,moderately_polluted,147.0,173.0,52.0,4.0,1.14,41.0
成都,2026-01-13,170.0,moderately_polluted,129.0,154.0,52.0,4.0,1.16,49.0
成都,2026-01-14,138.0,lightly_polluted,105.0,130.0,49.0,4.0,0.99,46.0
成都,2026-01-15,95.0,good,71.0,98.0,56.0,5.0,0.99,41.0
成都,2026-01-16,138.0,lightly_polluted,105.0,133.0,60.0,5.0,1.11,38.0
成都,2026-01-17,153.0,moderately_polluted,117.0,145.0,57.0,6.0,1.19,52.0
成都,2026-01-18,166.0,moderately_polluted,126.0,152.0,45.0,4.0,1.09,48.0
成都,2026-01-19,48.0,excellent,30.0,48.0,19.0,3.0,0.71,47.0
成都,2026-01-20,38.0,excellent,23.0,38.0,19.0,3.0,0.66,41.0
成都,2026-01-21,51.0,good,34.0,52.0,23.0,3.0,0.6,37.0
成都,2026-01-22,61.0,good,44.0,60.0,26.0,3.0,0.7,33.0
成都,2026-01-23,58.0,good,41.0,57.0,35.0,3.0,0.77,23.0
成都,2026-01-24,80.0,good,59.0,80.0,37.0,4.0,0.82,16.0
成都,2026-01-25,84.0,good,62.0,84.0,36.0,3.0,0.83,26.0
成都,2026-01-26,98.0,good,61.0,145.0,40.0,4.0,0.9,28.0
成都,2026-01-27,98.0,good,61.0,147.0,41.0,4.0,0.83,43.0
成都,2026-01-28,112.0,lightly_polluted,73.0,175.0,49.0,4.0,0.84,32.0
成都,2026-01-29,102.0,lightly_polluted,66.0,154.0,35.0,4.0,0.78,31.0
成都,2026-01-30,57.0,good,36.0,64.0,30.0,3.0,0.73,36.0
成都,2026-01-31,74.0,good,53.0,99.0,32.0,4.0,0.73,36.0
成都,2026-02-01,80.0,good,59.0,105.0,35.0,4.0,0.8,41.0
成都,2026-02-02,74.0,good,54.0,92.0,42.0,4.0,0.95,39.0
成都,2026-02-03,90.0,good,67.0,106.0,32.0,3.0,0.94,46.0
成都,2026-02-04,98.0,good,73.0,110.0,40.0,4.0,1.03,36.0
成都,2026-02-05,106.0,lightly_polluted,80.0,116.0,41.0,4.0,1.08,49.0
成都,2026-02-06,96.0,good,72.0,104.0,35.0,4.0,0.9,65.0
成都,2026-02-07,60.0,good,41.0,70.0,22.0,3.0,0.59,63.0
成都,2026-02-08,52.0,good,34.0,53.0,21.0,3.0,0.5,39.0
成都,2026-02-09,45.0,excellent,30.0,45.0,19.0,3.0,0.57,36.0
成都,2026-02-10,59.0,good,37.0,68.0,29.0,3.0,0.63,38.0
成都,2026-02-11,60.0,good,41.0,70.0,31.0,4.0,0.67,53.0
成都,2026-02-12,68.0,good,49.0,76.0,35.0,4.0,0.75,55.0
成都,2026-02-13,79.0,good,58.0,85.0,32.0,4.0,0.72,70.0
成都,2026-02-14,95.0,good,71.0,96.0,34.0,4.0,0.81,66.0
成都,2026-02-15,79.0,good,58.0,92.0,19.0,4.0,0.55,68.0
成都,2026-02-16,50.0,excellent,24.0,51.0,13.0,4.0,0.32,80.0
成都,2026-02-17,76.0,good,56.0,67.0,13.0,6.0,0.59,58.0
成都,2026-02-18,76.0,good,56.0,70.0,17.0,5.0,0.62,55.0
成都,2026-02-19,72.0,good,53.0,69.0,20.0,5.0,0.65,62.0
成都,2026-02-20,69.0,good,50.0,65.0,23.0,5.0,0.69,65.0
成都,2026-02-21,78.0,good,57.0,73.0,28.0,5.0,0.78,67.0
成都,2026-02-22,88.0,good,65.0,82.0,28.0,5.0,0.76,66.0
成都,2026-02-23,80.0,good,59.0,89.0,23.0,6.0,0.68,58.0
成都,2026-02-24,60.0,good,30.0,71.0,13.0,4.0,0.38,74.0
成都,2026-02-25,60.0,good,34.0,71.0,20.0,5.0,0.44,76.0
成都,2026-02-26,53.0,good,28.0,56.0,17.0,4.0,0.47,68.0
成都,2026-02-27,58.0,good,41.0,62.0,23.0,5.0,0.61,56.0
成都,2026-02-28,42.0,excellent,28.0,42.0,15.0,4.0,0.6,35.0
成都,2026-03-01,25.0,excellent,10.0,16.0,12.0,4.0,0.54,40.0
成都,2026-03-02,26.0,excellent,18.0,26.0,19.0,4.0,0.58,26.0
成都,2026-03-03,31.0,excellent,22.0,31.0,19.0,4.0,0.64,47.0
成都,2026-03-04,38.0,excellent,23.0,29.0,16.0,4.0,0.62,58.0
成都,2026-03-05,50.0,excellent,29.0,51.0,21.0,5.0,0.62,63.0
成都,2026-03-06,59.0,good,42.0,65.0,22.0,5.0,0.7,50.0
成都,2026-03-07,51.0,good,36.0,46.0,17.0,4.0,0.65,39.0
成都,2026-03-08,37.0,excellent,26.0,36.0,17.0,4.0,0.56,35.0
成都,2026-03-09,31.0,excellent,14.0,19.0,16.0,4.0,0.56,52.0
成都,2026-03-10,42.0,excellent,25.0,32.0,19.0,5.0,0.58,60.0
成都,2026-03-11,55.0,good,39.0,52.0,24.0,5.0,0.64,64.0
成都,2026-03-12,52.0,good,37.0,52.0,34.0,5.0,0.7,52.0
成都,2026-03-13,50.0,excellent,35.0,45.0,15.0,4.0,0.51,61.0
成都,2026-03-14,31.0,excellent,9.0,18.0,13.0,3.0,0.42,54.0
成都,2026-03-15,52.0,good,27.0,53.0,19.0,4.0,0.42,48.0
成都,2026-03-16,32.0,excellent,20.0,31.0,16.0,4.0,0.48,50.0
成都,2026-03-17,24.0,excellent,15.0,19.0,17.0,3.0,0.58,34.0
成都,2026-03-18,39.0,excellent,17.0,39.0,23.0,4.0,0.48,48.0
成都,2026-03-19,54.0,good,28.0,57.0,29.0,4.0,0.48,41.0
成都,2026-03-20,52.0,good,31.0,55.0,22.0,4.0,0.48,63.0
成都,2026-03-21,52.0,good,35.0,55.0,20.0,4.0,0.56,75.0
成都,2026-03-22,52.0,good,36.0,55.0,23.0,4.0,0.61,60.0
成都,2026-03-23,49.0,excellent,22.0,49.0,22.0,5.0,0.55,49.0
成都,2026-03-24,54.0,good,31.0,58.0,23.0,4.0,0.55,60.0
成都,2026-03-25,52.0,good,33.0,54.0,26.0,4.0,0.6,57.0
成都,2026-03-26,50.0,excellent,20.0,39.0,21.0,4.0,0.52,75.0
成都,2026-03-27,51.0,good,31.0,52.0,30.0,5.0,0.61,56.0
成都,2026-03-28,48.0,excellent,27.0,40.0,17.0,4.0,0.54,75.0
成都,2026-03-29,43.0,excellent,30.0,39.0,20.0,4.0,0.61,44.0
成都,2026-03-30,36.0,excellent,10.0,20.0,19.0,4.0,0.48,59.0
成都,2026-03-31,42.0,excellent,12.0,21.0,19.0,4.0,0.45,67.0
成都,2026-04-01,52.0,good,20.0,33.0,24.0,5.0,0.51,73.0
成都,2026-04-02,48.0,excellent,25.0,34.0,17.0,4.0,0.51,72.0
成都,2026-04-03,53.0,good,29.0,56.0,23.0,4.0,0.54,52.0
成都,2026-04-04,69.0,good,35.0,88.0,27.0,5.0,0.56,73.0
成都,2026-04-05,75.0,good,43.0,100.0,27.0,6.0,0.56,75.0
成都,2026-04-06,46.0,excellent,28.0,46.0,18.0,4.0,0.52,51.0
成都,2026-04-07,34.0,excellent,16.0,27.0,14.0,4.0,0.43,57.0
成都,2026-04-08,38.0,excellent,18.0,26.0,17.0,4.0,0.43,53.0
成都,2026-04-09,48.0,excellent,24.0,40.0,23.0,4.0,0.54,68.0
成都,2026-04-10,42.0,excellent,22.0,42.0,24.0,5.0,0.56,57.0
成都,2026-04-11,49.0,excellent,19.0,32.0,14.0,4.0,0.45,70.0
成都,2026-04-12,37.0,excellent,26.0,35.0,19.0,4.0,0.49,52.0
成都,2026-04-13,36.0,excellent,21.0,33.0,21.0,4.0,0.54,50.0
成都,2026-04-14,42.0,excellent,19.0,31.0,15.0,4.0,0.46,69.0
成都,2026-04-15,48.0,excellent,22.0,35.0,16.0,4.0,0.45,71.0
成都,2026-04-16,44.0,excellent,23.0,40.0,18.0,4.0,0.49,65.0
成都,2026-04-17,48.0,excellent,16.0,30.0,14.0,5.0,0.41,77.0
成都,2026-04-18,67.0,good,29.0,50.0,26.0,5.0,0.55,86.0
成都,2026-04-19,82.0,good,52.0,114.0,24.0,6.0,0.61,77.0
成都,2026-04-20,120.0,lightly_polluted,67.0,191.0,12.0,4.0,0.32,78.0
成都,2026-04-21,36.0,excellent,11.0,21.0,10.0,4.0,0.42,56.0
成都,2026-04-22,38.0,excellent,21.0,33.0,20.0,4.0,0.49,54.0
成都,2026-04-23,48.0,excellent,24.0,47.0,21.0,5.0,0.54,69.0
成都,2026-04-24,76.0,good,33.0,54.0,23.0,5.0,0.58,102.0
成都,2026-04-25,80.0,good,48.0,70.0,27.0,6.0,0.68,94.0
成都,2026-04-26,61.0,good,44.0,68.0,21.0,6.0,0.63,89.0
成都,2026-04-27,53.0,good,36.0,56.0,21.0,5.0,0.64,62.0
成都,2026-04-28,46.0,excellent,10.0,22.0,12.0,4.0,0.51,76.0
成都,2026-04-29,42.0,excellent,15.0,26.0,18.0,4.0,0.54,67.0
成都,2026-04-30,47.0,excellent,33.0,44.0,17.0,5.0,0.62,75.0
成都,2026-05-01,45.0,excellent,31.0,45.0,15.0,4.0,0.57,67.0
成都,2026-05-02,42.0,excellent,19.0,32.0,12.0,4.0,0.52,67.0
成都,2026-05-03,48.0,excellent,15.0,29.0,11.0,4.0,0.45,82.0
成都,2026-05-04,58.0,good,23.0,41.0,15.0,5.0,0.5,87.0
成都,2026-05-05,78.0,good,35.0,52.0,22.0,6.0,0.62,100.0
成都,2026-05-06,64.0,good,46.0,66.0,20.0,6.0,0.64,85.0
成都,2026-05-07,56.0,good,25.0,61.0,14.0,5.0,0.44,88.0
成都,2026-05-08,54.0,good,23.0,42.0,15.0,5.0,0.43,83.0
成都,2026-05-09,65.0,good,32.0,48.0,16.0,5.0,0.49,100.0
成都,2026-05-10,86.0,good,34.0,53.0,21.0,5.0,0.55,110.0
成都,2026-05-11,83.0,good,40.0,58.0,22.0,6.0,0.6,109.0
成都,2026-05-12,78.0,good,40.0,60.0,19.0,6.0,0.56,99.0
成都,2026-05-13,71.0,good,34.0,49.0,14.0,5.0,0.53,105.0
成都,2026-05-14,75.0,good,55.0,78.0,30.0,6.0,0.63,69.0
武汉,2026-01-01,31.0,excellent,22.0,20.0,12.0,5.0,0.6,39.0
武汉,2026-01-02,55.0,good,39.0,38.0,16.0,6.0,0.76,51.0
武汉,2026-01-03,70.0,good,51.0,53.0,27.0,6.0,0.76,39.0
武汉,2026-01-04,75.0,good,55.0,54.0,26.0,5.0,0.78,29.0
武汉,2026-01-05,78.0,good,57.0,59.0,26.0,6.0,0.83,33.0
武汉,2026-01-06,54.0,good,38.0,48.0,35.0,6.0,0.73,38.0
武汉,2026-01-07,66.0,good,43.0,54.0,53.0,7.0,0.75,34.0
武汉,2026-01-08,68.0,good,43.0,62.0,54.0,7.0,0.8,35.0
武汉,2026-01-09,70.0,good,49.0,65.0,56.0,7.0,0.79,39.0
武汉,2026-01-10,69.0,good,50.0,88.0,49.0,7.0,0.86,36.0
武汉,2026-01-11,70.0,good,32.0,89.0,27.0,8.0,0.7,50.0
武汉,2026-01-12,62.0,good,42.0,73.0,35.0,7.0,0.73,52.0
武汉,2026-01-13,86.0,good,64.0,86.0,55.0,8.0,1.0,44.0
武汉,2026-01-14,85.0,good,63.0,84.0,57.0,9.0,1.07,40.0
武汉,2026-01-15,114.0,lightly_polluted,86.0,104.0,53.0,7.0,0.91,45.0
武汉,2026-01-16,120.0,lightly_polluted,91.0,117.0,65.0,10.0,1.34,44.0
武汉,2026-01-17,157.0,moderately_polluted,120.0,156.0,35.0,8.0,1.14,31.0
武汉,2026-01-18,130.0,lightly_polluted,99.0,148.0,33.0,7.0,1.16,8.0
武汉,2026-01-19,21.0,excellent,9.0,13.0,17.0,4.0,0.77,20.0
武汉,2026-01-20,52.0,good,37.0,36.0,11.0,5.0,0.76,49.0
武汉,2026-01-21,51.0,good,36.0,39.0,16.0,6.0,0.77,62.0
武汉,2026-01-22,82.0,good,61.0,60.0,29.0,7.0,1.0,62.0
武汉,2026-01-23,91.0,good,68.0,71.0,45.0,6.0,0.91,43.0
武汉,2026-01-24,98.0,good,73.0,80.0,52.0,6.0,1.09,37.0
武汉,2026-01-25,76.0,good,56.0,57.0,27.0,6.0,0.97,36.0
武汉,2026-01-26,131.0,lightly_polluted,100.0,91.0,31.0,4.0,1.1,24.0
武汉,2026-01-27,82.0,good,61.0,71.0,27.0,5.0,0.95,47.0
武汉,2026-01-28,72.0,good,53.0,74.0,39.0,5.0,1.04,33.0
武汉,2026-01-29,52.0,good,37.0,49.0,29.0,5.0,0.88,29.0
武汉,2026-01-30,26.0,excellent,18.0,17.0,19.0,4.0,0.6,42.0
武汉,2026-01-31,40.0,excellent,28.0,26.0,18.0,5.0,0.58,43.0
武汉,2026-02-01,50.0,excellent,35.0,37.0,30.0,4.0,0.66,40.0
武汉,2026-02-02,74.0,good,54.0,66.0,52.0,6.0,1.0,32.0
武汉,2026-02-03,81.0,good,60.0,85.0,49.0,6.0,0.91,35.0
武汉,2026-02-04,86.0,good,64.0,85.0,49.0,6.0,1.03,23.0
武汉,2026-02-05,92.0,good,69.0,92.0,52.0,6.0,1.01,14.0
武汉,2026-02-06,106.0,lightly_polluted,80.0,95.0,28.0,5.0,0.84,33.0
武汉,2026-02-07,50.0,excellent,35.0,48.0,14.0,5.0,0.43,54.0
武汉,2026-02-08,69.0,good,50.0,62.0,22.0,7.0,0.63,56.0
武汉,2026-02-09,54.0,good,38.0,44.0,21.0,6.0,0.62,59.0
武汉,2026-02-10,70.0,good,51.0,51.0,23.0,5.0,0.68,40.0
武汉,2026-02-11,95.0,good,71.0,82.0,46.0,6.0,1.02,28.0
武汉,2026-02-12,111.0,lightly_polluted,84.0,115.0,48.0,7.0,1.23,44.0
武汉,2026-02-13,76.0,good,56.0,80.0,34.0,6.0,0.9,52.0
武汉,2026-02-14,75.0,good,55.0,67.0,35.0,6.0,1.0,47.0
武汉,2026-02-15,94.0,good,70.0,85.0,20.0,6.0,1.12,61.0
武汉,2026-02-16,36.0,excellent,20.0,22.0,8.0,4.0,0.58,60.0
武汉,2026-02-17,81.0,good,60.0,53.0,11.0,5.0,0.7,48.0
武汉,2026-02-18,86.0,good,64.0,59.0,15.0,6.0,0.86,55.0
武汉,2026-02-19,95.0,good,71.0,68.0,21.0,6.0,0.84,58.0
武汉,2026-02-20,65.0,good,47.0,49.0,13.0,5.0,0.74,62.0
武汉,2026-02-21,51.0,good,36.0,42.0,22.0,6.0,0.95,53.0
武汉,2026-02-22,77.0,good,52.0,104.0,27.0,7.0,0.95,54.0
武汉,2026-02-23,88.0,good,49.0,126.0,22.0,7.0,0.85,49.0
武汉,2026-02-24,34.0,excellent,24.0,29.0,10.0,4.0,0.55,53.0
武汉,2026-02-25,33.0,excellent,23.0,27.0,14.0,5.0,0.67,42.0
武汉,2026-02-26,22.0,excellent,15.0,17.0,12.0,5.0,0.71,38.0
武汉,2026-02-27,46.0,excellent,32.0,31.0,13.0,5.0,0.7,49.0
武汉,2026-02-28,46.0,excellent,32.0,36.0,20.0,6.0,0.82,28.0
武汉,2026-03-01,26.0,excellent,18.0,18.0,14.0,4.0,0.68,37.0
武汉,2026-03-02,33.0,excellent,23.0,20.0,15.0,5.0,0.78,37.0
武汉,2026-03-03,56.0,good,40.0,35.0,15.0,5.0,0.76,52.0
武汉,2026-03-04,85.0,good,63.0,60.0,26.0,6.0,0.8,46.0
武汉,2026-03-05,79.0,good,58.0,61.0,24.0,6.0,0.79,55.0
武汉,2026-03-06,71.0,good,52.0,61.0,31.0,8.0,0.87,41.0
武汉,2026-03-07,85.0,good,63.0,71.0,19.0,7.0,0.83,67.0
武汉,2026-03-08,70.0,good,51.0,57.0,29.0,7.0,0.83,56.0
武汉,2026-03-09,75.0,good,55.0,62.0,20.0,7.0,0.65,91.0
武汉,2026-03-10,78.0,good,57.0,66.0,29.0,6.0,0.68,86.0
武汉,2026-03-11,69.0,good,50.0,65.0,30.0,6.0,0.71,75.0
武汉,2026-03-12,71.0,good,52.0,65.0,18.0,7.0,0.67,97.0
武汉,2026-03-13,74.0,good,42.0,52.0,20.0,8.0,0.53,116.0
武汉,2026-03-14,75.0,good,51.0,65.0,30.0,10.0,0.79,101.0
武汉,2026-03-15,86.0,good,64.0,70.0,18.0,5.0,0.85,53.0
武汉,2026-03-16,26.0,excellent,18.0,20.0,19.0,5.0,0.79,44.0
武汉,2026-03-17,28.0,excellent,16.0,19.0,22.0,5.0,0.73,30.0
武汉,2026-03-18,34.0,excellent,24.0,29.0,25.0,6.0,0.8,39.0
武汉,2026-03-19,74.0,good,54.0,71.0,29.0,7.0,0.87,59.0
武汉,2026-03-20,79.0,good,58.0,86.0,50.0,7.0,0.92,30.0
武汉,2026-03-21,79.0,good,58.0,79.0,39.0,7.0,1.08,54.0
武汉,2026-03-22,64.0,good,46.0,73.0,49.0,7.0,0.86,48.0
武汉,2026-03-23,72.0,good,53.0,85.0,41.0,6.0,1.05,38.0
武汉,2026-03-24,76.0,good,56.0,83.0,28.0,6.0,0.7,71.0
武汉,2026-03-25,79.0,good,58.0,88.0,32.0,6.0,0.73,62.0
武汉,2026-03-26,78.0,good,57.0,85.0,42.0,7.0,0.84,52.0
武汉,2026-03-27,65.0,good,47.0,71.0,28.0,7.0,0.67,81.0
武汉,2026-03-28,78.0,good,48.0,67.0,32.0,7.0,0.69,97.0
武汉,2026-03-29,62.0,good,45.0,66.0,29.0,7.0,0.64,83.0
武汉,2026-03-30,60.0,good,22.0,27.0,12.0,6.0,0.57,105.0
武汉,2026-03-31,61.0,good,41.0,55.0,18.0,6.0,0.6,88.0
武汉,2026-04-01,65.0,good,37.0,51.0,26.0,6.0,0.58,90.0
武汉,2026-04-02,50.0,excellent,35.0,51.0,24.0,8.0,0.74,80.0
武汉,2026-04-03,42.0,excellent,21.0,31.0,14.0,6.0,0.6,70.0
武汉,2026-04-04,56.0,good,32.0,61.0,25.0,8.0,0.59,69.0
武汉,2026-04-05,70.0,good,46.0,91.0,33.0,10.0,1.03,49.0
武汉,2026-04-06,86.0,good,64.0,115.0,46.0,9.0,1.08,31.0
武汉,2026-04-07,75.0,good,51.0,100.0,26.0,9.0,0.83,87.0
武汉,2026-04-08,52.0,good,26.0,52.0,17.0,9.0,0.65,82.0
武汉,2026-04-09,34.0,excellent,14.0,21.0,18.0,6.0,0.78,41.0
武汉,2026-04-10,45.0,excellent,29.0,45.0,24.0,6.0,1.01,56.0
武汉,2026-04-11,52.0,good,33.0,54.0,25.0,6.0,0.86,47.0
武汉,2026-04-12,48.0,excellent,28.0,43.0,16.0,6.0,0.63,82.0
武汉,2026-04-13,42.0,excellent,23.0,35.0,16.0,6.0,0.67,67.0
武汉,2026-04-14,33.0,excellent,13.0,19.0,15.0,4.0,0.43,55.0
武汉,2026-04-15,34.0,excellent,20.0,33.0,27.0,5.0,0.57,49.0
武汉,2026-04-16,44.0,excellent,27.0,43.0,35.0,5.0,0.73,37.0
武汉,2026-04-17,54.0,good,37.0,58.0,29.0,5.0,0.73,69.0
武汉,2026-04-18,64.0,good,46.0,67.0,37.0,5.0,0.73,74.0
武汉,2026-04-19,71.0,good,40.0,61.0,26.0,6.0,0.82,96.0
武汉,2026-04-20,58.0,good,31.0,67.0,12.0,6.0,0.49,75.0
武汉,2026-04-21,32.0,excellent,17.0,30.0,14.0,6.0,0.55,50.0
武汉,2026-04-22,34.0,excellent,11.0,14.0,10.0,4.0,0.38,64.0
武汉,2026-04-23,36.0,excellent,13.0,18.0,14.0,4.0,0.42,61.0
武汉,2026-04-24,42.0,excellent,20.0,29.0,27.0,5.0,0.5,59.0
武汉,2026-04-25,48.0,excellent,30.0,42.0,36.0,5.0,0.7,63.0
武汉,2026-04-26,54.0,good,31.0,51.0,33.0,6.0,0.7,76.0
武汉,2026-04-27,62.0,good,45.0,69.0,40.0,6.0,0.9,45.0
武汉,2026-04-28,48.0,excellent,14.0,19.0,8.0,4.0,0.5,89.0
武汉,2026-04-29,48.0,excellent,13.0,18.0,14.0,4.0,0.36,83.0
武汉,2026-04-30,61.0,good,23.0,30.0,23.0,5.0,0.42,89.0
武汉,2026-05-01,68.0,good,23.0,35.0,26.0,7.0,0.63,96.0
武汉,2026-05-02,46.0,excellent,21.0,28.0,20.0,5.0,0.61,69.0
武汉,2026-05-03,45.0,excellent,20.0,28.0,15.0,5.0,0.47,73.0
武汉,2026-05-04,56.0,good,18.0,30.0,28.0,6.0,0.4,79.0
武汉,2026-05-05,56.0,good,23.0,38.0,28.0,7.0,0.53,81.0
武汉,2026-05-06,60.0,good,26.0,38.0,15.0,6.0,0.53,97.0
武汉,2026-05-07,50.0,excellent,35.0,50.0,14.0,5.0,0.7,81.0
武汉,2026-05-08,61.0,good,21.0,40.0,18.0,7.0,0.55,100.0
武汉,2026-05-09,70.0,good,30.0,44.0,25.0,6.0,0.53,101.0
武汉,2026-05-10,69.0,good,27.0,40.0,28.0,6.0,0.56,88.0
武汉,2026-05-11,58.0,good,31.0,42.0,25.0,6.0,0.63,82.0
武汉,2026-05-12,62.0,good,45.0,60.0,40.0,7.0,0.8,56.0
武汉,2026-05-13,44.0,excellent,28.0,38.0,21.0,5.0,0.59,66.0
武汉,2026-05-14,43.0,excellent,26.0,41.0,22.0,5.0,0.75,65.0
沈阳,2026-01-01,61.0,good,44.0,62.0,33.0,11.0,0.95,21.0
沈阳,2026-01-02,95.0,good,71.0,94.0,50.0,15.0,1.24,14.0
沈阳,2026-01-03,104.0,lightly_polluted,78.0,108.0,60.0,19.0,1.79,13.0
沈阳,2026-01-04,135.0,lightly_polluted,103.0,131.0,67.0,17.0,1.88,15.0
沈阳,2026-01-05,88.0,good,65.0,85.0,59.0,13.0,1.16,20.0
沈阳,2026-01-06,75.0,good,55.0,84.0,53.0,19.0,1.55,25.0
沈阳,2026-01-07,48.0,excellent,16.0,48.0,19.0,8.0,0.45,52.0
沈阳,2026-01-08,52.0,good,25.0,53.0,34.0,12.0,0.75,33.0
沈阳,2026-01-09,69.0,good,50.0,78.0,41.0,12.0,1.09,32.0
沈阳,2026-01-10,49.0,excellent,30.0,49.0,23.0,9.0,0.5,44.0
沈阳,2026-01-11,28.0,excellent,16.0,26.0,22.0,10.0,0.5,42.0
沈阳,2026-01-12,38.0,excellent,21.0,38.0,25.0,11.0,0.66,46.0
沈阳,2026-01-13,30.0,excellent,16.0,29.0,21.0,9.0,0.49,46.0
沈阳,2026-01-14,54.0,good,34.0,55.0,43.0,13.0,1.28,25.0
沈阳,2026-01-15,68.0,good,49.0,63.0,35.0,10.0,0.95,34.0
沈阳,2026-01-16,58.0,good,41.0,53.0,36.0,12.0,0.7,35.0
沈阳,2026-01-17,39.0,excellent,21.0,31.0,31.0,12.0,0.57,40.0
沈阳,2026-01-18,48.0,excellent,33.0,43.0,38.0,13.0,0.65,30.0
沈阳,2026-01-19,33.0,excellent,17.0,33.0,23.0,10.0,0.52,43.0
沈阳,2026-01-20,50.0,excellent,28.0,50.0,35.0,10.0,0.76,29.0
沈阳,2026-01-21,52.0,good,35.0,53.0,39.0,10.0,0.86,29.0
沈阳,2026-01-22,55.0,good,35.0,60.0,43.0,12.0,0.94,29.0
沈阳,2026-01-23,64.0,good,45.0,73.0,51.0,17.0,1.28,25.0
沈阳,2026-01-24,52.0,good,29.0,48.0,42.0,11.0,0.86,35.0
沈阳,2026-01-25,52.0,good,35.0,50.0,42.0,14.0,0.9,32.0
沈阳,2026-01-26,118.0,lightly_polluted,89.0,107.0,65.0,17.0,1.59,16.0
沈阳,2026-01-27,41.0,excellent,16.0,41.0,30.0,11.0,0.64,50.0
沈阳,2026-01-28,54.0,good,34.0,53.0,43.0,13.0,0.87,36.0
沈阳,2026-01-29,78.0,good,57.0,75.0,47.0,10.0,1.18,32.0
沈阳,2026-01-30,98.0,good,73.0,94.0,62.0,14.0,1.31,20.0
沈阳,2026-01-31,99.0,good,74.0,99.0,57.0,16.0,1.49,29.0
沈阳,2026-02-01,100.0,good,75.0,98.0,59.0,17.0,1.32,28.0
沈阳,2026-02-02,51.0,good,26.0,52.0,37.0,14.0,0.73,46.0
沈阳,2026-02-03,68.0,good,49.0,82.0,38.0,17.0,1.33,55.0
沈阳,2026-02-04,136.0,lightly_polluted,104.0,131.0,56.0,17.0,1.33,38.0
沈阳,2026-02-05,100.0,good,43.0,151.0,24.0,11.0,0.7,59.0
沈阳,2026-02-06,49.0,excellent,6.0,49.0,12.0,9.0,0.49,67.0
沈阳,2026-02-07,47.0,excellent,25.0,47.0,29.0,11.0,0.67,43.0
沈阳,2026-02-08,60.0,good,43.0,66.0,41.0,15.0,1.0,36.0
沈阳,2026-02-09,62.0,good,42.0,75.0,31.0,16.0,1.07,59.0
沈阳,2026-02-10,91.0,good,68.0,95.0,30.0,14.0,0.93,61.0
沈阳,2026-02-11,89.0,good,66.0,91.0,46.0,16.0,1.11,43.0
沈阳,2026-02-12,120.0,lightly_polluted,91.0,118.0,52.0,22.0,1.61,49.0
沈阳,2026-02-13,146.0,lightly_polluted,112.0,148.0,45.0,18.0,1.61,71.0
沈阳,2026-02-14,77.0,good,55.0,104.0,19.0,12.0,0.87,94.0
沈阳,2026-02-15,58.0,good,7.0,65.0,13.0,9.0,0.45,73.0
沈阳,2026-02-16,49.0,excellent,22.0,49.0,15.0,14.0,0.56,66.0
沈阳,2026-02-17,151.0,moderately_polluted,116.0,133.0,20.0,26.0,1.07,62.0
沈阳,2026-02-18,40.0,excellent,22.0,36.0,11.0,10.0,0.52,69.0
沈阳,2026-02-19,55.0,good,33.0,60.0,15.0,15.0,0.88,84.0
沈阳,2026-02-20,65.0,good,47.0,73.0,13.0,11.0,0.79,100.0
沈阳,2026-02-21,74.0,good,54.0,88.0,14.0,12.0,0.86,93.0
沈阳,2026-02-22,104.0,lightly_polluted,12.0,159.0,6.0,8.0,0.43,75.0
沈阳,2026-02-23,52.0,good,10.0,54.0,10.0,10.0,0.47,74.0
沈阳,2026-02-24,62.0,good,44.0,73.0,30.0,13.0,0.86,58.0
沈阳,2026-02-25,84.0,good,55.0,117.0,22.0,11.0,0.94,71.0
沈阳,2026-02-26,70.0,good,41.0,90.0,20.0,10.0,0.7,61.0
沈阳,2026-02-27,121.0,lightly_polluted,92.0,116.0,27.0,12.0,0.83,64.0
沈阳,2026-02-28,80.0,good,59.0,88.0,22.0,9.0,0.73,56.0
沈阳,2026-03-01,157.0,moderately_polluted,120.0,134.0,35.0,13.0,1.03,42.0
沈阳,2026-03-02,206.0,heavily_polluted,156.0,185.0,44.0,15.0,1.25,48.0
沈阳,2026-03-03,222.0,heavily_polluted,172.0,206.0,54.0,13.0,1.33,26.0
沈阳,2026-03-04,105.0,lightly_polluted,79.0,93.0,33.0,10.0,0.81,55.0
沈阳,2026-03-05,50.0,excellent,35.0,49.0,29.0,10.0,0.65,54.0
沈阳,2026-03-06,37.0,excellent,16.0,32.0,16.0,9.0,0.5,65.0
沈阳,2026-03-07,46.0,excellent,26.0,40.0,37.0,12.0,0.62,50.0
沈阳,2026-03-08,110.0,lightly_polluted,83.0,105.0,46.0,14.0,1.17,52.0
沈阳,2026-03-09,53.0,good,31.0,56.0,26.0,10.0,0.64,69.0
沈阳,2026-03-10,82.0,good,61.0,93.0,42.0,13.0,1.04,60.0
沈阳,2026-03-11,71.0,good,52.0,78.0,38.0,12.0,0.89,67.0
沈阳,2026-03-12,84.0,good,62.0,87.0,43.0,11.0,0.79,56.0
沈阳,2026-03-13,95.0,good,71.0,105.0,40.0,13.0,1.04,67.0
沈阳,2026-03-14,134.0,lightly_polluted,102.0,119.0,25.0,12.0,0.72,97.0
沈阳,2026-03-15,255.0,heavily_polluted,205.0,221.0,58.0,17.0,1.35,82.0
沈阳,2026-03-16,116.0,lightly_polluted,88.0,114.0,54.0,14.0,0.9,55.0
沈阳,2026-03-17,170.0,moderately_polluted,129.0,170.0,52.0,18.0,1.38,81.0
沈阳,2026-03-18,49.0,excellent,15.0,49.0,18.0,8.0,0.48,77.0
沈阳,2026-03-19,51.0,good,26.0,52.0,22.0,11.0,0.67,65.0
沈阳,2026-03-20,54.0,good,37.0,57.0,28.0,8.0,0.53,73.0
沈阳,2026-03-21,106.0,lightly_polluted,80.0,113.0,36.0,13.0,1.02,85.0
沈阳,2026-03-22,115.0,lightly_polluted,87.0,116.0,35.0,11.0,1.01,66.0
沈阳,2026-03-23,102.0,lightly_polluted,77.0,122.0,37.0,9.0,1.29,54.0
沈阳,2026-03-24,84.0,good,62.0,91.0,39.0,11.0,1.05,77.0
沈阳,2026-03-25,82.0,good,61.0,94.0,29.0,10.0,0.75,100.0
沈阳,2026-03-26,156.0,moderately_polluted,119.0,159.0,47.0,14.0,1.14,74.0
沈阳,2026-03-27,64.0,good,44.0,77.0,29.0,10.0,0.6,76.0
沈阳,2026-03-28,105.0,lightly_polluted,79.0,113.0,45.0,17.0,1.1,79.0
沈阳,2026-03-29,56.0,good,33.0,62.0,26.0,11.0,0.77,69.0
沈阳,2026-03-30,38.0,excellent,16.0,33.0,25.0,8.0,0.57,58.0
沈阳,2026-03-31,54.0,good,38.0,56.0,39.0,11.0,0.68,75.0
沈阳,2026-04-01,72.0,good,29.0,93.0,21.0,10.0,0.68,77.0
沈阳,2026-04-02,78.0,good,57.0,95.0,35.0,11.0,0.8,75.0
沈阳,2026-04-03,70.0,good,51.0,86.0,25.0,11.0,0.88,86.0
沈阳,2026-04-04,46.0,excellent,25.0,41.0,18.0,7.0,0.53,77.0
沈阳,2026-04-05,47.0,excellent,28.0,47.0,23.0,10.0,0.72,70.0
沈阳,2026-04-06,42.0,excellent,10.0,37.0,14.0,7.0,0.46,71.0
沈阳,2026-04-07,42.0,excellent,14.0,39.0,16.0,8.0,0.47,73.0
沈阳,2026-04-08,62.0,good,28.0,67.0,18.0,11.0,0.75,97.0
沈阳,2026-04-09,52.0,good,25.0,52.0,25.0,9.0,0.69,85.0
沈阳,2026-04-10,58.0,good,41.0,56.0,24.0,8.0,0.61,62.0
沈阳,2026-04-11,46.0,excellent,3.0,39.0,18.0,7.0,0.34,75.0
沈阳,2026-04-12,64.0,good,26.0,76.0,21.0,10.0,0.64,95.0
沈阳,2026-04-13,54.0,good,18.0,59.0,18.0,7.0,0.42,79.0
沈阳,2026-04-14,95.0,good,71.0,92.0,34.0,10.0,0.69,71.0
沈阳,2026-04-15,79.0,good,58.0,80.0,30.0,9.0,0.91,79.0
沈阳,2026-04-16,88.0,good,51.0,91.0,25.0,14.0,0.95,109.0
沈阳,2026-04-17,65.0,good,34.0,55.0,19.0,10.0,0.7,100.0
沈阳,2026-04-18,100.0,good,75.0,94.0,32.0,12.0,1.07,85.0
沈阳,2026-04-19,86.0,good,37.0,89.0,17.0,12.0,0.7,118.0
沈阳,2026-04-20,103.0,lightly_polluted,20.0,156.0,12.0,6.0,0.38,79.0
沈阳,2026-04-21,82.0,good,28.0,113.0,22.0,10.0,0.7,76.0
沈阳,2026-04-22,53.0,good,19.0,56.0,20.0,6.0,0.46,81.0
沈阳,2026-04-23,50.0,excellent,22.0,51.0,30.0,9.0,0.74,76.0
沈阳,2026-04-24,72.0,good,36.0,82.0,25.0,15.0,0.84,113.0
沈阳,2026-04-25,87.0,good,34.0,81.0,24.0,14.0,0.8,116.0
沈阳,2026-04-26,60.0,good,19.0,41.0,17.0,7.0,0.52,88.0
沈阳,2026-04-27,39.0,excellent,15.0,34.0,26.0,7.0,0.65,58.0
沈阳,2026-04-28,48.0,excellent,9.0,26.0,21.0,6.0,0.42,73.0
沈阳,2026-04-29,46.0,excellent,19.0,40.0,26.0,16.0,0.73,73.0
沈阳,2026-04-30,62.0,good,20.0,45.0,27.0,16.0,0.88,93.0
沈阳,2026-05-01,64.0,good,25.0,52.0,23.0,11.0,0.65,91.0
沈阳,2026-05-02,52.0,good,21.0,54.0,34.0,14.0,0.74,59.0
沈阳,2026-05-03,47.0,excellent,5.0,24.0,11.0,7.0,0.38,81.0
沈阳,2026-05-04,47.0,excellent,16.0,47.0,23.0,12.0,0.56,73.0
沈阳,2026-05-05,79.0,good,15.0,74.0,11.0,11.0,0.5,124.0
沈阳,2026-05-06,54.0,good,16.0,40.0,15.0,8.0,0.58,86.0
沈阳,2026-05-07,40.0,excellent,9.0,24.0,17.0,7.0,0.46,69.0
沈阳,2026-05-08,41.0,excellent,11.0,31.0,30.0,8.0,0.46,60.0
沈阳,2026-05-09,57.0,good,15.0,41.0,25.0,12.0,0.73,87.0
沈阳,2026-05-10,68.0,good,17.0,43.0,19.0,8.0,0.68,101.0
沈阳,2026-05-11,82.0,good,19.0,39.0,17.0,11.0,0.75,118.0
沈阳,2026-05-12,86.0,good,23.0,51.0,19.0,13.0,0.8,110.0
沈阳,2026-05-13,85.0,good,18.0,43.0,16.0,12.0,0.77,120.0
沈阳,2026-05-14,81.0,good,14.0,41.0,18.0,9.0,0.65,116.0
汕头,2026-01-01,46.0,excellent,18.0,31.0,13.0,7.0,0.57,75.0
汕头,2026-01-02,38.0,excellent,14.0,25.0,12.0,7.0,0.63,63.0
汕头,2026-01-03,43.0,excellent,21.0,34.0,14.0,8.0,0.6,72.0
汕头,2026-01-04,55.0,good,28.0,47.0,20.0,9.0,0.68,84.0
汕头,2026-01-05,52.0,good,33.0,54.0,25.0,9.0,0.77,64.0
汕头,2026-01-06,33.0,excellent,18.0,29.0,14.0,7.0,0.58,54.0
汕头,2026-01-07,44.0,excellent,27.0,38.0,16.0,10.0,0.57,81.0
汕头,2026-01-08,49.0,excellent,29.0,49.0,23.0,9.0,0.61,78.0
汕头,2026-01-09,62.0,good,28.0,50.0,19.0,10.0,0.51,99.0
汕头,2026-01-10,71.0,good,37.0,61.0,27.0,11.0,0.64,91.0
汕头,2026-01-11,67.0,good,35.0,66.0,24.0,11.0,0.63,92.0
汕头,2026-01-12,58.0,good,24.0,67.0,19.0,9.0,0.6,87.0
汕头,2026-01-13,64.0,good,45.0,79.0,34.0,11.0,0.85,80.0
汕头,2026-01-14,66.0,good,32.0,53.0,21.0,9.0,0.68,95.0
汕头,2026-01-15,67.0,good,33.0,52.0,22.0,9.0,0.71,89.0
汕头,2026-01-16,56.0,good,38.0,61.0,32.0,10.0,0.81,73.0
汕头,2026-01-17,62.0,good,38.0,65.0,30.0,11.0,0.78,93.0
汕头,2026-01-18,77.0,good,34.0,53.0,18.0,8.0,0.65,104.0
汕头,2026-01-19,60.0,good,31.0,47.0,16.0,8.0,0.65,87.0
汕头,2026-01-20,48.0,excellent,13.0,30.0,10.0,6.0,0.52,85.0
汕头,2026-01-21,41.0,excellent,24.0,41.0,17.0,8.0,0.66,40.0
汕头,2026-01-22,40.0,excellent,27.0,40.0,18.0,8.0,0.74,33.0
汕头,2026-01-23,44.0,excellent,31.0,42.0,20.0,8.0,0.78,46.0
汕头,2026-01-24,48.0,excellent,26.0,38.0,17.0,8.0,0.69,72.0
汕头,2026-01-25,46.0,excellent,18.0,28.0,14.0,7.0,0.66,74.0
汕头,2026-01-26,46.0,excellent,32.0,36.0,20.0,6.0,0.77,52.0
汕头,2026-01-27,50.0,excellent,35.0,49.0,26.0,8.0,0.9,47.0
汕头,2026-01-28,42.0,excellent,17.0,28.0,12.0,6.0,0.71,73.0
汕头,2026-01-29,50.0,excellent,17.0,33.0,13.0,7.0,0.68,84.0
汕头,2026-01-30,44.0,excellent,22.0,44.0,17.0,7.0,0.65,72.0
汕头,2026-01-31,33.0,excellent,22.0,28.0,16.0,7.0,0.77,46.0
汕头,2026-02-01,29.0,excellent,20.0,26.0,15.0,6.0,0.83,36.0
汕头,2026-02-02,40.0,excellent,19.0,31.0,13.0,7.0,0.8,66.0
汕头,2026-02-03,54.0,good,26.0,44.0,12.0,6.0,0.73,90.0
汕头,2026-02-04,64.0,good,28.0,50.0,15.0,7.0,0.64,96.0
汕头,2026-02-05,64.0,good,36.0,56.0,26.0,8.0,0.79,80.0
汕头,2026-02-06,50.0,excellent,33.0,50.0,31.0,8.0,0.73,56.0
汕头,2026-02-07,46.0,excellent,16.0,29.0,11.0,6.0,0.59,84.0
汕头,2026-02-08,44.0,excellent,19.0,38.0,11.0,6.0,0.58,76.0
汕头,2026-02-09,48.0,excellent,18.0,37.0,10.0,6.0,0.48,92.0
汕头,2026-02-10,50.0,excellent,19.0,37.0,15.0,7.0,0.52,85.0
汕头,2026-02-11,56.0,good,35.0,50.0,17.0,6.0,0.75,79.0
汕头,2026-02-12,60.0,good,22.0,45.0,10.0,6.0,0.65,95.0
汕头,2026-02-13,65.0,good,27.0,45.0,11.0,7.0,0.73,101.0
汕头,2026-02-14,52.0,good,25.0,41.0,13.0,6.0,0.79,76.0
汕头,2026-02-15,41.0,excellent,22.0,41.0,11.0,6.0,0.83,53.0
汕头,2026-02-16,37.0,excellent,25.0,37.0,8.0,6.0,0.75,62.0
汕头,2026-02-17,46.0,excellent,21.0,32.0,6.0,6.0,0.6,86.0
汕头,2026-02-18,42.0,excellent,27.0,37.0,6.0,6.0,0.65,71.0
汕头,2026-02-19,52.0,good,24.0,37.0,7.0,6.0,0.63,94.0
汕头,2026-02-20,57.0,good,39.0,53.0,9.0,7.0,0.7,97.0
汕头,2026-02-21,60.0,good,43.0,56.0,9.0,7.0,0.68,91.0
汕头,2026-02-22,68.0,good,49.0,63.0,11.0,7.0,0.83,88.0
汕头,2026-02-23,58.0,good,30.0,65.0,7.0,6.0,0.68,95.0
汕头,2026-02-24,78.0,good,48.0,105.0,12.0,6.0,0.73,66.0
汕头,2026-02-25,55.0,good,39.0,56.0,11.0,6.0,0.72,55.0
汕头,2026-02-26,44.0,excellent,13.0,21.0,9.0,5.0,0.53,78.0
汕头,2026-02-27,40.0,excellent,28.0,34.0,13.0,6.0,0.63,64.0
汕头,2026-02-28,36.0,excellent,6.0,10.0,8.0,5.0,0.53,65.0
汕头,2026-03-01,31.0,excellent,10.0,14.0,12.0,5.0,0.64,52.0
汕头,2026-03-02,44.0,excellent,31.0,40.0,15.0,5.0,0.88,41.0
汕头,2026-03-03,34.0,excellent,13.0,25.0,8.0,6.0,0.68,59.0
汕头,2026-03-04,39.0,excellent,20.0,25.0,10.0,6.0,0.55,72.0
汕头,2026-03-05,40.0,excellent,21.0,25.0,11.0,6.0,0.64,67.0
汕头,2026-03-06,40.0,excellent,17.0,25.0,10.0,6.0,0.66,62.0
汕头,2026-03-07,57.0,good,23.0,48.0,9.0,6.0,0.59,101.0
汕头,2026-03-08,60.0,good,17.0,34.0,8.0,6.0,0.46,99.0
汕头,2026-03-09,55.0,good,17.0,33.0,8.0,6.0,0.5,92.0
汕头,2026-03-10,53.0,good,23.0,37.0,9.0,6.0,0.54,95.0
汕头,2026-03-11,71.0,good,23.0,38.0,11.0,6.0,0.57,112.0
汕头,2026-03-12,78.0,good,26.0,47.0,14.0,7.0,0.6,112.0
汕头,2026-03-13,81.0,good,21.0,42.0,9.0,6.0,0.5,123.0
汕头,2026-03-14,74.0,good,22.0,42.0,12.0,7.0,0.57,112.0
汕头,2026-03-15,68.0,good,19.0,38.0,10.0,6.0,0.58,103.0
汕头,2026-03-16,60.0,good,20.0,36.0,11.0,6.0,0.61,94.0
汕头,2026-03-17,55.0,good,17.0,33.0,11.0,6.0,0.6,91.0
汕头,2026-03-18,47.0,excellent,24.0,39.0,14.0,6.0,0.68,77.0
汕头,2026-03-19,46.0,excellent,26.0,40.0,15.0,6.0,0.71,70.0
汕头,2026-03-20,56.0,good,17.0,28.0,12.0,6.0,0.6,103.0
汕头,2026-03-21,66.0,good,19.0,32.0,10.0,6.0,0.6,109.0
汕头,2026-03-22,68.0,good,23.0,33.0,12.0,5.0,0.62,106.0
汕头,2026-03-23,68.0,good,26.0,35.0,13.0,6.0,0.68,105.0
汕头,2026-03-24,63.0,good,22.0,32.0,13.0,5.0,0.63,94.0
汕头,2026-03-25,58.0,good,36.0,48.0,17.0,7.0,0.81,86.0
汕头,2026-03-26,65.0,good,16.0,29.0,11.0,5.0,0.65,106.0
汕头,2026-03-27,60.0,good,20.0,38.0,12.0,6.0,0.61,96.0
汕头,2026-03-28,50.0,excellent,17.0,27.0,10.0,5.0,0.59,96.0
汕头,2026-03-29,56.0,good,20.0,32.0,13.0,6.0,0.65,95.0
汕头,2026-03-30,48.0,excellent,19.0,35.0,13.0,6.0,0.68,72.0
汕头,2026-03-31,40.0,excellent,24.0,40.0,17.0,6.0,0.8,40.0
汕头,2026-04-01,46.0,excellent,12.0,21.0,11.0,6.0,0.74,83.0
汕头,2026-04-02,61.0,good,10.0,21.0,11.0,6.0,0.6,102.0
汕头,2026-04-03,48.0,excellent,28.0,45.0,20.0,5.0,0.73,75.0
汕头,2026-04-04,41.0,excellent,29.0,37.0,21.0,6.0,0.97,57.0
汕头,2026-04-05,46.0,excellent,14.0,21.0,10.0,6.0,0.77,81.0
汕头,2026-04-06,32.0,excellent,17.0,28.0,11.0,5.0,0.67,46.0
汕头,2026-04-07,33.0,excellent,17.0,33.0,9.0,5.0,0.59,59.0
汕头,2026-04-08,56.0,good,17.0,34.0,10.0,5.0,0.56,95.0
汕头,2026-04-09,47.0,excellent,24.0,42.0,12.0,6.0,0.66,75.0
汕头,2026-04-10,32.0,excellent,13.0,26.0,8.0,6.0,0.58,45.0
汕头,2026-04-11,27.0,excellent,16.0,27.0,8.0,6.0,0.54,43.0
汕头,2026-04-12,26.0,excellent,15.0,25.0,7.0,6.0,0.55,43.0
汕头,2026-04-13,26.0,excellent,13.0,21.0,7.0,6.0,0.54,40.0
汕头,2026-04-14,24.0,excellent,12.0,21.0,6.0,6.0,0.59,40.0
汕头,2026-04-15,27.0,excellent,16.0,26.0,7.0,6.0,0.61,43.0
汕头,2026-04-16,44.0,excellent,18.0,28.0,7.0,6.0,0.74,77.0
汕头,2026-04-17,48.0,excellent,18.0,28.0,13.0,6.0,0.77,73.0
汕头,2026-04-18,62.0,good,32.0,45.0,15.0,8.0,0.9,98.0
汕头,2026-04-19,76.0,good,25.0,34.0,7.0,6.0,0.79,117.0
汕头,2026-04-20,72.0,good,23.0,32.0,7.0,6.0,0.79,109.0
汕头,2026-04-21,55.0,good,17.0,24.0,6.0,5.0,0.73,96.0
汕头,2026-04-22,42.0,excellent,17.0,28.0,6.0,5.0,0.66,70.0
汕头,2026-04-23,34.0,excellent,17.0,24.0,10.0,6.0,0.67,47.0
汕头,2026-04-24,20.0,excellent,13.0,17.0,16.0,6.0,0.79,31.0
汕头,2026-04-25,44.0,excellent,13.0,22.0,12.0,6.0,0.71,88.0
汕头,2026-04-26,78.0,good,24.0,38.0,13.0,7.0,0.73,113.0
汕头,2026-04-27,79.0,good,25.0,41.0,12.0,6.0,0.72,107.0
汕头,2026-04-28,57.0,good,16.0,35.0,7.0,6.0,0.64,93.0
汕头,2026-04-29,44.0,excellent,14.0,25.0,8.0,6.0,0.64,72.0
汕头,2026-04-30,30.0,excellent,8.0,19.0,13.0,7.0,0.6,53.0
汕头,2026-05-01,46.0,excellent,17.0,29.0,11.0,6.0,0.6,85.0
汕头,2026-05-02,77.0,good,26.0,42.0,13.0,7.0,0.64,116.0
汕头,2026-05-03,54.0,good,23.0,33.0,11.0,6.0,0.7,78.0
汕头,2026-05-04,41.0,excellent,11.0,21.0,10.0,7.0,0.6,73.0
汕头,2026-05-05,50.0,excellent,12.0,18.0,12.0,6.0,0.46,92.0
汕头,2026-05-06,60.0,good,20.0,27.0,11.0,6.0,0.6,98.0
汕头,2026-05-07,71.0,good,18.0,29.0,10.0,6.0,0.61,104.0
汕头,2026-05-08,74.0,good,25.0,36.0,11.0,7.0,0.7,101.0
汕头,2026-05-09,72.0,good,10.0,21.0,10.0,6.0,0.52,118.0
汕头,2026-05-10,78.0,good,16.0,30.0,10.0,7.0,0.57,117.0
汕头,2026-05-11,88.0,good,30.0,41.0,10.0,7.0,0.78,122.0
汕头,2026-05-12,87.0,good,46.0,58.0,12.0,7.0,0.92,120.0
汕头,2026-05-13,76.0,good,19.0,28.0,6.0,6.0,0.69,104.0
汕头,2026-05-14,34.0,excellent,4.0,9.0,7.0,5.0,0.62,56.0
北京,2025-01-01,48.0,excellent,22.0,48.0,38.0,3.0,0.54,27.0
北京,2025-01-02,29.0,excellent,9.0,21.0,16.0,2.0,0.3,50.0
北京,2025-01-03,38.0,excellent,14.0,35.0,30.0,2.0,0.37,36.0
北京,2025-01-04,61.0,good,28.0,57.0,49.0,3.0,0.56,16.0
北京,2025-01-05,49.0,excellent,21.0,49.0,28.0,2.0,0.41,39.0
北京,2025-01-06,30.0,excellent,6.0,15.0,10.0,2.0,0.24,52.0
北京,2025-01-07,27.0,excellent,4.0,13.0,8.0,2.0,0.23,49.0
北京,2025-01-08,31.0,excellent,4.0,14.0,4.0,2.0,0.2,60.0
北京,2025-01-09,30.0,excellent,6.0,15.0,10.0,2.0,0.24,54.0
北京,2025-01-10,30.0,excellent,10.0,21.0,24.0,2.0,0.36,41.0
北京,2025-01-11,39.0,excellent,18.0,34.0,31.0,3.0,0.45,31.0
北京,2025-01-12,31.0,excellent,15.0,31.0,18.0,2.0,0.35,45.0
北京,2025-01-13,48.0,excellent,24.0,48.0,35.0,2.0,0.5,27.0
北京,2025-01-14,26.0,excellent,7.0,22.0,8.0,2.0,0.31,49.0
北京,2025-01-15,28.0,excellent,11.0,28.0,18.0,2.0,0.37,37.0
北京,2025-01-16,49.0,excellent,17.0,49.0,25.0,3.0,0.43,37.0
北京,2025-01-17,62.0,good,34.0,75.0,48.0,4.0,0.69,17.0
北京,2025-01-18,71.0,good,51.0,91.0,57.0,6.0,0.9,15.0
北京,2025-01-19,36.0,excellent,18.0,36.0,27.0,3.0,0.43,46.0
北京,2025-01-20,60.0,good,33.0,62.0,48.0,4.0,0.63,22.0
北京,2025-01-21,45.0,excellent,25.0,45.0,33.0,3.0,0.55,36.0
北京,2025-01-22,53.0,good,34.0,56.0,34.0,5.0,0.72,32.0
北京,2025-01-23,78.0,good,57.0,82.0,41.0,3.0,0.83,25.0
北京,2025-01-24,110.0,lightly_polluted,83.0,110.0,39.0,4.0,1.02,38.0
北京,2025-01-25,138.0,lightly_polluted,105.0,135.0,37.0,4.0,1.32,37.0
北京,2025-01-26,89.0,good,40.0,128.0,12.0,3.0,0.48,58.0
北京,2025-01-27,32.0,excellent,3.0,19.0,4.0,2.0,0.29,60.0
北京,2025-01-28,32.0,excellent,11.0,20.0,7.0,3.0,0.33,60.0
北京,2025-01-29,90.0,good,67.0,83.0,15.0,6.0,0.49,49.0
北京,2025-01-30,56.0,good,40.0,50.0,11.0,4.0,0.64,55.0
北京,2025-01-31,71.0,good,52.0,66.0,14.0,3.0,0.71,47.0
北京,2025-02-01,86.0,good,64.0,81.0,17.0,4.0,1.01,41.0
北京,2025-02-02,55.0,good,39.0,50.0,12.0,3.0,0.63,52.0
北京,2025-02-03,38.0,excellent,4.0,9.0,3.0,3.0,0.29,72.0
北京,2025-02-04,35.0,excellent,6.0,15.0,6.0,3.0,0.33,64.0
北京,2025-02-05,36.0,excellent,8.0,22.0,6.0,3.0,0.31,66.0
北京,2025-02-06,56.0,good,11.0,61.0,7.0,3.0,0.32,60.0
北京,2025-02-07,34.0,excellent,5.0,22.0,2.0,3.0,0.3,68.0
北京,2025-02-08,36.0,excellent,6.0,13.0,5.0,3.0,0.28,66.0
北京,2025-02-09,31.0,excellent,10.0,18.0,16.0,3.0,0.36,53.0
北京,2025-02-10,57.0,good,40.0,64.0,43.0,5.0,0.65,30.0
北京,2025-02-11,118.0,lightly_polluted,89.0,127.0,58.0,8.0,1.04,24.0
北京,2025-02-12,35.0,excellent,8.0,23.0,11.0,3.0,0.25,64.0
北京,2025-02-13,59.0,good,35.0,68.0,29.0,4.0,0.45,41.0
北京,2025-02-14,56.0,good,33.0,63.0,38.0,5.0,0.57,38.0
北京,2025-02-15,78.0,good,44.0,105.0,32.0,4.0,0.52,50.0
北京,2025-02-16,38.0,excellent,8.0,27.0,5.0,3.0,0.21,71.0
北京,2025-02-17,36.0,excellent,7.0,19.0,10.0,3.0,0.29,63.0
北京,2025-02-18,30.0,excellent,14.0,30.0,23.0,3.0,0.37,46.0
北京,2025-02-19,34.0,excellent,9.0,19.0,18.0,3.0,0.33,53.0
北京,2025-02-20,33.0,excellent,8.0,17.0,14.0,3.0,0.36,59.0
北京,2025-02-21,34.0,excellent,8.0,17.0,13.0,3.0,0.32,60.0
北京,2025-02-22,35.0,excellent,7.0,16.0,9.0,3.0,0.32,63.0
北京,2025-02-23,38.0,excellent,7.0,18.0,8.0,2.0,0.32,68.0
北京,2025-02-24,44.0,excellent,19.0,44.0,35.0,4.0,0.52,43.0
北京,2025-02-25,48.0,excellent,20.0,48.0,25.0,4.0,0.47,55.0
北京,2025-02-26,53.0,good,25.0,56.0,40.0,5.0,0.58,43.0
北京,2025-02-27,100.0,good,75.0,127.0,60.0,8.0,0.9,44.0
北京,2025-02-28,128.0,lightly_polluted,97.0,146.0,61.0,7.0,0.98,60.0
北京,2025-03-01,207.0,heavily_polluted,157.0,210.0,54.0,8.0,1.38,69.0
北京,2025-03-02,71.0,good,52.0,76.0,20.0,4.0,0.73,66.0
北京,2025-03-03,37.0,excellent,16.0,37.0,27.0,4.0,0.48,54.0
北京,2025-03-04,52.0,good,23.0,53.0,25.0,4.0,0.45,60.0
北京,2025-03-05,74.0,good,54.0,86.0,35.0,5.0,0.77,49.0
北京,2025-03-06,41.0,excellent,9.0,18.0,17.0,3.0,0.33,67.0
北京,2025-03-07,70.0,good,51.0,80.0,34.0,4.0,0.59,55.0
北京,2025-03-08,108.0,lightly_polluted,81.0,107.0,31.0,3.0,0.67,69.0
北京,2025-03-09,141.0,lightly_polluted,108.0,143.0,35.0,4.0,0.78,81.0
北京,2025-03-10,138.0,lightly_polluted,105.0,142.0,26.0,4.0,0.8,99.0
北京,2025-03-11,199.0,moderately_polluted,149.0,196.0,44.0,4.0,1.01,52.0
北京,2025-03-12,62.0,good,26.0,73.0,20.0,3.0,0.39,63.0
北京,2025-03-13,96.0,good,47.0,142.0,41.0,6.0,0.64,50.0
北京,2025-03-14,68.0,good,31.0,86.0,23.0,7.0,0.68,65.0
北京,2025-03-15,52.0,good,28.0,54.0,17.0,5.0,0.57,62.0
北京,2025-03-16,40.0,excellent,10.0,19.0,14.0,3.0,0.36,67.0
北京,2025-03-17,41.0,excellent,10.0,27.0,17.0,3.0,0.34,68.0
北京,2025-03-18,42.0,excellent,14.0,32.0,17.0,3.0,0.36,70.0
北京,2025-03-19,38.0,excellent,15.0,36.0,29.0,4.0,0.43,56.0
北京,2025-03-20,39.0,excellent,9.0,31.0,21.0,3.0,0.34,62.0
北京,2025-03-21,45.0,excellent,10.0,29.0,15.0,3.0,0.33,74.0
北京,2025-03-22,51.0,good,17.0,52.0,16.0,4.0,0.34,74.0
北京,2025-03-23,116.0,lightly_polluted,47.0,183.0,19.0,4.0,0.35,80.0
北京,2025-03-24,82.0,good,25.0,114.0,13.0,3.0,0.34,80.0
北京,2025-03-25,54.0,good,10.0,58.0,12.0,3.0,0.35,73.0
北京,2025-03-26,78.0,good,31.0,105.0,14.0,4.0,0.5,84.0
北京,2025-03-27,56.0,good,14.0,61.0,4.0,3.0,0.3,83.0
北京,2025-03-28,42.0,excellent,11.0,27.0,8.0,3.0,0.31,75.0
北京,2025-03-29,42.0,excellent,6.0,22.0,7.0,3.0,0.31,73.0
北京,2025-03-30,44.0,excellent,16.0,44.0,24.0,4.0,0.43,60.0
北京,2025-03-31,62.0,good,33.0,75.0,39.0,4.0,0.52,55.0
北京,2025-04-01,42.0,excellent,15.0,42.0,20.0,4.0,0.36,66.0
北京,2025-04-02,46.0,excellent,8.0,21.0,10.0,4.0,0.32,81.0
北京,2025-04-03,60.0,good,30.0,69.0,28.0,5.0,0.43,77.0
北京,2025-04-04,66.0,good,39.0,81.0,31.0,5.0,0.5,71.0
北京,2025-04-05,44.0,excellent,5.0,22.0,11.0,4.0,0.32,79.0
北京,2025-04-06,66.0,good,33.0,81.0,31.0,7.0,0.52,74.0
北京,2025-04-07,60.0,good,37.0,70.0,27.0,7.0,0.64,81.0
北京,2025-04-08,50.0,excellent,16.0,48.0,20.0,5.0,0.41,82.0
北京,2025-04-09,53.0,good,26.0,56.0,22.0,4.0,0.49,80.0
北京,2025-04-10,71.0,good,43.0,92.0,35.0,5.0,0.6,78.0
北京,2025-04-11,98.0,good,65.0,147.0,25.0,6.0,0.63,103.0
北京,2025-04-12,92.0,good,17.0,133.0,3.0,3.0,0.3,79.0
北京,2025-04-13,67.0,good,18.0,84.0,3.0,3.0,0.3,82.0
北京,2025-04-14,53.0,good,26.0,56.0,9.0,3.0,0.38,90.0
北京,2025-04-15,54.0,good,26.0,58.0,34.0,5.0,0.55,62.0
北京,2025-04-16,88.0,good,60.0,126.0,34.0,9.0,1.0,92.0
北京,2025-04-17,67.0,good,36.0,75.0,19.0,5.0,0.62,98.0
北京,2025-04-18,39.0,excellent,9.0,23.0,16.0,3.0,0.4,65.0
北京,2025-04-19,40.0,excellent,25.0,36.0,15.0,3.0,0.5,69.0
北京,2025-04-20,64.0,good,44.0,73.0,27.0,5.0,0.59,87.0
北京,2025-04-21,74.0,good,54.0,81.0,36.0,6.0,0.94,48.0
北京,2025-04-22,44.0,excellent,8.0,25.0,17.0,3.0,0.35,77.0
北京,2025-04-23,54.0,good,15.0,57.0,20.0,3.0,0.33,70.0
北京,2025-04-24,46.0,excellent,7.0,31.0,7.0,3.0,0.28,78.0
北京,2025-04-25,54.0,good,21.0,59.0,26.0,4.0,0.46,71.0
北京,2025-04-26,82.0,good,56.0,115.0,36.0,7.0,0.68,100.0
北京,2025-04-27,57.0,good,9.0,25.0,12.0,3.0,0.31,83.0
北京,2025-04-28,56.0,good,21.0,63.0,26.0,5.0,0.43,73.0
北京,2025-04-29,59.0,good,27.0,68.0,31.0,7.0,0.56,77.0
北京,2025-04-30,48.0,excellent,13.0,43.0,25.0,3.0,0.38,73.0
北京,2025-05-01,46.0,excellent,10.0,29.0,9.0,3.0,0.31,85.0
北京,2025-05-02,42.0,excellent,14.0,35.0,17.0,4.0,0.56,66.0
北京,2025-05-03,42.0,excellent,8.0,20.0,8.0,3.0,0.26,77.0
北京,2025-05-04,54.0,good,19.0,47.0,15.0,3.0,0.35,85.0
北京,2025-05-05,52.0,good,32.0,52.0,13.0,3.0,0.49,80.0
北京,2025-05-06,46.0,excellent,12.0,25.0,11.0,3.0,0.34,83.0
北京,2025-05-07,68.0,good,41.0,86.0,17.0,4.0,0.53,99.0
北京,2025-05-08,89.0,good,66.0,125.0,24.0,5.0,0.71,98.0
北京,2025-05-09,49.0,excellent,16.0,30.0,9.0,3.0,0.55,76.0
北京,2025-05-10,48.0,excellent,26.0,40.0,14.0,3.0,0.34,82.0
北京,2025-05-11,67.0,good,36.0,58.0,28.0,3.0,0.44,89.0
北京,2025-05-12,99.0,good,47.0,83.0,33.0,5.0,0.62,126.0
北京,2025-05-13,140.0,lightly_polluted,53.0,91.0,23.0,4.0,0.65,142.0
北京,2025-05-14,57.0,good,12.0,27.0,11.0,2.0,0.36,79.0
北京,2025-05-15,67.0,good,24.0,47.0,14.0,3.0,0.5,102.0
北京,2025-05-16,102.0,lightly_polluted,42.0,80.0,24.0,5.0,0.64,123.0
北京,2025-05-17,58.0,good,13.0,56.0,8.0,2.0,0.24,80.0
北京,2025-05-18,45.0,excellent,19.0,43.0,24.0,3.0,0.35,69.0
北京,2025-05-19,81.0,good,26.0,57.0,25.0,3.0,0.5,110.0
北京,2025-05-20,144.0,lightly_polluted,59.0,126.0,28.0,6.0,1.0,160.0
北京,2025-05-21,115.0,lightly_polluted,49.0,99.0,16.0,4.0,0.94,142.0
北京,2025-05-22,60.0,good,40.0,70.0,19.0,3.0,0.57,76.0
北京,2025-05-23,46.0,excellent,32.0,40.0,16.0,2.0,0.47,62.0
北京,2025-05-24,43.0,excellent,19.0,34.0,21.0,2.0,0.4,69.0
北京,2025-05-25,73.0,good,28.0,56.0,24.0,5.0,0.54,102.0
北京,2025-05-26,94.0,good,31.0,57.0,27.0,4.0,0.62,110.0
北京,2025-05-27,94.0,good,20.0,43.0,24.0,3.0,0.45,110.0
北京,2025-05-28,110.0,lightly_polluted,31.0,60.0,22.0,4.0,0.53,130.0
北京,2025-05-29,129.0,lightly_polluted,42.0,77.0,21.0,5.0,0.73,152.0
北京,2025-05-30,117.0,lightly_polluted,42.0,85.0,24.0,4.0,0.62,140.0
北京,2025-05-31,70.0,good,51.0,82.0,27.0,4.0,0.75,90.0
北京,2025-06-01,87.0,good,45.0,61.0,16.0,4.0,0.78,97.0
北京,2025-06-02,58.0,good,13.0,19.0,12.0,2.0,0.39,83.0
北京,2025-06-03,43.0,excellent,2.0,10.0,14.0,2.0,0.24,69.0
北京,2025-06-04,47.0,excellent,7.0,22.0,21.0,3.0,0.27,76.0
北京,2025-06-05,113.0,lightly_polluted,19.0,55.0,24.0,4.0,0.4,142.0
北京,2025-06-06,92.0,good,14.0,34.0,16.0,3.0,0.32,104.0
北京,2025-06-07,63.0,good,10.0,25.0,11.0,3.0,0.25,98.0
北京,2025-06-08,103.0,lightly_polluted,21.0,50.0,17.0,4.0,0.42,134.0
北京,2025-06-09,106.0,lightly_polluted,21.0,47.0,17.0,4.0,0.47,103.0
北京,2025-06-10,46.0,excellent,13.0,28.0,18.0,3.0,0.33,67.0
北京,2025-06-11,96.0,good,22.0,57.0,23.0,4.0,0.38,129.0
北京,2025-06-12,134.0,lightly_polluted,33.0,90.0,19.0,5.0,0.54,162.0
北京,2025-06-13,131.0,lightly_polluted,27.0,71.0,17.0,6.0,0.63,154.0
北京,2025-06-14,82.0,good,34.0,55.0,14.0,3.0,0.63,92.0
北京,2025-06-15,48.0,excellent,4.0,7.0,9.0,2.0,0.31,73.0
北京,2025-06-16,41.0,excellent,7.0,13.0,12.0,2.0,0.33,69.0
北京,2025-06-17,80.0,good,21.0,38.0,20.0,3.0,0.44,107.0
北京,2025-06-18,149.0,lightly_polluted,36.0,70.0,19.0,7.0,0.88,165.0
北京,2025-06-19,110.0,lightly_polluted,22.0,36.0,12.0,2.0,0.53,130.0
北京,2025-06-20,58.0,good,16.0,24.0,14.0,2.0,0.4,78.0
北京,2025-06-21,50.0,excellent,6.0,17.0,18.0,2.0,0.3,76.0
北京,2025-06-22,68.0,good,13.0,32.0,22.0,2.0,0.37,89.0
北京,2025-06-23,117.0,lightly_polluted,26.0,51.0,22.0,4.0,0.58,142.0
北京,2025-06-24,144.0,lightly_polluted,34.0,60.0,20.0,3.0,0.55,157.0
北京,2025-06-25,147.0,lightly_polluted,37.0,67.0,17.0,7.0,0.83,183.0
北京,2025-06-26,126.0,lightly_polluted,34.0,67.0,20.0,7.0,0.81,139.0
北京,2025-06-27,81.0,good,46.0,75.0,18.0,3.0,0.77,103.0
北京,2025-06-28,80.0,good,33.0,45.0,10.0,2.0,0.75,120.0
北京,2025-06-29,94.0,good,43.0,50.0,9.0,2.0,0.73,126.0
北京,2025-06-30,88.0,good,31.0,41.0,11.0,2.0,0.63,116.0
北京,2025-07-01,72.0,good,20.0,28.0,9.0,2.0,0.54,96.0
北京,2025-07-02,68.0,good,21.0,31.0,12.0,2.0,0.49,87.0
北京,2025-07-03,40.0,excellent,13.0,20.0,9.0,2.0,0.49,56.0
北京,2025-07-04,58.0,good,22.0,29.0,11.0,2.0,0.55,94.0
北京,2025-07-05,66.0,good,11.0,17.0,8.0,2.0,0.43,94.0
北京,2025-07-06,60.0,good,4.0,9.0,10.0,2.0,0.24,97.0
北京,2025-07-07,88.0,good,14.0,32.0,16.0,4.0,0.47,115.0
北京,2025-07-08,81.0,good,19.0,34.0,12.0,2.0,0.46,106.0
北京,2025-07-09,69.0,good,27.0,42.0,13.0,2.0,0.62,94.0
北京,2025-07-10,41.0,excellent,18.0,26.0,10.0,2.0,0.51,64.0
北京,2025-07-11,57.0,good,32.0,46.0,11.0,2.0,0.7,90.0
北京,2025-07-12,88.0,good,32.0,46.0,13.0,3.0,0.61,97.0
北京,2025-07-13,48.0,excellent,7.0,15.0,12.0,2.0,0.36,73.0
北京,2025-07-14,74.0,good,15.0,34.0,17.0,3.0,0.47,103.0
北京,2025-07-15,57.0,good,25.0,44.0,16.0,3.0,0.57,76.0
北京,2025-07-16,47.0,excellent,21.0,29.0,10.0,2.0,0.74,80.0
北京,2025-07-17,53.0,good,5.0,11.0,13.0,2.0,0.38,79.0
北京,2025-07-18,88.0,good,15.0,33.0,16.0,3.0,0.58,121.0
北京,2025-07-19,95.0,good,33.0,60.0,16.0,3.0,0.67,111.0
北京,2025-07-20,46.0,excellent,11.0,17.0,8.0,2.0,0.46,74.0
北京,2025-07-21,53.0,good,15.0,23.0,12.0,2.0,0.45,83.0
北京,2025-07-22,83.0,good,24.0,38.0,15.0,2.0,0.55,109.0
北京,2025-07-23,81.0,good,24.0,36.0,12.0,2.0,0.49,90.0
北京,2025-07-24,42.0,excellent,15.0,23.0,10.0,2.0,0.45,56.0
北京,2025-07-25,40.0,excellent,15.0,21.0,9.0,2.0,0.51,67.0
北京,2025-07-26,48.0,excellent,28.0,39.0,11.0,2.0,0.55,77.0
北京,2025-07-27,44.0,excellent,24.0,36.0,13.0,2.0,0.52,60.0
北京,2025-07-28,38.0,excellent,15.0,21.0,9.0,2.0,0.52,67.0
北京,2025-07-29,52.0,good,4.0,6.0,7.0,2.0,0.4,82.0
北京,2025-07-30,44.0,excellent,6.0,13.0,14.0,2.0,0.34,63.0
北京,2025-07-31,48.0,excellent,15.0,32.0,21.0,3.0,0.5,66.0
北京,2025-08-01,76.0,good,26.0,45.0,16.0,3.0,0.67,107.0
北京,2025-08-02,78.0,good,35.0,54.0,15.0,3.0,0.69,96.0
北京,2025-08-03,68.0,good,16.0,23.0,9.0,2.0,0.55,100.0
北京,2025-08-04,61.0,good,23.0,33.0,8.0,3.0,0.77,89.0
北京,2025-08-05,54.0,good,16.0,21.0,8.0,2.0,0.66,88.0
北京,2025-08-06,76.0,good,19.0,31.0,12.0,2.0,0.63,95.0
北京,2025-08-07,60.0,good,12.0,21.0,13.0,2.0,0.47,86.0
北京,2025-08-08,41.0,excellent,20.0,32.0,16.0,2.0,0.6,59.0
北京,2025-08-09,40.0,excellent,7.0,11.0,11.0,2.0,0.39,68.0
北京,2025-08-10,62.0,good,10.0,23.0,16.0,3.0,0.42,88.0
北京,2025-08-11,77.0,good,20.0,38.0,13.0,3.0,0.46,104.0
北京,2025-08-12,67.0,good,23.0,40.0,16.0,3.0,0.56,88.0
北京,2025-08-13,50.0,excellent,12.0,18.0,11.0,3.0,0.47,81.0
北京,2025-08-14,52.0,good,14.0,28.0,17.0,3.0,0.51,75.0
北京,2025-08-15,72.0,good,29.0,42.0,13.0,3.0,0.66,95.0
北京,2025-08-16,53.0,good,12.0,17.0,9.0,3.0,0.49,85.0
北京,2025-08-17,53.0,good,21.0,31.0,11.0,3.0,0.63,78.0
北京,2025-08-18,58.0,good,23.0,34.0,10.0,3.0,0.66,83.0
北京,2025-08-19,42.0,excellent,12.0,20.0,12.0,2.0,0.55,63.0
北京,2025-08-20,39.0,excellent,12.0,19.0,9.0,3.0,0.61,62.0
北京,2025-08-21,40.0,excellent,19.0,27.0,9.0,3.0,0.73,59.0
北京,2025-08-22,42.0,excellent,9.0,20.0,14.0,5.0,0.54,56.0
北京,2025-08-23,38.0,excellent,9.0,19.0,11.0,3.0,0.45,62.0
北京,2025-08-24,41.0,excellent,8.0,15.0,12.0,3.0,0.45,62.0
北京,2025-08-25,47.0,excellent,11.0,21.0,13.0,3.0,0.46,67.0
北京,2025-08-26,46.0,excellent,11.0,23.0,13.0,3.0,0.46,66.0
北京,2025-08-27,44.0,excellent,11.0,18.0,7.0,3.0,0.56,75.0
北京,2025-08-28,42.0,excellent,7.0,11.0,9.0,3.0,0.53,63.0
北京,2025-08-29,34.0,excellent,22.0,34.0,16.0,3.0,0.65,43.0
北京,2025-08-30,42.0,excellent,19.0,30.0,11.0,3.0,0.53,60.0
北京,2025-08-31,54.0,good,14.0,25.0,9.0,3.0,0.45,81.0
北京,2025-09-01,63.0,good,11.0,19.0,9.0,2.0,0.4,84.0
北京,2025-09-02,62.0,good,25.0,39.0,9.0,2.0,0.53,87.0
北京,2025-09-03,73.0,good,30.0,43.0,8.0,3.0,0.59,99.0
北京,2025-09-04,78.0,good,36.0,51.0,11.0,3.0,0.65,103.0
北京,2025-09-05,49.0,excellent,33.0,48.0,17.0,3.0,0.61,60.0
北京,2025-09-06,36.0,excellent,11.0,21.0,15.0,3.0,0.4,57.0
北京,2025-09-07,42.0,excellent,10.0,28.0,19.0,3.0,0.35,55.0
北京,2025-09-08,45.0,excellent,8.0,25.0,21.0,3.0,0.35,67.0
北京,2025-09-09,80.0,good,25.0,54.0,22.0,3.0,0.6,100.0
北京,2025-09-10,63.0,good,21.0,39.0,16.0,2.0,0.5,79.0
北京,2025-09-11,69.0,good,33.0,56.0,19.0,3.0,0.62,92.0
北京,2025-09-12,66.0,good,39.0,65.0,23.0,3.0,0.66,77.0
北京,2025-09-13,62.0,good,32.0,52.0,20.0,3.0,0.63,76.0
北京,2025-09-14,42.0,excellent,14.0,26.0,19.0,2.0,0.44,50.0
北京,2025-09-15,26.0,excellent,7.0,20.0,21.0,3.0,0.49,31.0
北京,2025-09-16,26.0,excellent,8.0,18.0,16.0,2.0,0.39,42.0
北京,2025-09-17,25.0,excellent,4.0,13.0,20.0,3.0,0.3,36.0
北京,2025-09-18,30.0,excellent,7.0,20.0,21.0,3.0,0.32,40.0
北京,2025-09-19,34.0,excellent,11.0,29.0,23.0,3.0,0.39,50.0
北京,2025-09-20,44.0,excellent,15.0,36.0,24.0,3.0,0.44,57.0
北京,2025-09-21,54.0,good,23.0,46.0,23.0,3.0,0.55,76.0
北京,2025-09-22,48.0,excellent,18.0,32.0,16.0,3.0,0.49,72.0
北京,2025-09-23,42.0,excellent,23.0,42.0,22.0,2.0,0.45,45.0
北京,2025-09-24,52.0,good,31.0,53.0,23.0,2.0,0.55,46.0
北京,2025-09-25,42.0,excellent,16.0,37.0,28.0,3.0,0.56,53.0
北京,2025-09-26,48.0,excellent,19.0,45.0,26.0,3.0,0.53,68.0
北京,2025-09-27,50.0,excellent,29.0,51.0,25.0,3.0,0.56,69.0
北京,2025-09-28,44.0,excellent,21.0,38.0,22.0,3.0,0.53,60.0
北京,2025-09-29,40.0,excellent,12.0,31.0,27.0,3.0,0.42,55.0
北京,2025-09-30,52.0,good,15.0,35.0,24.0,3.0,0.45,73.0
北京,2025-10-01,43.0,excellent,18.0,43.0,30.0,3.0,0.49,45.0
北京,2025-10-02,49.0,excellent,20.0,49.0,23.0,3.0,0.43,64.0
北京,2025-10-03,41.0,excellent,21.0,41.0,21.0,3.0,0.48,54.0
北京,2025-10-04,46.0,excellent,26.0,46.0,23.0,3.0,0.54,54.0
北京,2025-10-05,46.0,excellent,26.0,46.0,22.0,3.0,0.59,36.0
北京,2025-10-06,27.0,excellent,9.0,18.0,13.0,3.0,0.43,43.0
北京,2025-10-07,41.0,excellent,23.0,41.0,21.0,3.0,0.5,38.0
北京,2025-10-08,22.0,excellent,9.0,19.0,15.0,3.0,0.43,34.0
北京,2025-10-09,20.0,excellent,4.0,6.0,12.0,2.0,0.38,32.0
北京,2025-10-10,19.0,excellent,7.0,11.0,15.0,2.0,0.4,28.0
北京,2025-10-11,24.0,excellent,11.0,16.0,19.0,3.0,0.46,23.0
北京,2025-10-12,33.0,excellent,15.0,33.0,24.0,3.0,0.68,11.0
北京,2025-10-13,47.0,excellent,21.0,47.0,28.0,3.0,0.7,25.0
北京,2025-10-14,47.0,excellent,26.0,47.0,28.0,3.0,0.62,41.0
北京,2025-10-15,60.0,good,43.0,71.0,33.0,3.0,0.76,44.0
北京,2025-10-16,65.0,good,47.0,71.0,25.0,3.0,0.89,23.0
北京,2025-10-17,21.0,excellent,15.0,21.0,17.0,3.0,0.46,31.0
北京,2025-10-18,24.0,excellent,5.0,9.0,13.0,3.0,0.24,40.0
北京,2025-10-19,26.0,excellent,6.0,13.0,11.0,3.0,0.23,44.0
北京,2025-10-20,26.0,excellent,9.0,17.0,15.0,3.0,0.25,37.0
北京,2025-10-21,29.0,excellent,11.0,24.0,23.0,3.0,0.29,29.0
北京,2025-10-22,48.0,excellent,27.0,48.0,32.0,3.0,0.45,18.0
北京,2025-10-23,62.0,good,45.0,62.0,29.0,3.0,0.59,30.0
北京,2025-10-24,89.0,good,66.0,93.0,36.0,3.0,0.72,21.0
北京,2025-10-25,116.0,lightly_polluted,88.0,116.0,35.0,3.0,0.75,27.0
北京,2025-10-26,26.0,excellent,13.0,21.0,19.0,3.0,0.31,42.0
北京,2025-10-27,39.0,excellent,13.0,32.0,31.0,3.0,0.35,33.0
北京,2025-10-28,139.0,lightly_polluted,106.0,149.0,39.0,3.0,0.75,49.0
北京,2025-10-29,179.0,moderately_polluted,135.0,173.0,37.0,3.0,0.88,20.0
北京,2025-10-30,134.0,lightly_polluted,102.0,135.0,30.0,3.0,0.95,21.0
北京,2025-10-31,58.0,good,41.0,60.0,26.0,3.0,0.62,29.0
北京,2025-11-01,28.0,excellent,15.0,28.0,21.0,2.0,0.36,42.0
北京,2025-11-02,30.0,excellent,5.0,15.0,19.0,2.0,0.27,43.0
北京,2025-11-03,56.0,good,31.0,62.0,40.0,4.0,0.51,24.0
北京,2025-11-04,70.0,good,51.0,85.0,45.0,3.0,0.63,28.0
北京,2025-11-05,160.0,moderately_polluted,122.0,173.0,51.0,4.0,0.98,24.0
北京,2025-11-06,197.0,moderately_polluted,148.0,197.0,41.0,3.0,0.97,15.0
北京,2025-11-07,52.0,good,37.0,51.0,29.0,3.0,0.86,23.0
北京,2025-11-08,56.0,good,40.0,56.0,25.0,3.0,0.73,27.0
北京,2025-11-09,28.0,excellent,9.0,27.0,19.0,3.0,0.39,45.0
北京,2025-11-10,49.0,excellent,16.0,44.0,39.0,3.0,0.52,21.0
北京,2025-11-11,68.0,good,45.0,86.0,48.0,3.0,0.71,18.0
北京,2025-11-12,82.0,good,61.0,98.0,37.0,3.0,0.81,33.0
北京,2025-11-13,36.0,excellent,9.0,22.0,29.0,3.0,0.34,38.0
北京,2025-11-14,59.0,good,29.0,62.0,47.0,3.0,0.55,18.0
北京,2025-11-15,70.0,good,43.0,90.0,51.0,3.0,0.66,17.0
北京,2025-11-16,26.0,excellent,6.0,25.0,9.0,3.0,0.28,47.0
北京,2025-11-17,22.0,excellent,3.0,15.0,5.0,3.0,0.31,42.0
北京,2025-11-18,25.0,excellent,8.0,25.0,16.0,3.0,0.31,39.0
北京,2025-11-19,50.0,excellent,24.0,50.0,35.0,4.0,0.43,27.0
北京,2025-11-20,29.0,excellent,13.0,29.0,18.0,4.0,0.28,47.0
北京,2025-11-21,56.0,good,36.0,61.0,39.0,4.0,0.49,30.0
北京,2025-11-22,64.0,good,37.0,69.0,51.0,5.0,0.64,17.0
北京,2025-11-23,82.0,good,52.0,114.0,53.0,5.0,0.66,22.0
北京,2025-11-24,55.0,good,21.0,60.0,22.0,3.0,0.43,40.0
北京,2025-11-25,31.0,excellent,12.0,31.0,22.0,3.0,0.38,36.0
北京,2025-11-26,65.0,good,34.0,80.0,39.0,4.0,0.58,18.0
北京,2025-11-27,28.0,excellent,9.0,26.0,13.0,3.0,0.34,48.0
北京,2025-11-28,66.0,good,35.0,83.0,44.0,4.0,0.58,17.0
北京,2025-11-29,89.0,good,52.0,128.0,50.0,4.0,0.72,15.0
北京,2025-11-30,86.0,good,35.0,123.0,26.0,2.0,0.5,39.0
北京,2025-12-01,26.0,excellent,6.0,24.0,7.0,2.0,0.32,48.0
北京,2025-12-02,30.0,excellent,3.0,13.0,5.0,2.0,0.31,58.0
北京,2025-12-03,30.0,excellent,12.0,30.0,21.0,2.0,0.41,42.0
北京,2025-12-04,30.0,excellent,12.0,28.0,24.0,3.0,0.41,34.0
北京,2025-12-05,54.0,good,30.0,58.0,43.0,4.0,0.6,17.0
北京,2025-12-06,79.0,good,58.0,102.0,59.0,5.0,0.88,13.0
北京,2025-12-07,51.0,good,22.0,52.0,24.0,3.0,0.5,46.0
北京,2025-12-08,30.0,excellent,10.0,30.0,24.0,3.0,0.37,34.0
北京,2025-12-09,56.0,good,30.0,63.0,45.0,4.0,0.59,13.0
北京,2025-12-10,74.0,good,54.0,96.0,54.0,5.0,0.8,9.0
北京,2025-12-11,54.0,good,34.0,57.0,32.0,4.0,0.65,31.0
北京,2025-12-12,43.0,excellent,20.0,43.0,32.0,4.0,0.7,20.0
北京,2025-12-13,28.0,excellent,18.0,28.0,20.0,3.0,0.52,36.0
北京,2025-12-14,46.0,excellent,25.0,46.0,32.0,3.0,0.59,30.0
北京,2025-12-15,65.0,good,44.0,80.0,47.0,3.0,0.85,16.0
北京,2025-12-16,55.0,good,33.0,60.0,38.0,3.0,0.77,26.0
北京,2025-12-17,81.0,good,60.0,94.0,49.0,4.0,0.99,17.0
北京,2025-12-18,174.0,moderately_polluted,132.0,175.0,56.0,3.0,1.21,8.0
北京,2025-12-19,138.0,lightly_polluted,105.0,133.0,32.0,3.0,0.88,36.0
北京,2025-12-20,28.0,excellent,2.0,7.0,9.0,3.0,0.3,53.0
北京,2025-12-21,38.0,excellent,11.0,31.0,30.0,3.0,0.47,24.0
北京,2025-12-22,64.0,good,42.0,77.0,50.0,4.0,0.83,9.0
北京,2025-12-23,50.0,excellent,31.0,50.0,32.0,3.0,0.61,33.0
北京,2025-12-24,29.0,excellent,7.0,17.0,23.0,3.0,0.38,35.0
北京,2025-12-25,26.0,excellent,8.0,20.0,14.0,3.0,0.33,41.0
北京,2025-12-26,52.0,good,29.0,52.0,42.0,4.0,0.62,11.0
北京,2025-12-27,60.0,good,42.0,69.0,47.0,4.0,0.78,10.0
北京,2025-12-28,90.0,good,67.0,105.0,62.0,4.0,1.05,9.0
北京,2025-12-29,31.0,excellent,15.0,28.0,25.0,3.0,0.44,43.0
北京,2025-12-30,26.0,excellent,8.0,18.0,16.0,3.0,0.38,47.0
北京,2025-12-31,27.0,excellent,7.0,17.0,15.0,3.0,0.34,42.0
上海,2025-01-01,60.0,good,29.0,69.0,46.0,7.0,0.59,50.0
上海,2025-01-02,61.0,good,18.0,39.0,49.0,7.0,0.52,48.0
上海,2025-01-03,55.0,good,33.0,60.0,44.0,7.0,0.63,53.0
上海,2025-01-04,49.0,excellent,20.0,35.0,39.0,7.0,0.53,59.0
上海,2025-01-05,62.0,good,45.0,69.0,49.0,8.0,0.74,57.0
上海,2025-01-06,90.0,good,67.0,111.0,52.0,9.0,0.89,48.0
上海,2025-01-07,64.0,good,46.0,75.0,50.0,8.0,0.85,34.0
上海,2025-01-08,84.0,good,52.0,80.0,67.0,10.0,0.95,28.0
上海,2025-01-09,31.0,excellent,15.0,31.0,23.0,7.0,0.59,56.0
上海,2025-01-10,42.0,excellent,17.0,40.0,34.0,8.0,0.7,47.0
上海,2025-01-11,75.0,good,38.0,64.0,60.0,10.0,0.9,24.0
上海,2025-01-12,76.0,good,48.0,87.0,61.0,9.0,0.86,32.0
上海,2025-01-13,89.0,good,66.0,108.0,62.0,8.0,0.87,51.0
上海,2025-01-14,95.0,good,71.0,111.0,68.0,9.0,0.9,60.0
上海,2025-01-15,38.0,excellent,20.0,38.0,27.0,8.0,0.59,52.0
上海,2025-01-16,75.0,good,31.0,65.0,60.0,10.0,0.83,22.0
上海,2025-01-17,99.0,good,53.0,92.0,79.0,11.0,0.96,24.0
上海,2025-01-18,72.0,good,53.0,80.0,57.0,8.0,0.7,51.0
上海,2025-01-19,96.0,good,72.0,97.0,68.0,9.0,0.82,48.0
上海,2025-01-20,149.0,lightly_polluted,114.0,153.0,96.0,11.0,1.2,44.0
上海,2025-01-21,112.0,lightly_polluted,85.0,110.0,58.0,9.0,0.86,58.0
上海,2025-01-22,46.0,excellent,21.0,28.0,33.0,7.0,0.45,73.0
上海,2025-01-23,50.0,excellent,21.0,36.0,40.0,5.0,0.5,52.0
上海,2025-01-24,43.0,excellent,23.0,36.0,30.0,6.0,0.54,74.0
上海,2025-01-25,41.0,excellent,14.0,32.0,22.0,6.0,0.5,78.0
上海,2025-01-26,42.0,excellent,27.0,42.0,23.0,6.0,0.67,78.0
上海,2025-01-27,51.0,good,34.0,52.0,14.0,6.0,0.65,71.0
上海,2025-01-28,46.0,excellent,25.0,46.0,14.0,8.0,0.64,75.0
上海,2025-01-29,91.0,good,68.0,99.0,21.0,11.0,0.83,75.0
上海,2025-01-30,50.0,excellent,28.0,45.0,17.0,7.0,0.64,92.0
上海,2025-01-31,40.0,excellent,21.0,31.0,22.0,6.0,0.63,63.0
上海,2025-02-01,36.0,excellent,18.0,19.0,15.0,5.0,0.7,68.0
上海,2025-02-02,56.0,good,34.0,61.0,16.0,6.0,0.82,73.0
上海,2025-02-03,66.0,good,48.0,67.0,15.0,6.0,0.86,74.0
上海,2025-02-04,61.0,good,44.0,58.0,24.0,7.0,0.83,67.0
上海,2025-02-05,54.0,good,38.0,50.0,30.0,7.0,0.78,61.0
上海,2025-02-06,40.0,excellent,21.0,36.0,24.0,7.0,0.64,67.0
上海,2025-02-07,53.0,good,25.0,56.0,23.0,7.0,0.65,56.0
上海,2025-02-08,36.0,excellent,17.0,36.0,19.0,8.0,0.71,59.0
上海,2025-02-09,41.0,excellent,26.0,41.0,30.0,8.0,0.79,57.0
上海,2025-02-10,49.0,excellent,33.0,49.0,34.0,7.0,0.7,66.0
上海,2025-02-11,40.0,excellent,17.0,25.0,23.0,6.0,0.59,69.0
上海,2025-02-12,74.0,good,54.0,66.0,29.0,6.0,0.85,52.0
上海,2025-02-13,40.0,excellent,23.0,33.0,24.0,6.0,0.59,68.0
上海,2025-02-14,44.0,excellent,14.0,33.0,35.0,6.0,0.55,56.0
上海,2025-02-15,62.0,good,42.0,54.0,50.0,6.0,0.73,23.0
上海,2025-02-16,108.0,lightly_polluted,81.0,96.0,47.0,7.0,1.05,49.0
上海,2025-02-17,56.0,good,40.0,61.0,25.0,7.0,0.65,75.0
上海,2025-02-18,41.0,excellent,21.0,39.0,33.0,8.0,0.62,68.0
上海,2025-02-19,46.0,excellent,26.0,46.0,30.0,7.0,0.55,75.0
上海,2025-02-20,44.0,excellent,16.0,27.0,21.0,6.0,0.51,81.0
上海,2025-02-21,44.0,excellent,17.0,33.0,24.0,6.0,0.56,79.0
上海,2025-02-22,56.0,good,40.0,56.0,28.0,6.0,0.65,90.0
上海,2025-02-23,56.0,good,40.0,49.0,26.0,6.0,0.69,77.0
上海,2025-02-24,70.0,good,51.0,63.0,37.0,8.0,0.78,72.0
上海,2025-02-25,80.0,good,59.0,82.0,49.0,7.0,0.8,64.0
上海,2025-02-26,131.0,lightly_polluted,100.0,125.0,65.0,9.0,1.12,53.0
上海,2025-02-27,125.0,lightly_polluted,95.0,109.0,45.0,7.0,0.95,78.0
上海,2025-02-28,58.0,good,36.0,39.0,46.0,6.0,0.77,49.0
上海,2025-03-01,57.0,good,28.0,34.0,34.0,6.0,0.67,81.0
上海,2025-03-02,57.0,good,37.0,54.0,45.0,7.0,0.69,73.0
上海,2025-03-03,44.0,excellent,15.0,22.0,24.0,5.0,0.69,66.0
上海,2025-03-04,32.0,excellent,13.0,16.0,25.0,5.0,0.63,56.0
上海,2025-03-05,39.0,excellent,13.0,18.0,21.0,6.0,0.57,76.0
上海,2025-03-06,47.0,excellent,21.0,37.0,22.0,6.0,0.6,87.0
上海,2025-03-07,50.0,excellent,29.0,47.0,32.0,6.0,0.59,84.0
上海,2025-03-08,56.0,good,39.0,59.0,39.0,7.0,0.64,82.0
上海,2025-03-09,52.0,good,23.0,34.0,28.0,6.0,0.5,87.0
上海,2025-03-10,55.0,good,24.0,39.0,44.0,6.0,0.52,52.0
上海,2025-03-11,50.0,excellent,35.0,38.0,40.0,6.0,0.56,47.0
上海,2025-03-12,46.0,excellent,19.0,20.0,37.0,6.0,0.58,42.0
上海,2025-03-13,41.0,excellent,19.0,31.0,30.0,6.0,0.56,73.0
上海,2025-03-14,41.0,excellent,13.0,40.0,33.0,6.0,0.51,67.0
上海,2025-03-15,42.0,excellent,11.0,21.0,21.0,6.0,0.53,80.0
上海,2025-03-16,45.0,excellent,29.0,45.0,26.0,7.0,0.67,70.0
上海,2025-03-17,50.0,excellent,30.0,47.0,40.0,7.0,0.61,66.0
上海,2025-03-18,46.0,excellent,22.0,43.0,32.0,7.0,0.59,78.0
上海,2025-03-19,46.0,excellent,19.0,37.0,35.0,7.0,0.6,74.0
上海,2025-03-20,64.0,good,37.0,62.0,46.0,8.0,0.61,91.0
上海,2025-03-21,80.0,good,41.0,65.0,64.0,9.0,0.68,78.0
上海,2025-03-22,84.0,good,44.0,74.0,67.0,9.0,0.68,85.0
上海,2025-03-23,80.0,good,46.0,79.0,49.0,9.0,0.68,105.0
上海,2025-03-24,82.0,good,34.0,71.0,39.0,8.0,0.66,103.0
上海,2025-03-25,81.0,good,44.0,101.0,52.0,8.0,0.71,107.0
上海,2025-03-26,104.0,lightly_polluted,54.0,93.0,50.0,9.0,0.82,123.0
上海,2025-03-27,62.0,good,40.0,71.0,32.0,7.0,0.8,85.0
上海,2025-03-28,50.0,excellent,19.0,50.0,22.0,6.0,0.61,72.0
上海,2025-03-29,58.0,good,32.0,65.0,28.0,7.0,0.61,60.0
上海,2025-03-30,47.0,excellent,13.0,30.0,20.0,7.0,0.5,89.0
上海,2025-03-31,53.0,good,16.0,37.0,23.0,7.0,0.51,96.0
上海,2025-04-01,62.0,good,25.0,44.0,28.0,7.0,0.56,103.0
上海,2025-04-02,71.0,good,45.0,72.0,39.0,8.0,0.68,111.0
上海,2025-04-03,67.0,good,33.0,42.0,33.0,7.0,0.63,92.0
上海,2025-04-04,68.0,good,23.0,38.0,30.0,7.0,0.58,99.0
上海,2025-04-05,76.0,good,44.0,68.0,35.0,8.0,0.75,102.0
上海,2025-04-06,75.0,good,49.0,71.0,40.0,8.0,0.69,96.0
上海,2025-04-07,88.0,good,40.0,58.0,32.0,8.0,0.61,121.0
上海,2025-04-08,103.0,lightly_polluted,39.0,79.0,40.0,9.0,0.68,138.0
上海,2025-04-09,105.0,lightly_polluted,54.0,90.0,50.0,9.0,0.78,121.0
上海,2025-04-10,87.0,good,60.0,81.0,46.0,8.0,0.72,110.0
上海,2025-04-11,64.0,good,46.0,64.0,42.0,9.0,0.68,92.0
上海,2025-04-12,86.0,good,31.0,123.0,17.0,6.0,0.55,86.0
上海,2025-04-13,94.0,good,26.0,137.0,18.0,7.0,0.45,84.0
上海,2025-04-14,76.0,good,25.0,101.0,24.0,7.0,0.55,88.0
上海,2025-04-15,71.0,good,22.0,63.0,38.0,8.0,0.6,94.0
上海,2025-04-16,98.0,good,28.0,69.0,37.0,8.0,0.68,122.0
上海,2025-04-17,74.0,good,33.0,79.0,38.0,7.0,0.68,87.0
上海,2025-04-18,72.0,good,34.0,68.0,29.0,7.0,0.7,94.0
上海,2025-04-19,63.0,good,29.0,63.0,20.0,6.0,0.76,91.0
上海,2025-04-20,72.0,good,35.0,43.0,22.0,6.0,0.79,109.0
上海,2025-04-21,62.0,good,26.0,37.0,20.0,5.0,0.59,95.0
上海,2025-04-22,61.0,good,44.0,44.0,23.0,6.0,0.77,71.0
上海,2025-04-23,92.0,good,44.0,64.0,32.0,7.0,0.8,119.0
上海,2025-04-24,90.0,good,61.0,104.0,49.0,8.0,0.85,98.0
上海,2025-04-25,58.0,good,17.0,51.0,24.0,6.0,0.43,88.0
上海,2025-04-26,54.0,good,14.0,34.0,29.0,6.0,0.48,88.0
上海,2025-04-27,50.0,excellent,17.0,40.0,29.0,6.0,0.58,85.0
上海,2025-04-28,54.0,good,30.0,45.0,37.0,6.0,0.73,76.0
上海,2025-04-29,61.0,good,24.0,38.0,32.0,7.0,0.58,88.0
上海,2025-04-30,89.0,good,19.0,45.0,25.0,7.0,0.58,117.0
上海,2025-05-01,65.0,good,30.0,60.0,22.0,6.0,0.69,108.0
上海,2025-05-02,96.0,good,28.0,55.0,19.0,7.0,0.63,138.0
上海,2025-05-03,86.0,good,25.0,53.0,14.0,6.0,0.67,121.0
上海,2025-05-04,62.0,good,10.0,24.0,15.0,6.0,0.47,105.0
上海,2025-05-05,45.0,excellent,20.0,35.0,21.0,5.0,0.7,78.0
上海,2025-05-06,71.0,good,52.0,72.0,22.0,6.0,0.83,102.0
上海,2025-05-07,70.0,good,23.0,65.0,19.0,6.0,0.54,106.0
上海,2025-05-08,62.0,good,18.0,52.0,15.0,5.0,0.54,101.0
上海,2025-05-09,57.0,good,11.0,22.0,16.0,5.0,0.68,84.0
上海,2025-05-10,63.0,good,23.0,46.0,27.0,6.0,0.65,87.0
上海,2025-05-11,74.0,good,23.0,37.0,23.0,6.0,0.58,108.0
上海,2025-05-12,88.0,good,34.0,51.0,34.0,7.0,0.59,120.0
上海,2025-05-13,112.0,lightly_polluted,23.0,41.0,19.0,6.0,0.53,143.0
上海,2025-05-14,96.0,good,18.0,34.0,19.0,6.0,0.58,124.0
上海,2025-05-15,82.0,good,23.0,44.0,37.0,7.0,0.65,90.0
上海,2025-05-16,46.0,excellent,32.0,40.0,27.0,5.0,0.78,57.0
上海,2025-05-17,70.0,good,44.0,47.0,32.0,6.0,0.96,101.0
上海,2025-05-18,67.0,good,25.0,69.0,20.0,6.0,0.55,97.0
上海,2025-05-19,68.0,good,26.0,41.0,21.0,6.0,0.65,96.0
上海,2025-05-20,41.0,excellent,29.0,38.0,27.0,6.0,0.68,51.0
上海,2025-05-21,40.0,excellent,23.0,24.0,31.0,5.0,0.71,52.0
上海,2025-05-22,60.0,good,23.0,30.0,27.0,6.0,0.71,80.0
上海,2025-05-23,45.0,excellent,6.0,7.0,13.0,5.0,0.5,77.0
上海,2025-05-24,72.0,good,30.0,39.0,17.0,6.0,0.61,113.0
上海,2025-05-25,81.0,good,31.0,43.0,28.0,7.0,0.62,106.0
上海,2025-05-26,68.0,good,25.0,33.0,24.0,6.0,0.5,96.0
上海,2025-05-27,69.0,good,20.0,28.0,18.0,6.0,0.48,107.0
上海,2025-05-28,74.0,good,18.0,32.0,20.0,6.0,0.52,117.0
上海,2025-05-29,68.0,good,23.0,32.0,20.0,6.0,0.54,95.0
上海,2025-05-30,92.0,good,39.0,50.0,25.0,7.0,0.6,132.0
上海,2025-05-31,99.0,good,35.0,44.0,18.0,6.0,0.6,137.0
上海,2025-06-01,81.0,good,11.0,14.0,8.0,5.0,0.52,130.0
上海,2025-06-02,58.0,good,9.0,12.0,15.0,5.0,0.63,85.0
上海,2025-06-03,78.0,good,23.0,33.0,18.0,6.0,0.67,123.0
上海,2025-06-04,128.0,lightly_polluted,44.0,51.0,26.0,7.0,0.69,164.0
上海,2025-06-05,118.0,lightly_polluted,21.0,36.0,29.0,7.0,0.53,128.0
上海,2025-06-06,103.0,lightly_polluted,19.0,41.0,17.0,7.0,0.52,127.0
上海,2025-06-07,44.0,excellent,21.0,41.0,27.0,6.0,0.65,51.0
上海,2025-06-08,38.0,excellent,12.0,14.0,19.0,5.0,0.55,65.0
上海,2025-06-09,36.0,excellent,12.0,18.0,22.0,5.0,0.57,59.0
上海,2025-06-10,30.0,excellent,16.0,19.0,23.0,5.0,0.58,49.0
上海,2025-06-11,32.0,excellent,19.0,23.0,22.0,6.0,0.51,58.0
上海,2025-06-12,46.0,excellent,9.0,11.0,19.0,5.0,0.54,78.0
上海,2025-06-13,22.0,excellent,7.0,14.0,17.0,5.0,0.54,22.0
上海,2025-06-14,46.0,excellent,23.0,30.0,23.0,6.0,0.68,62.0
上海,2025-06-15,34.0,excellent,10.0,16.0,20.0,5.0,0.6,46.0
上海,2025-06-16,81.0,good,13.0,23.0,15.0,6.0,0.5,123.0
上海,2025-06-17,112.0,lightly_polluted,27.0,56.0,25.0,7.0,0.62,135.0
上海,2025-06-18,99.0,good,24.0,51.0,27.0,7.0,0.57,107.0
上海,2025-06-19,68.0,good,19.0,36.0,26.0,7.0,0.56,65.0
上海,2025-06-20,40.0,excellent,11.0,23.0,16.0,6.0,0.49,57.0
上海,2025-06-21,48.0,excellent,13.0,27.0,16.0,6.0,0.57,68.0
上海,2025-06-22,48.0,excellent,6.0,12.0,16.0,5.0,0.53,84.0
上海,2025-06-23,45.0,excellent,7.0,10.0,15.0,5.0,0.53,82.0
上海,2025-06-24,44.0,excellent,16.0,20.0,18.0,5.0,0.61,79.0
上海,2025-06-25,71.0,good,26.0,37.0,24.0,6.0,0.6,95.0
上海,2025-06-26,86.0,good,31.0,38.0,19.0,6.0,0.63,111.0
上海,2025-06-27,89.0,good,25.0,33.0,22.0,6.0,0.6,98.0
上海,2025-06-28,77.0,good,24.0,36.0,21.0,6.0,0.59,104.0
上海,2025-06-29,81.0,good,15.0,22.0,14.0,6.0,0.51,93.0
上海,2025-06-30,44.0,excellent,8.0,16.0,11.0,6.0,0.47,56.0
上海,2025-07-01,41.0,excellent,8.0,21.0,11.0,6.0,0.45,55.0
上海,2025-07-02,44.0,excellent,10.0,25.0,12.0,6.0,0.48,61.0
上海,2025-07-03,55.0,good,13.0,29.0,10.0,6.0,0.52,83.0
上海,2025-07-04,68.0,good,14.0,32.0,10.0,6.0,0.51,91.0
上海,2025-07-05,62.0,good,14.0,29.0,10.0,6.0,0.5,80.0
上海,2025-07-06,63.0,good,10.0,21.0,12.0,6.0,0.55,76.0
上海,2025-07-07,34.0,excellent,5.0,15.0,8.0,6.0,0.5,46.0
上海,2025-07-08,24.0,excellent,5.0,20.0,8.0,6.0,0.5,37.0
上海,2025-07-09,27.0,excellent,7.0,23.0,7.0,6.0,0.5,44.0
上海,2025-07-10,41.0,excellent,25.0,41.0,8.0,7.0,0.5,40.0
上海,2025-07-11,24.0,excellent,13.0,24.0,10.0,6.0,0.53,42.0
上海,2025-07-12,26.0,excellent,9.0,17.0,8.0,6.0,0.5,45.0
上海,2025-07-13,34.0,excellent,11.0,19.0,11.0,6.0,0.57,57.0
上海,2025-07-14,78.0,good,28.0,40.0,17.0,6.0,0.74,106.0
上海,2025-07-15,101.0,lightly_polluted,25.0,42.0,23.0,7.0,0.67,131.0
上海,2025-07-16,102.0,lightly_polluted,29.0,49.0,16.0,6.0,0.7,120.0
上海,2025-07-17,84.0,good,26.0,43.0,17.0,6.0,0.72,103.0
上海,2025-07-18,73.0,good,16.0,24.0,17.0,6.0,0.7,92.0
上海,2025-07-19,27.0,excellent,7.0,17.0,8.0,6.0,0.5,28.0
上海,2025-07-20,28.0,excellent,7.0,28.0,5.0,6.0,0.48,28.0
上海,2025-07-21,26.0,excellent,6.0,26.0,6.0,6.0,0.5,29.0
上海,2025-07-22,26.0,excellent,7.0,26.0,6.0,6.0,0.5,22.0
上海,2025-07-23,24.0,excellent,7.0,24.0,8.0,6.0,0.5,25.0
上海,2025-07-24,26.0,excellent,11.0,26.0,9.0,6.0,0.5,29.0
上海,2025-07-25,25.0,excellent,11.0,25.0,7.0,6.0,0.51,37.0
上海,2025-07-26,18.0,excellent,6.0,18.0,7.0,5.0,0.51,30.0
上海,2025-07-27,21.0,excellent,7.0,18.0,8.0,6.0,0.5,36.0
上海,2025-07-28,24.0,excellent,8.0,24.0,8.0,6.0,0.5,26.0
上海,2025-07-29,22.0,excellent,9.0,22.0,8.0,7.0,0.5,29.0
上海,2025-07-30,22.0,excellent,4.0,11.0,6.0,5.0,0.52,37.0
上海,2025-07-31,40.0,excellent,9.0,20.0,9.0,6.0,0.59,65.0
上海,2025-08-01,53.0,good,21.0,36.0,10.0,6.0,0.6,88.0
上海,2025-08-02,51.0,good,22.0,36.0,17.0,6.0,0.67,74.0
上海,2025-08-03,55.0,good,21.0,30.0,16.0,5.0,0.73,88.0
上海,2025-08-04,65.0,good,22.0,29.0,20.0,6.0,0.84,79.0
上海,2025-08-05,52.0,good,20.0,27.0,15.0,5.0,0.69,92.0
上海,2025-08-06,63.0,good,15.0,25.0,14.0,6.0,0.7,87.0
上海,2025-08-07,60.0,good,16.0,27.0,20.0,6.0,0.64,79.0
上海,2025-08-08,68.0,good,18.0,33.0,21.0,6.0,0.61,92.0
上海,2025-08-09,63.0,good,24.0,38.0,20.0,6.0,0.65,82.0
上海,2025-08-10,47.0,excellent,22.0,41.0,25.0,6.0,0.69,57.0
上海,2025-08-11,58.0,good,26.0,40.0,23.0,5.0,0.75,80.0
上海,2025-08-12,69.0,good,19.0,34.0,23.0,6.0,0.69,82.0
上海,2025-08-13,38.0,excellent,9.0,21.0,8.0,6.0,0.5,46.0
上海,2025-08-14,26.0,excellent,7.0,21.0,8.0,5.0,0.49,32.0
上海,2025-08-15,27.0,excellent,6.0,17.0,9.0,5.0,0.48,37.0
上海,2025-08-16,28.0,excellent,12.0,28.0,9.0,6.0,0.44,42.0
上海,2025-08-17,32.0,excellent,18.0,30.0,10.0,6.0,0.48,46.0
上海,2025-08-18,37.0,excellent,8.0,14.0,10.0,5.0,0.5,52.0
上海,2025-08-19,44.0,excellent,8.0,19.0,12.0,6.0,0.5,61.0
上海,2025-08-20,58.0,good,12.0,27.0,15.0,6.0,0.57,75.0
上海,2025-08-21,87.0,good,27.0,44.0,16.0,6.0,0.67,120.0
上海,2025-08-22,98.0,good,24.0,38.0,19.0,6.0,0.66,110.0
上海,2025-08-23,98.0,good,23.0,37.0,18.0,6.0,0.65,119.0
上海,2025-08-24,79.0,good,16.0,29.0,15.0,6.0,0.55,85.0
上海,2025-08-25,67.0,good,12.0,27.0,21.0,5.0,0.6,64.0
上海,2025-08-26,60.0,good,19.0,35.0,27.0,6.0,0.65,90.0
上海,2025-08-27,49.0,excellent,7.0,15.0,14.0,6.0,0.49,51.0
上海,2025-08-28,40.0,excellent,6.0,15.0,12.0,6.0,0.48,53.0
上海,2025-08-29,38.0,excellent,6.0,16.0,11.0,6.0,0.5,50.0
上海,2025-08-30,36.0,excellent,6.0,15.0,10.0,6.0,0.46,50.0
上海,2025-08-31,46.0,excellent,11.0,23.0,14.0,5.0,0.5,67.0
上海,2025-09-01,72.0,good,19.0,31.0,24.0,6.0,0.58,88.0
上海,2025-09-02,42.0,excellent,15.0,26.0,27.0,5.0,0.56,51.0
上海,2025-09-03,43.0,excellent,15.0,22.0,22.0,6.0,0.55,62.0
上海,2025-09-04,46.0,excellent,13.0,23.0,20.0,6.0,0.57,63.0
上海,2025-09-05,68.0,good,14.0,26.0,20.0,6.0,0.58,78.0
上海,2025-09-06,68.0,good,12.0,25.0,15.0,5.0,0.59,91.0
上海,2025-09-07,105.0,lightly_polluted,26.0,42.0,27.0,6.0,0.8,104.0
上海,2025-09-08,63.0,good,11.0,19.0,20.0,5.0,0.6,66.0
上海,2025-09-09,42.0,excellent,13.0,24.0,22.0,6.0,0.7,62.0
上海,2025-09-10,50.0,excellent,11.0,24.0,15.0,5.0,0.6,90.0
上海,2025-09-11,70.0,good,14.0,30.0,15.0,5.0,0.6,105.0
上海,2025-09-12,72.0,good,18.0,37.0,16.0,5.0,0.64,112.0
上海,2025-09-13,72.0,good,27.0,42.0,22.0,5.0,0.77,89.0
上海,2025-09-14,62.0,good,25.0,29.0,17.0,5.0,0.71,87.0
上海,2025-09-15,77.0,good,22.0,30.0,22.0,6.0,0.68,89.0
上海,2025-09-16,70.0,good,13.0,24.0,17.0,6.0,0.6,83.0
上海,2025-09-17,68.0,good,13.0,30.0,19.0,5.0,0.64,66.0
上海,2025-09-18,46.0,excellent,8.0,24.0,11.0,5.0,0.6,86.0
上海,2025-09-19,48.0,excellent,8.0,25.0,14.0,5.0,0.59,77.0
上海,2025-09-20,35.0,excellent,12.0,22.0,17.0,5.0,0.63,56.0
上海,2025-09-21,57.0,good,10.0,21.0,12.0,5.0,0.57,101.0
上海,2025-09-22,52.0,good,8.0,22.0,15.0,5.0,0.54,81.0
上海,2025-09-23,37.0,excellent,8.0,25.0,14.0,5.0,0.56,57.0
上海,2025-09-24,22.0,excellent,6.0,22.0,13.0,5.0,0.5,25.0
上海,2025-09-25,24.0,excellent,6.0,21.0,15.0,5.0,0.52,32.0
上海,2025-09-26,32.0,excellent,9.0,22.0,22.0,5.0,0.56,42.0
上海,2025-09-27,44.0,excellent,15.0,28.0,23.0,6.0,0.62,58.0
上海,2025-09-28,73.0,good,24.0,37.0,20.0,5.0,0.69,86.0
上海,2025-09-29,44.0,excellent,15.0,19.0,17.0,5.0,0.87,74.0
上海,2025-09-30,46.0,excellent,18.0,27.0,24.0,5.0,0.84,73.0
上海,2025-10-01,50.0,excellent,29.0,30.0,20.0,5.0,0.83,86.0
上海,2025-10-02,69.0,good,15.0,22.0,10.0,5.0,0.7,105.0
上海,2025-10-03,49.0,excellent,28.0,43.0,20.0,6.0,0.95,68.0
上海,2025-10-04,46.0,excellent,17.0,23.0,20.0,6.0,0.76,73.0
上海,2025-10-05,48.0,excellent,14.0,23.0,16.0,6.0,0.57,68.0
上海,2025-10-06,53.0,good,15.0,29.0,20.0,6.0,0.6,69.0
上海,2025-10-07,50.0,excellent,23.0,35.0,16.0,5.0,0.76,78.0
上海,2025-10-08,43.0,excellent,9.0,13.0,12.0,5.0,0.62,78.0
上海,2025-10-09,49.0,excellent,8.0,19.0,15.0,5.0,0.51,77.0
上海,2025-10-10,46.0,excellent,10.0,32.0,13.0,6.0,0.5,76.0
上海,2025-10-11,68.0,good,15.0,38.0,18.0,6.0,0.55,92.0
上海,2025-10-12,82.0,good,22.0,40.0,16.0,6.0,0.54,105.0
上海,2025-10-13,64.0,good,44.0,61.0,28.0,6.0,0.84,58.0
上海,2025-10-14,40.0,excellent,28.0,32.0,28.0,5.0,1.0,26.0
上海,2025-10-15,48.0,excellent,17.0,27.0,22.0,6.0,0.65,81.0
上海,2025-10-16,42.0,excellent,17.0,21.0,19.0,6.0,0.76,58.0
上海,2025-10-17,44.0,excellent,8.0,16.0,19.0,6.0,0.51,71.0
上海,2025-10-18,38.0,excellent,9.0,18.0,15.0,5.0,0.48,59.0
上海,2025-10-19,37.0,excellent,10.0,26.0,11.0,6.0,0.4,72.0
上海,2025-10-20,38.0,excellent,10.0,30.0,10.0,6.0,0.44,74.0
上海,2025-10-21,38.0,excellent,7.0,28.0,10.0,6.0,0.41,75.0
上海,2025-10-22,41.0,excellent,8.0,26.0,12.0,6.0,0.42,79.0
上海,2025-10-23,42.0,excellent,11.0,28.0,18.0,6.0,0.45,74.0
上海,2025-10-24,46.0,excellent,11.0,30.0,17.0,6.0,0.47,83.0
上海,2025-10-25,49.0,excellent,14.0,31.0,17.0,6.0,0.47,89.0
上海,2025-10-26,45.0,excellent,23.0,39.0,22.0,6.0,0.58,78.0
上海,2025-10-27,41.0,excellent,29.0,36.0,21.0,6.0,0.65,70.0
上海,2025-10-28,52.0,good,10.0,20.0,27.0,6.0,0.43,74.0
上海,2025-10-29,40.0,excellent,8.0,21.0,32.0,6.0,0.39,58.0
上海,2025-10-30,51.0,good,10.0,27.0,41.0,6.0,0.45,40.0
上海,2025-10-31,39.0,excellent,15.0,29.0,31.0,7.0,0.53,53.0
上海,2025-11-01,119.0,lightly_polluted,90.0,101.0,39.0,7.0,0.92,65.0
上海,2025-11-02,110.0,lightly_polluted,83.0,92.0,38.0,8.0,0.85,71.0
上海,2025-11-03,40.0,excellent,8.0,13.0,23.0,6.0,0.4,64.0
上海,2025-11-04,41.0,excellent,10.0,23.0,33.0,6.0,0.44,49.0
上海,2025-11-05,45.0,excellent,15.0,30.0,36.0,6.0,0.47,49.0
上海,2025-11-06,65.0,good,17.0,32.0,52.0,6.0,0.52,32.0
上海,2025-11-07,62.0,good,18.0,27.0,50.0,6.0,0.56,43.0
上海,2025-11-08,45.0,excellent,26.0,34.0,36.0,6.0,0.63,31.0
上海,2025-11-09,34.0,excellent,17.0,21.0,17.0,6.0,0.52,65.0
上海,2025-11-10,46.0,excellent,24.0,38.0,17.0,6.0,0.51,79.0
上海,2025-11-11,36.0,excellent,6.0,20.0,17.0,6.0,0.36,66.0
上海,2025-11-12,36.0,excellent,11.0,33.0,21.0,6.0,0.45,65.0
上海,2025-11-13,40.0,excellent,13.0,30.0,24.0,7.0,0.48,69.0
上海,2025-11-14,59.0,good,42.0,65.0,39.0,7.0,0.65,67.0
上海,2025-11-15,52.0,good,27.0,49.0,42.0,7.0,0.52,59.0
上海,2025-11-16,46.0,excellent,16.0,33.0,37.0,6.0,0.47,54.0
上海,2025-11-17,35.0,excellent,16.0,35.0,23.0,6.0,0.5,49.0
上海,2025-11-18,37.0,excellent,19.0,37.0,25.0,9.0,0.6,33.0
上海,2025-11-19,55.0,good,33.0,59.0,44.0,9.0,0.69,29.0
上海,2025-11-20,78.0,good,46.0,76.0,62.0,10.0,0.86,22.0
上海,2025-11-21,90.0,good,59.0,88.0,72.0,9.0,0.88,33.0
上海,2025-11-22,125.0,lightly_polluted,95.0,128.0,79.0,10.0,1.05,47.0
上海,2025-11-23,112.0,lightly_polluted,85.0,105.0,58.0,8.0,0.77,80.0
上海,2025-11-24,101.0,lightly_polluted,76.0,99.0,65.0,10.0,0.83,53.0
上海,2025-11-25,86.0,good,36.0,122.0,35.0,9.0,0.59,41.0
上海,2025-11-26,62.0,good,26.0,65.0,50.0,8.0,0.55,31.0
上海,2025-11-27,147.0,lightly_polluted,49.0,244.0,43.0,7.0,0.58,36.0
上海,2025-11-28,148.0,lightly_polluted,52.0,247.0,50.0,8.0,0.7,33.0
上海,2025-11-29,100.0,good,41.0,151.0,50.0,8.0,0.63,58.0
上海,2025-11-30,86.0,good,53.0,110.0,69.0,7.0,0.78,46.0
上海,2025-12-01,91.0,good,68.0,128.0,50.0,7.0,0.85,58.0
上海,2025-12-02,49.0,excellent,15.0,49.0,26.0,6.0,0.5,60.0
上海,2025-12-03,40.0,excellent,19.0,40.0,21.0,6.0,0.51,54.0
上海,2025-12-04,55.0,good,20.0,35.0,44.0,7.0,0.58,34.0
上海,2025-12-05,58.0,good,35.0,58.0,46.0,7.0,0.67,37.0
上海,2025-12-06,81.0,good,53.0,79.0,65.0,7.0,0.72,34.0
上海,2025-12-07,95.0,good,71.0,93.0,74.0,7.0,0.78,52.0
上海,2025-12-08,68.0,good,49.0,71.0,41.0,6.0,0.64,53.0
上海,2025-12-09,51.0,good,15.0,48.0,41.0,6.0,0.5,44.0
上海,2025-12-10,51.0,good,12.0,38.0,41.0,6.0,0.49,42.0
上海,2025-12-11,79.0,good,58.0,94.0,48.0,8.0,0.88,58.0
上海,2025-12-12,38.0,excellent,11.0,21.0,19.0,5.0,0.4,62.0
上海,2025-12-13,34.0,excellent,17.0,34.0,26.0,5.0,0.49,42.0
上海,2025-12-14,59.0,good,42.0,60.0,29.0,6.0,0.73,43.0
上海,2025-12-15,64.0,good,41.0,77.0,50.0,7.0,0.73,43.0
上海,2025-12-16,76.0,good,42.0,72.0,61.0,7.0,0.76,35.0
上海,2025-12-17,109.0,lightly_polluted,82.0,123.0,56.0,8.0,0.97,45.0
上海,2025-12-18,49.0,excellent,28.0,46.0,39.0,6.0,0.53,55.0
上海,2025-12-19,43.0,excellent,21.0,43.0,33.0,6.0,0.52,68.0
上海,2025-12-20,101.0,lightly_polluted,76.0,104.0,43.0,7.0,0.89,48.0
上海,2025-12-21,32.0,excellent,16.0,19.0,16.0,5.0,0.44,58.0
上海,2025-12-22,39.0,excellent,9.0,22.0,31.0,5.0,0.43,38.0
上海,2025-12-23,49.0,excellent,23.0,48.0,39.0,6.0,0.6,32.0
上海,2025-12-24,50.0,excellent,35.0,44.0,33.0,5.0,0.7,20.0
上海,2025-12-25,37.0,excellent,26.0,37.0,21.0,6.0,0.53,54.0
上海,2025-12-26,31.0,excellent,12.0,22.0,25.0,6.0,0.45,48.0
上海,2025-12-27,59.0,good,20.0,38.0,47.0,6.0,0.5,32.0
上海,2025-12-28,82.0,good,57.0,82.0,66.0,8.0,0.82,37.0
上海,2025-12-29,86.0,good,64.0,87.0,63.0,7.0,0.83,43.0
上海,2025-12-30,82.0,good,61.0,77.0,33.0,6.0,0.7,66.0
上海,2025-12-31,38.0,excellent,12.0,24.0,18.0,5.0,0.43,68.0
广州,2025-01-01,71.0,good,52.0,80.0,47.0,8.0,0.86,73.0
广州,2025-01-02,70.0,good,51.0,82.0,55.0,7.0,0.91,64.0
广州,2025-01-03,60.0,good,34.0,62.0,33.0,8.0,0.66,93.0
广州,2025-01-04,62.0,good,42.0,71.0,48.0,8.0,0.71,87.0
广州,2025-01-05,78.0,good,57.0,91.0,48.0,10.0,0.85,91.0
广州,2025-01-06,78.0,good,57.0,85.0,42.0,7.0,0.85,98.0
广州,2025-01-07,78.0,good,57.0,89.0,62.0,7.0,0.84,72.0
广州,2025-01-08,71.0,good,52.0,86.0,57.0,7.0,0.82,72.0
广州,2025-01-09,62.0,good,42.0,74.0,34.0,8.0,0.68,85.0
广州,2025-01-10,46.0,excellent,21.0,45.0,20.0,6.0,0.5,74.0
广州,2025-01-11,42.0,excellent,18.0,36.0,21.0,6.0,0.45,75.0
广州,2025-01-12,48.0,excellent,24.0,46.0,38.0,6.0,0.53,62.0
广州,2025-01-13,81.0,good,36.0,72.0,65.0,7.0,0.72,46.0
广州,2025-01-14,90.0,good,41.0,84.0,72.0,8.0,0.79,48.0
广州,2025-01-15,58.0,good,33.0,65.0,33.0,7.0,0.67,84.0
广州,2025-01-16,58.0,good,32.0,65.0,26.0,6.0,0.61,90.0
广州,2025-01-17,54.0,good,29.0,58.0,38.0,6.0,0.63,73.0
广州,2025-01-18,75.0,good,37.0,71.0,60.0,6.0,0.75,52.0
广州,2025-01-19,78.0,good,39.0,73.0,62.0,6.0,0.83,56.0
广州,2025-01-20,78.0,good,41.0,72.0,62.0,6.0,0.87,56.0
广州,2025-01-21,85.0,good,49.0,83.0,68.0,7.0,0.93,65.0
广州,2025-01-22,62.0,good,38.0,62.0,50.0,5.0,0.87,66.0
广州,2025-01-23,58.0,good,41.0,62.0,44.0,4.0,0.9,47.0
广州,2025-01-24,48.0,excellent,27.0,42.0,28.0,4.0,0.67,74.0
广州,2025-01-25,57.0,good,17.0,30.0,18.0,4.0,0.56,84.0
广州,2025-01-26,36.0,excellent,11.0,19.0,13.0,4.0,0.75,48.0
广州,2025-01-27,40.0,excellent,15.0,24.0,8.0,4.0,0.62,78.0
广州,2025-01-28,45.0,excellent,20.0,44.0,8.0,4.0,0.49,81.0
广州,2025-01-29,66.0,good,48.0,73.0,10.0,10.0,0.51,77.0
广州,2025-01-30,62.0,good,45.0,63.0,14.0,6.0,0.53,75.0
广州,2025-01-31,48.0,excellent,23.0,36.0,11.0,5.0,0.53,84.0
广州,2025-02-01,40.0,excellent,28.0,37.0,16.0,5.0,0.68,55.0
广州,2025-02-02,37.0,excellent,26.0,33.0,16.0,4.0,0.79,24.0
广州,2025-02-03,20.0,excellent,4.0,7.0,7.0,4.0,0.8,36.0
广州,2025-02-04,37.0,excellent,19.0,26.0,8.0,4.0,0.55,68.0
广州,2025-02-05,40.0,excellent,28.0,39.0,15.0,5.0,0.51,62.0
广州,2025-02-06,43.0,excellent,30.0,42.0,15.0,6.0,0.59,54.0
广州,2025-02-07,30.0,excellent,12.0,19.0,8.0,4.0,0.5,57.0
广州,2025-02-08,55.0,good,18.0,60.0,8.0,5.0,0.37,75.0
广州,2025-02-09,42.0,excellent,12.0,33.0,13.0,4.0,0.33,72.0
广州,2025-02-10,49.0,excellent,26.0,49.0,32.0,5.0,0.48,59.0
广州,2025-02-11,51.0,good,30.0,51.0,41.0,5.0,0.58,59.0
广州,2025-02-12,52.0,good,32.0,48.0,42.0,5.0,0.68,57.0
广州,2025-02-13,46.0,excellent,26.0,41.0,18.0,5.0,0.71,68.0
广州,2025-02-14,49.0,excellent,34.0,49.0,31.0,5.0,0.7,68.0
广州,2025-02-15,45.0,excellent,29.0,43.0,36.0,4.0,0.69,39.0
广州,2025-02-16,60.0,good,43.0,64.0,33.0,6.0,0.86,48.0
广州,2025-02-17,43.0,excellent,27.0,43.0,28.0,5.0,0.84,49.0
广州,2025-02-18,52.0,good,31.0,55.0,27.0,7.0,0.78,49.0
广州,2025-02-19,50.0,excellent,28.0,51.0,31.0,6.0,0.7,65.0
广州,2025-02-20,51.0,good,26.0,49.0,38.0,5.0,0.6,69.0
广州,2025-02-21,34.0,excellent,18.0,34.0,23.0,5.0,0.68,43.0
广州,2025-02-22,36.0,excellent,20.0,36.0,27.0,6.0,0.64,36.0
广州,2025-02-23,23.0,excellent,8.0,16.0,14.0,4.0,0.58,40.0
广州,2025-02-24,42.0,excellent,19.0,30.0,19.0,5.0,0.54,72.0
广州,2025-02-25,48.0,excellent,29.0,46.0,38.0,5.0,0.66,34.0
广州,2025-02-26,50.0,excellent,35.0,44.0,35.0,5.0,0.77,18.0
广州,2025-02-27,54.0,good,38.0,59.0,42.0,5.0,0.78,54.0
广州,2025-02-28,47.0,excellent,27.0,47.0,37.0,5.0,0.64,55.0
广州,2025-03-01,42.0,excellent,17.0,37.0,34.0,5.0,0.55,45.0
广州,2025-03-02,37.0,excellent,16.0,36.0,27.0,5.0,0.51,49.0
广州,2025-03-03,39.0,excellent,19.0,38.0,31.0,4.0,0.53,29.0
广州,2025-03-04,36.0,excellent,14.0,23.0,29.0,4.0,0.69,13.0
广州,2025-03-05,24.0,excellent,7.0,12.0,19.0,4.0,0.72,15.0
广州,2025-03-06,20.0,excellent,5.0,10.0,16.0,4.0,0.61,34.0
广州,2025-03-07,24.0,excellent,15.0,19.0,19.0,4.0,0.57,41.0
广州,2025-03-08,32.0,excellent,20.0,29.0,26.0,5.0,0.54,36.0
广州,2025-03-09,54.0,good,35.0,57.0,41.0,7.0,0.67,50.0
广州,2025-03-10,66.0,good,38.0,68.0,53.0,6.0,0.77,66.0
广州,2025-03-11,62.0,good,22.0,45.0,42.0,5.0,0.56,62.0
广州,2025-03-12,52.0,good,20.0,44.0,42.0,6.0,0.55,51.0
广州,2025-03-13,41.0,excellent,16.0,36.0,33.0,5.0,0.47,46.0
广州,2025-03-14,38.0,excellent,18.0,36.0,30.0,5.0,0.5,36.0
广州,2025-03-15,28.0,excellent,10.0,19.0,22.0,4.0,0.66,29.0
广州,2025-03-16,30.0,excellent,5.0,13.0,12.0,4.0,0.46,60.0
广州,2025-03-17,51.0,good,28.0,52.0,19.0,4.0,0.43,82.0
广州,2025-03-18,48.0,excellent,27.0,43.0,30.0,5.0,0.51,70.0
广州,2025-03-19,56.0,good,26.0,47.0,41.0,6.0,0.5,75.0
广州,2025-03-20,64.0,good,31.0,59.0,51.0,6.0,0.53,78.0
广州,2025-03-21,86.0,good,38.0,69.0,52.0,6.0,0.59,99.0
广州,2025-03-22,107.0,lightly_polluted,41.0,74.0,51.0,6.0,0.6,116.0
广州,2025-03-23,122.0,lightly_polluted,40.0,78.0,52.0,7.0,0.6,122.0
广州,2025-03-24,121.0,lightly_polluted,43.0,86.0,53.0,8.0,0.64,113.0
广州,2025-03-25,112.0,lightly_polluted,37.0,73.0,47.0,7.0,0.62,103.0
广州,2025-03-26,78.0,good,23.0,51.0,29.0,5.0,0.5,80.0
广州,2025-03-27,44.0,excellent,19.0,40.0,23.0,5.0,0.44,55.0
广州,2025-03-28,43.0,excellent,24.0,43.0,25.0,4.0,0.58,28.0
广州,2025-03-29,22.0,excellent,6.0,12.0,15.0,4.0,0.51,40.0
广州,2025-03-30,20.0,excellent,4.0,8.0,15.0,4.0,0.48,37.0
广州,2025-03-31,24.0,excellent,6.0,10.0,19.0,4.0,0.53,29.0
广州,2025-04-01,36.0,excellent,17.0,26.0,21.0,5.0,0.52,59.0
广州,2025-04-02,50.0,excellent,26.0,45.0,40.0,6.0,0.57,53.0
广州,2025-04-03,65.0,good,35.0,67.0,52.0,6.0,0.63,76.0
广州,2025-04-04,63.0,good,30.0,62.0,43.0,6.0,0.56,76.0
广州,2025-04-05,37.0,excellent,22.0,32.0,23.0,4.0,0.6,56.0
广州,2025-04-06,60.0,good,38.0,69.0,42.0,6.0,0.72,39.0
广州,2025-04-07,70.0,good,48.0,90.0,51.0,6.0,0.79,86.0
广州,2025-04-08,85.0,good,39.0,77.0,49.0,6.0,0.67,93.0
广州,2025-04-09,76.0,good,32.0,59.0,34.0,5.0,0.68,81.0
广州,2025-04-10,62.0,good,26.0,47.0,30.0,5.0,0.67,70.0
广州,2025-04-11,39.0,excellent,20.0,39.0,30.0,5.0,0.63,33.0
广州,2025-04-12,49.0,excellent,19.0,49.0,20.0,4.0,0.52,36.0
广州,2025-04-13,266.0,heavily_polluted,90.0,396.0,22.0,5.0,0.38,67.0
广州,2025-04-14,165.0,moderately_polluted,82.0,280.0,49.0,7.0,0.54,70.0
广州,2025-04-15,102.0,lightly_polluted,52.0,153.0,54.0,6.0,0.59,81.0
广州,2025-04-16,98.0,good,42.0,146.0,40.0,6.0,0.51,103.0
广州,2025-04-17,69.0,good,26.0,88.0,20.0,5.0,0.5,92.0
广州,2025-04-18,61.0,good,26.0,72.0,32.0,4.0,0.56,34.0
广州,2025-04-19,37.0,excellent,20.0,37.0,28.0,4.0,0.53,22.0
广州,2025-04-20,36.0,excellent,20.0,36.0,24.0,4.0,0.49,37.0
广州,2025-04-21,34.0,excellent,18.0,32.0,19.0,4.0,0.45,43.0
广州,2025-04-22,40.0,excellent,21.0,37.0,18.0,4.0,0.52,50.0
广州,2025-04-23,48.0,excellent,23.0,41.0,22.0,4.0,0.52,57.0
广州,2025-04-24,38.0,excellent,13.0,25.0,17.0,4.0,0.51,56.0
广州,2025-04-25,28.0,excellent,10.0,14.0,22.0,4.0,0.68,40.0
广州,2025-04-26,35.0,excellent,18.0,35.0,26.0,5.0,0.7,40.0
广州,2025-04-27,35.0,excellent,19.0,35.0,27.0,4.0,0.64,51.0
广州,2025-04-28,41.0,excellent,17.0,27.0,24.0,4.0,0.73,56.0
广州,2025-04-29,78.0,good,20.0,41.0,28.0,5.0,0.62,107.0
广州,2025-04-30,99.0,good,28.0,54.0,29.0,5.0,0.64,118.0
广州,2025-05-01,48.0,excellent,22.0,34.0,20.0,4.0,0.7,79.0
广州,2025-05-02,71.0,good,27.0,47.0,20.0,4.0,0.72,92.0
广州,2025-05-03,81.0,good,29.0,44.0,17.0,4.0,0.69,101.0
广州,2025-05-04,40.0,excellent,17.0,28.0,17.0,4.0,0.6,53.0
广州,2025-05-05,38.0,excellent,15.0,27.0,16.0,4.0,0.58,51.0
广州,2025-05-06,36.0,excellent,14.0,25.0,24.0,4.0,0.58,45.0
广州,2025-05-07,38.0,excellent,12.0,20.0,30.0,4.0,0.6,20.0
广州,2025-05-08,32.0,excellent,15.0,32.0,16.0,4.0,0.52,51.0
广州,2025-05-09,36.0,excellent,12.0,24.0,24.0,4.0,0.53,54.0
广州,2025-05-10,34.0,excellent,15.0,29.0,26.0,4.0,0.6,46.0
广州,2025-05-11,52.0,good,16.0,32.0,18.0,4.0,0.44,88.0
广州,2025-05-12,76.0,good,23.0,43.0,36.0,5.0,0.48,95.0
广州,2025-05-13,98.0,good,24.0,43.0,32.0,5.0,0.51,109.0
广州,2025-05-14,78.0,good,18.0,36.0,23.0,5.0,0.51,91.0
广州,2025-05-15,52.0,good,11.0,25.0,22.0,4.0,0.42,65.0
广州,2025-05-16,32.0,excellent,9.0,21.0,23.0,4.0,0.43,35.0
广州,2025-05-17,32.0,excellent,12.0,22.0,26.0,4.0,0.48,26.0
广州,2025-05-18,29.0,excellent,11.0,18.0,23.0,4.0,0.53,28.0
广州,2025-05-19,35.0,excellent,13.0,24.0,28.0,4.0,0.59,23.0
广州,2025-05-20,29.0,excellent,13.0,24.0,23.0,4.0,0.53,28.0
广州,2025-05-21,33.0,excellent,14.0,26.0,21.0,4.0,0.47,36.0
广州,2025-05-22,30.0,excellent,13.0,26.0,24.0,4.0,0.53,32.0
广州,2025-05-23,28.0,excellent,16.0,27.0,22.0,4.0,0.5,31.0
广州,2025-05-24,35.0,excellent,13.0,22.0,16.0,5.0,0.6,66.0
广州,2025-05-25,52.0,good,30.0,45.0,22.0,5.0,0.6,87.0
广州,2025-05-26,53.0,good,35.0,49.0,20.0,5.0,0.6,84.0
广州,2025-05-27,59.0,good,31.0,45.0,25.0,5.0,0.6,79.0
广州,2025-05-28,51.0,good,25.0,42.0,35.0,5.0,0.62,70.0
广州,2025-05-29,34.0,excellent,14.0,21.0,27.0,4.0,0.72,29.0
广州,2025-05-30,28.0,excellent,10.0,18.0,22.0,4.0,0.66,44.0
广州,2025-05-31,50.0,excellent,17.0,30.0,19.0,5.0,0.57,81.0
广州,2025-06-01,48.0,excellent,21.0,35.0,18.0,4.0,0.58,72.0
广州,2025-06-02,41.0,excellent,15.0,32.0,23.0,4.0,0.57,48.0
广州,2025-06-03,28.0,excellent,9.0,18.0,18.0,4.0,0.73,41.0
广州,2025-06-04,33.0,excellent,15.0,27.0,23.0,5.0,0.75,44.0
广州,2025-06-05,53.0,good,17.0,32.0,27.0,4.0,0.68,80.0
广州,2025-06-06,82.0,good,20.0,38.0,25.0,4.0,0.61,97.0
广州,2025-06-07,73.0,good,15.0,30.0,18.0,4.0,0.57,83.0
广州,2025-06-08,53.0,good,11.0,23.0,14.0,4.0,0.5,65.0
广州,2025-06-09,55.0,good,13.0,27.0,17.0,5.0,0.5,73.0
广州,2025-06-10,60.0,good,14.0,30.0,25.0,5.0,0.53,47.0
广州,2025-06-11,36.0,excellent,8.0,20.0,18.0,4.0,0.51,34.0
广州,2025-06-12,28.0,excellent,9.0,19.0,16.0,4.0,0.52,38.0
广州,2025-06-13,26.0,excellent,8.0,15.0,19.0,4.0,0.55,35.0
广州,2025-06-14,22.0,excellent,8.0,14.0,17.0,4.0,0.54,32.0
广州,2025-06-15,37.0,excellent,12.0,24.0,13.0,4.0,0.54,59.0
广州,2025-06-16,25.0,excellent,10.0,21.0,20.0,4.0,0.58,26.0
广州,2025-06-17,28.0,excellent,7.0,13.0,22.0,4.0,0.55,20.0
广州,2025-06-18,24.0,excellent,9.0,17.0,19.0,4.0,0.53,21.0
广州,2025-06-19,26.0,excellent,7.0,16.0,17.0,4.0,0.5,36.0
广州,2025-06-20,25.0,excellent,7.0,15.0,19.0,4.0,0.51,29.0
广州,2025-06-21,22.0,excellent,8.0,17.0,18.0,4.0,0.53,18.0
广州,2025-06-22,24.0,excellent,9.0,20.0,18.0,4.0,0.56,30.0
广州,2025-06-23,35.0,excellent,8.0,19.0,16.0,4.0,0.51,49.0
广州,2025-06-24,44.0,excellent,9.0,21.0,16.0,4.0,0.5,61.0
广州,2025-06-25,65.0,good,11.0,24.0,20.0,5.0,0.51,76.0
广州,2025-06-26,34.0,excellent,9.0,19.0,21.0,5.0,0.54,33.0
广州,2025-06-27,34.0,excellent,7.0,16.0,19.0,4.0,0.49,40.0
广州,2025-06-28,28.0,excellent,8.0,17.0,21.0,4.0,0.47,37.0
广州,2025-06-29,34.0,excellent,9.0,19.0,20.0,4.0,0.47,43.0
广州,2025-06-30,32.0,excellent,7.0,16.0,17.0,5.0,0.47,39.0
广州,2025-07-01,28.0,excellent,7.0,15.0,19.0,4.0,0.48,27.0
广州,2025-07-02,30.0,excellent,9.0,21.0,18.0,4.0,0.48,36.0
广州,2025-07-03,44.0,excellent,17.0,34.0,26.0,5.0,0.58,66.0
广州,2025-07-04,82.0,good,22.0,39.0,23.0,5.0,0.53,97.0
广州,2025-07-05,101.0,lightly_polluted,23.0,41.0,25.0,5.0,0.54,87.0
广州,2025-07-06,65.0,good,19.0,34.0,21.0,5.0,0.5,84.0
广州,2025-07-07,87.0,good,26.0,42.0,21.0,5.0,0.57,103.0
广州,2025-07-08,67.0,good,13.0,26.0,15.0,5.0,0.48,75.0
广州,2025-07-09,59.0,good,17.0,31.0,16.0,5.0,0.5,87.0
广州,2025-07-10,47.0,excellent,14.0,24.0,21.0,5.0,0.55,52.0
广州,2025-07-11,24.0,excellent,8.0,15.0,16.0,4.0,0.52,39.0
广州,2025-07-12,42.0,excellent,14.0,27.0,25.0,5.0,0.62,47.0
广州,2025-07-13,32.0,excellent,12.0,25.0,19.0,4.0,0.57,42.0
广州,2025-07-14,43.0,excellent,15.0,32.0,20.0,4.0,0.56,56.0
广州,2025-07-15,48.0,excellent,18.0,34.0,21.0,5.0,0.58,66.0
广州,2025-07-16,50.0,excellent,18.0,34.0,18.0,5.0,0.54,69.0
广州,2025-07-17,50.0,excellent,23.0,40.0,21.0,4.0,0.6,65.0
广州,2025-07-18,57.0,good,28.0,46.0,30.0,4.0,0.65,64.0
广州,2025-07-19,39.0,excellent,12.0,22.0,15.0,4.0,0.53,55.0
广州,2025-07-20,22.0,excellent,4.0,11.0,9.0,4.0,0.46,37.0
广州,2025-07-21,34.0,excellent,7.0,12.0,13.0,4.0,0.52,54.0
广州,2025-07-22,24.0,excellent,8.0,16.0,17.0,4.0,0.5,38.0
广州,2025-07-23,36.0,excellent,10.0,19.0,18.0,4.0,0.51,48.0
广州,2025-07-24,44.0,excellent,14.0,24.0,22.0,4.0,0.51,59.0
广州,2025-07-25,57.0,good,14.0,25.0,20.0,4.0,0.5,75.0
广州,2025-07-26,61.0,good,17.0,32.0,22.0,5.0,0.51,80.0
广州,2025-07-27,91.0,good,26.0,43.0,19.0,6.0,0.6,101.0
广州,2025-07-28,61.0,good,24.0,38.0,21.0,5.0,0.62,72.0
广州,2025-07-29,50.0,excellent,21.0,33.0,25.0,5.0,0.6,64.0
广州,2025-07-30,57.0,good,19.0,30.0,21.0,4.0,0.6,77.0
广州,2025-07-31,55.0,good,16.0,28.0,24.0,4.0,0.6,73.0
广州,2025-08-01,70.0,good,15.0,26.0,21.0,4.0,0.57,88.0
广州,2025-08-02,32.0,excellent,14.0,27.0,26.0,4.0,0.58,28.0
广州,2025-08-03,26.0,excellent,14.0,25.0,20.0,4.0,0.53,41.0
广州,2025-08-04,38.0,excellent,16.0,26.0,30.0,4.0,0.63,22.0
广州,2025-08-05,34.0,excellent,10.0,15.0,27.0,4.0,0.53,26.0
广州,2025-08-06,30.0,excellent,9.0,14.0,24.0,4.0,0.5,30.0
广州,2025-08-07,35.0,excellent,14.0,27.0,28.0,5.0,0.56,26.0
广州,2025-08-08,54.0,good,21.0,38.0,27.0,5.0,0.56,83.0
广州,2025-08-09,88.0,good,23.0,40.0,24.0,5.0,0.55,86.0
广州,2025-08-10,66.0,good,14.0,27.0,18.0,5.0,0.47,78.0
广州,2025-08-11,54.0,good,13.0,25.0,22.0,5.0,0.47,56.0
广州,2025-08-12,46.0,excellent,15.0,28.0,21.0,5.0,0.48,63.0
广州,2025-08-13,62.0,good,17.0,33.0,20.0,5.0,0.5,77.0
广州,2025-08-14,34.0,excellent,17.0,30.0,26.0,6.0,0.52,35.0
广州,2025-08-15,26.0,excellent,7.0,13.0,19.0,4.0,0.43,31.0
广州,2025-08-16,30.0,excellent,13.0,24.0,23.0,5.0,0.47,42.0
广州,2025-08-17,31.0,excellent,11.0,22.0,19.0,5.0,0.49,37.0
广州,2025-08-18,23.0,excellent,6.0,12.0,16.0,5.0,0.4,31.0
广州,2025-08-19,34.0,excellent,10.0,17.0,27.0,5.0,0.48,16.0
广州,2025-08-20,32.0,excellent,12.0,24.0,26.0,5.0,0.48,21.0
广州,2025-08-21,33.0,excellent,10.0,23.0,19.0,4.0,0.41,44.0
广州,2025-08-22,47.0,excellent,17.0,31.0,25.0,5.0,0.54,65.0
广州,2025-08-23,68.0,good,20.0,35.0,29.0,5.0,0.5,64.0
广州,2025-08-24,27.0,excellent,9.0,21.0,15.0,5.0,0.4,31.0
广州,2025-08-25,31.0,excellent,10.0,24.0,22.0,5.0,0.42,32.0
广州,2025-08-26,44.0,excellent,15.0,27.0,20.0,5.0,0.42,68.0
广州,2025-08-27,59.0,good,18.0,32.0,29.0,5.0,0.49,61.0
广州,2025-08-28,42.0,excellent,22.0,39.0,34.0,6.0,0.57,57.0
广州,2025-08-29,42.0,excellent,14.0,27.0,21.0,5.0,0.46,49.0
广州,2025-08-30,36.0,excellent,11.0,26.0,21.0,5.0,0.43,46.0
广州,2025-08-31,36.0,excellent,8.0,20.0,18.0,5.0,0.4,51.0
广州,2025-09-01,56.0,good,12.0,25.0,20.0,5.0,0.43,72.0
广州,2025-09-02,62.0,good,11.0,24.0,22.0,6.0,0.43,59.0
广州,2025-09-03,44.0,excellent,11.0,24.0,20.0,5.0,0.44,58.0
广州,2025-09-04,52.0,good,12.0,24.0,20.0,5.0,0.45,65.0
广州,2025-09-05,58.0,good,12.0,24.0,20.0,5.0,0.45,69.0
广州,2025-09-06,65.0,good,17.0,31.0,24.0,5.0,0.49,79.0
广州,2025-09-07,44.0,excellent,14.0,25.0,16.0,5.0,0.45,52.0
广州,2025-09-08,22.0,excellent,4.0,9.0,10.0,5.0,0.44,40.0
广州,2025-09-09,32.0,excellent,8.0,15.0,17.0,5.0,0.49,43.0
广州,2025-09-10,30.0,excellent,9.0,20.0,20.0,5.0,0.44,31.0
广州,2025-09-11,45.0,excellent,15.0,27.0,24.0,5.0,0.48,63.0
广州,2025-09-12,50.0,excellent,11.0,22.0,20.0,5.0,0.43,59.0
广州,2025-09-13,48.0,excellent,12.0,23.0,22.0,5.0,0.42,59.0
广州,2025-09-14,58.0,good,14.0,27.0,21.0,5.0,0.45,73.0
广州,2025-09-15,64.0,good,14.0,25.0,24.0,5.0,0.47,66.0
广州,2025-09-16,39.0,excellent,13.0,26.0,26.0,5.0,0.48,40.0
广州,2025-09-17,48.0,excellent,17.0,31.0,30.0,5.0,0.53,56.0
广州,2025-09-18,38.0,excellent,13.0,25.0,23.0,5.0,0.48,48.0
广州,2025-09-19,30.0,excellent,10.0,20.0,17.0,5.0,0.45,39.0
广州,2025-09-20,20.0,excellent,8.0,12.0,16.0,4.0,0.55,27.0
广州,2025-09-21,22.0,excellent,7.0,11.0,18.0,5.0,0.5,27.0
广州,2025-09-22,28.0,excellent,13.0,23.0,17.0,5.0,0.53,39.0
广州,2025-09-23,32.0,excellent,14.0,24.0,13.0,6.0,0.56,51.0
广州,2025-09-24,24.0,excellent,4.0,9.0,5.0,4.0,0.42,42.0
广州,2025-09-25,26.0,excellent,8.0,15.0,14.0,5.0,0.45,40.0
广州,2025-09-26,30.0,excellent,11.0,21.0,18.0,5.0,0.44,38.0
广州,2025-09-27,37.0,excellent,17.0,33.0,26.0,5.0,0.53,45.0
广州,2025-09-28,38.0,excellent,16.0,33.0,28.0,5.0,0.5,47.0
广州,2025-09-29,43.0,excellent,14.0,29.0,25.0,5.0,0.47,57.0
广州,2025-09-30,64.0,good,20.0,38.0,28.0,6.0,0.54,77.0
广州,2025-10-01,76.0,good,24.0,40.0,28.0,5.0,0.57,81.0
广州,2025-10-02,48.0,excellent,10.0,20.0,17.0,5.0,0.42,58.0
广州,2025-10-03,47.0,excellent,13.0,23.0,19.0,5.0,0.45,60.0
广州,2025-10-04,45.0,excellent,16.0,29.0,21.0,5.0,0.5,50.0
广州,2025-10-05,22.0,excellent,7.0,17.0,12.0,5.0,0.41,33.0
广州,2025-10-06,26.0,excellent,9.0,18.0,12.0,5.0,0.43,40.0
广州,2025-10-07,43.0,excellent,18.0,28.0,19.0,5.0,0.53,58.0
广州,2025-10-08,62.0,good,22.0,35.0,26.0,5.0,0.57,77.0
广州,2025-10-09,72.0,good,25.0,43.0,25.0,5.0,0.57,87.0
广州,2025-10-10,76.0,good,25.0,42.0,25.0,6.0,0.6,89.0
广州,2025-10-11,70.0,good,19.0,35.0,24.0,7.0,0.55,84.0
广州,2025-10-12,37.0,excellent,12.0,25.0,27.0,5.0,0.5,31.0
广州,2025-10-13,31.0,excellent,12.0,23.0,25.0,5.0,0.5,35.0
广州,2025-10-14,36.0,excellent,11.0,23.0,23.0,5.0,0.45,42.0
广州,2025-10-15,51.0,good,17.0,32.0,29.0,6.0,0.52,69.0
广州,2025-10-16,59.0,good,24.0,40.0,32.0,6.0,0.53,63.0
广州,2025-10-17,55.0,good,23.0,39.0,30.0,5.0,0.53,69.0
广州,2025-10-18,48.0,excellent,25.0,42.0,30.0,6.0,0.56,62.0
广州,2025-10-19,42.0,excellent,25.0,39.0,17.0,7.0,0.67,65.0
广州,2025-10-20,32.0,excellent,8.0,15.0,12.0,6.0,0.54,51.0
广州,2025-10-21,24.0,excellent,3.0,9.0,12.0,6.0,0.47,47.0
广州,2025-10-22,24.0,excellent,6.0,12.0,14.0,5.0,0.4,45.0
广州,2025-10-23,30.0,excellent,15.0,24.0,16.0,6.0,0.42,55.0
广州,2025-10-24,44.0,excellent,25.0,42.0,23.0,7.0,0.48,75.0
广州,2025-10-25,52.0,good,25.0,42.0,22.0,8.0,0.47,87.0
广州,2025-10-26,54.0,good,30.0,46.0,18.0,8.0,0.52,89.0
广州,2025-10-27,56.0,good,40.0,54.0,18.0,8.0,0.6,87.0
广州,2025-10-28,59.0,good,42.0,56.0,21.0,7.0,0.65,82.0
广州,2025-10-29,51.0,good,36.0,50.0,25.0,7.0,0.65,64.0
广州,2025-10-30,41.0,excellent,28.0,41.0,28.0,6.0,0.64,52.0
广州,2025-10-31,36.0,excellent,25.0,35.0,21.0,6.0,0.67,45.0
广州,2025-11-01,42.0,excellent,21.0,31.0,17.0,6.0,0.64,69.0
广州,2025-11-02,36.0,excellent,23.0,36.0,19.0,7.0,0.53,59.0
广州,2025-11-03,34.0,excellent,20.0,32.0,16.0,7.0,0.45,61.0
广州,2025-11-04,24.0,excellent,8.0,12.0,19.0,5.0,0.59,35.0
广州,2025-11-05,33.0,excellent,8.0,14.0,18.0,6.0,0.6,49.0
广州,2025-11-06,26.0,excellent,10.0,16.0,21.0,6.0,0.51,21.0
广州,2025-11-07,45.0,excellent,26.0,45.0,30.0,6.0,0.62,56.0
广州,2025-11-08,52.0,good,27.0,46.0,30.0,7.0,0.6,72.0
广州,2025-11-09,44.0,excellent,16.0,26.0,17.0,7.0,0.69,49.0
广州,2025-11-10,33.0,excellent,7.0,14.0,12.0,7.0,0.58,54.0
广州,2025-11-11,28.0,excellent,9.0,18.0,15.0,7.0,0.58,44.0
广州,2025-11-12,32.0,excellent,14.0,24.0,14.0,7.0,0.56,57.0
广州,2025-11-13,34.0,excellent,10.0,17.0,12.0,6.0,0.43,62.0
广州,2025-11-14,40.0,excellent,21.0,32.0,23.0,6.0,0.51,60.0
广州,2025-11-15,44.0,excellent,26.0,42.0,31.0,7.0,0.53,62.0
广州,2025-11-16,49.0,excellent,30.0,49.0,38.0,7.0,0.57,62.0
广州,2025-11-17,46.0,excellent,26.0,45.0,33.0,7.0,0.54,66.0
广州,2025-11-18,41.0,excellent,24.0,41.0,14.0,7.0,0.53,61.0
广州,2025-11-19,28.0,excellent,11.0,21.0,14.0,7.0,0.4,52.0
广州,2025-11-20,36.0,excellent,15.0,27.0,21.0,8.0,0.39,62.0
广州,2025-11-21,42.0,excellent,15.0,29.0,24.0,8.0,0.38,69.0
广州,2025-11-22,51.0,good,24.0,40.0,29.0,8.0,0.46,81.0
广州,2025-11-23,54.0,good,32.0,53.0,43.0,10.0,0.59,65.0
广州,2025-11-24,50.0,excellent,31.0,51.0,37.0,11.0,0.6,74.0
广州,2025-11-25,54.0,good,25.0,44.0,18.0,8.0,0.49,93.0
广州,2025-11-26,60.0,good,29.0,70.0,25.0,8.0,0.45,84.0
广州,2025-11-27,52.0,good,21.0,55.0,26.0,8.0,0.41,67.0
广州,2025-11-28,61.0,good,26.0,72.0,32.0,8.0,0.44,69.0
广州,2025-11-29,72.0,good,34.0,77.0,58.0,8.0,0.58,43.0
广州,2025-11-30,64.0,good,33.0,64.0,51.0,7.0,0.61,40.0
广州,2025-12-01,58.0,good,33.0,57.0,46.0,7.0,0.68,43.0
广州,2025-12-02,62.0,good,31.0,53.0,50.0,6.0,0.77,24.0
广州,2025-12-03,54.0,good,33.0,57.0,19.0,6.0,0.66,86.0
广州,2025-12-04,62.0,good,45.0,72.0,31.0,7.0,0.7,77.0
广州,2025-12-05,66.0,good,48.0,78.0,43.0,9.0,0.76,66.0
广州,2025-12-06,70.0,good,51.0,79.0,39.0,9.0,0.73,77.0
广州,2025-12-07,68.0,good,49.0,75.0,50.0,7.0,0.79,59.0
广州,2025-12-08,55.0,good,39.0,59.0,36.0,7.0,0.71,65.0
广州,2025-12-09,58.0,good,41.0,60.0,39.0,7.0,0.73,76.0
广州,2025-12-10,68.0,good,44.0,71.0,54.0,8.0,0.77,48.0
广州,2025-12-11,64.0,good,41.0,68.0,51.0,8.0,0.72,54.0
广州,2025-12-12,64.0,good,34.0,58.0,39.0,7.0,0.63,85.0
广州,2025-12-13,30.0,excellent,18.0,29.0,23.0,6.0,0.72,38.0
广州,2025-12-14,34.0,excellent,13.0,34.0,19.0,6.0,0.51,52.0
广州,2025-12-15,49.0,excellent,23.0,48.0,39.0,7.0,0.53,49.0
广州,2025-12-16,79.0,good,36.0,69.0,63.0,8.0,0.69,54.0
广州,2025-12-17,59.0,good,28.0,53.0,47.0,9.0,0.65,53.0
广州,2025-12-18,52.0,good,28.0,53.0,40.0,8.0,0.62,67.0
广州,2025-12-19,64.0,good,38.0,61.0,51.0,6.0,0.73,49.0
广州,2025-12-20,46.0,excellent,20.0,37.0,37.0,6.0,0.64,32.0
广州,2025-12-21,50.0,excellent,30.0,50.0,30.0,8.0,0.67,53.0
广州,2025-12-22,69.0,good,50.0,70.0,26.0,6.0,0.79,74.0
广州,2025-12-23,60.0,good,43.0,70.0,41.0,8.0,0.79,72.0
广州,2025-12-24,65.0,good,41.0,68.0,52.0,7.0,0.83,60.0
广州,2025-12-25,24.0,excellent,8.0,15.0,18.0,5.0,0.79,25.0
广州,2025-12-26,46.0,excellent,28.0,46.0,21.0,6.0,0.58,53.0
广州,2025-12-27,45.0,excellent,28.0,45.0,33.0,8.0,0.73,43.0
广州,2025-12-28,61.0,good,35.0,57.0,49.0,8.0,0.83,48.0
广州,2025-12-29,69.0,good,44.0,70.0,55.0,8.0,0.88,53.0
广州,2025-12-30,66.0,good,41.0,65.0,53.0,8.0,0.81,42.0
广州,2025-12-31,62.0,good,38.0,61.0,50.0,7.0,0.72,45.0
深圳,2025-01-01,60.0,good,39.0,69.0,28.0,7.0,0.73,96.0
深圳,2025-01-02,62.0,good,38.0,63.0,38.0,7.0,0.78,84.0
深圳,2025-01-03,68.0,good,31.0,59.0,33.0,8.0,0.65,101.0
深圳,2025-01-04,68.0,good,33.0,63.0,36.0,7.0,0.64,99.0
深圳,2025-01-05,77.0,good,36.0,68.0,40.0,8.0,0.67,96.0
深圳,2025-01-06,87.0,good,45.0,76.0,40.0,8.0,0.75,113.0
深圳,2025-01-07,78.0,good,36.0,64.0,34.0,7.0,0.68,106.0
深圳,2025-01-08,78.0,good,38.0,79.0,37.0,7.0,0.71,102.0
深圳,2025-01-09,68.0,good,35.0,71.0,37.0,8.0,0.7,90.0
深圳,2025-01-10,50.0,excellent,21.0,51.0,24.0,7.0,0.55,74.0
深圳,2025-01-11,50.0,excellent,25.0,50.0,25.0,7.0,0.58,82.0
深圳,2025-01-12,46.0,excellent,16.0,36.0,30.0,6.0,0.53,75.0
深圳,2025-01-13,54.0,good,24.0,56.0,43.0,6.0,0.63,71.0
深圳,2025-01-14,59.0,good,24.0,58.0,47.0,6.0,0.64,71.0
深圳,2025-01-15,58.0,good,31.0,66.0,39.0,7.0,0.65,80.0
深圳,2025-01-16,69.0,good,40.0,80.0,25.0,7.0,0.66,103.0
深圳,2025-01-17,60.0,good,27.0,60.0,27.0,6.0,0.57,97.0
深圳,2025-01-18,78.0,good,32.0,66.0,40.0,6.0,0.62,99.0
深圳,2025-01-19,70.0,good,34.0,62.0,53.0,7.0,0.67,81.0
深圳,2025-01-20,75.0,good,38.0,67.0,60.0,7.0,0.72,80.0
深圳,2025-01-21,66.0,good,24.0,45.0,32.0,6.0,0.59,103.0
深圳,2025-01-22,67.0,good,34.0,54.0,27.0,6.0,0.69,92.0
深圳,2025-01-23,41.0,excellent,29.0,41.0,29.0,5.0,0.64,54.0
深圳,2025-01-24,52.0,good,10.0,19.0,12.0,6.0,0.51,97.0
深圳,2025-01-25,51.0,good,10.0,22.0,8.0,5.0,0.48,94.0
深圳,2025-01-26,42.0,excellent,8.0,19.0,9.0,5.0,0.66,62.0
深圳,2025-01-27,42.0,excellent,9.0,18.0,5.0,5.0,0.62,81.0
深圳,2025-01-28,45.0,excellent,18.0,41.0,6.0,5.0,0.48,80.0
深圳,2025-01-29,71.0,good,52.0,79.0,8.0,9.0,0.48,80.0
深圳,2025-01-30,50.0,excellent,19.0,38.0,7.0,6.0,0.41,93.0
深圳,2025-01-31,49.0,excellent,13.0,27.0,8.0,6.0,0.43,87.0
深圳,2025-02-01,37.0,excellent,15.0,22.0,15.0,6.0,0.52,53.0
深圳,2025-02-02,34.0,excellent,11.0,18.0,12.0,6.0,0.51,60.0
深圳,2025-02-03,30.0,excellent,4.0,9.0,5.0,5.0,0.65,45.0
深圳,2025-02-04,33.0,excellent,9.0,15.0,7.0,5.0,0.57,58.0
深圳,2025-02-05,41.0,excellent,22.0,34.0,14.0,6.0,0.57,68.0
深圳,2025-02-06,43.0,excellent,24.0,38.0,16.0,6.0,0.57,71.0
深圳,2025-02-07,31.0,excellent,12.0,21.0,7.0,6.0,0.55,55.0
深圳,2025-02-08,50.0,excellent,15.0,51.0,7.0,6.0,0.43,75.0
深圳,2025-02-09,46.0,excellent,14.0,43.0,10.0,5.0,0.43,83.0
深圳,2025-02-10,57.0,good,19.0,43.0,18.0,6.0,0.5,93.0
深圳,2025-02-11,51.0,good,15.0,29.0,18.0,6.0,0.5,85.0
深圳,2025-02-12,32.0,excellent,16.0,24.0,20.0,6.0,0.59,46.0
深圳,2025-02-13,46.0,excellent,29.0,46.0,17.0,6.0,0.67,59.0
深圳,2025-02-14,40.0,excellent,28.0,39.0,17.0,6.0,0.7,61.0
深圳,2025-02-15,40.0,excellent,19.0,27.0,25.0,6.0,0.65,61.0
深圳,2025-02-16,51.0,good,33.0,50.0,35.0,6.0,0.73,68.0
深圳,2025-02-17,52.0,good,28.0,43.0,17.0,6.0,0.73,88.0
深圳,2025-02-18,81.0,good,36.0,74.0,20.0,7.0,0.69,125.0
深圳,2025-02-19,58.0,good,17.0,38.0,14.0,6.0,0.55,94.0
深圳,2025-02-20,55.0,good,17.0,37.0,15.0,6.0,0.54,94.0
深圳,2025-02-21,46.0,excellent,23.0,42.0,19.0,6.0,0.63,74.0
深圳,2025-02-22,40.0,excellent,19.0,40.0,21.0,6.0,0.58,67.0
深圳,2025-02-23,24.0,excellent,9.0,16.0,15.0,6.0,0.66,36.0
深圳,2025-02-24,36.0,excellent,13.0,24.0,15.0,5.0,0.61,65.0
深圳,2025-02-25,52.0,good,30.0,54.0,26.0,6.0,0.7,75.0
深圳,2025-02-26,48.0,excellent,33.0,48.0,30.0,5.0,0.76,47.0
深圳,2025-02-27,46.0,excellent,19.0,33.0,26.0,6.0,0.63,77.0
深圳,2025-02-28,41.0,excellent,18.0,31.0,25.0,5.0,0.62,60.0
深圳,2025-03-01,33.0,excellent,17.0,33.0,23.0,6.0,0.6,51.0
深圳,2025-03-02,32.0,excellent,11.0,27.0,14.0,5.0,0.55,54.0
深圳,2025-03-03,26.0,excellent,9.0,20.0,21.0,6.0,0.56,37.0
深圳,2025-03-04,36.0,excellent,12.0,23.0,29.0,6.0,0.59,21.0
深圳,2025-03-05,29.0,excellent,9.0,20.0,23.0,5.0,0.8,8.0
深圳,2025-03-06,20.0,excellent,4.0,11.0,16.0,5.0,0.76,25.0
深圳,2025-03-07,21.0,excellent,10.0,18.0,17.0,5.0,0.71,26.0
深圳,2025-03-08,32.0,excellent,19.0,30.0,22.0,6.0,0.7,51.0
深圳,2025-03-09,58.0,good,18.0,35.0,21.0,6.0,0.61,95.0
深圳,2025-03-10,57.0,good,19.0,38.0,23.0,6.0,0.6,91.0
深圳,2025-03-11,44.0,excellent,20.0,40.0,28.0,6.0,0.62,66.0
深圳,2025-03-12,31.0,excellent,13.0,28.0,25.0,6.0,0.56,48.0
深圳,2025-03-13,30.0,excellent,15.0,30.0,23.0,6.0,0.52,37.0
深圳,2025-03-14,26.0,excellent,14.0,24.0,21.0,6.0,0.53,46.0
深圳,2025-03-15,33.0,excellent,10.0,19.0,18.0,6.0,0.65,50.0
深圳,2025-03-16,34.0,excellent,3.0,12.0,9.0,6.0,0.6,63.0
深圳,2025-03-17,51.0,good,24.0,52.0,16.0,6.0,0.53,81.0
深圳,2025-03-18,46.0,excellent,22.0,40.0,25.0,6.0,0.54,71.0
深圳,2025-03-19,56.0,good,28.0,51.0,36.0,7.0,0.55,84.0
深圳,2025-03-20,87.0,good,26.0,49.0,28.0,7.0,0.5,118.0
深圳,2025-03-21,100.0,good,29.0,53.0,29.0,7.0,0.54,127.0
深圳,2025-03-22,98.0,good,28.0,52.0,35.0,7.0,0.55,118.0
深圳,2025-03-23,78.0,good,28.0,52.0,42.0,7.0,0.56,99.0
深圳,2025-03-24,76.0,good,30.0,54.0,44.0,7.0,0.61,90.0
深圳,2025-03-25,68.0,good,26.0,52.0,42.0,7.0,0.6,86.0
深圳,2025-03-26,45.0,excellent,17.0,36.0,24.0,6.0,0.52,65.0
深圳,2025-03-27,30.0,excellent,14.0,28.0,17.0,6.0,0.5,45.0
深圳,2025-03-28,30.0,excellent,17.0,30.0,19.0,6.0,0.51,25.0
深圳,2025-03-29,22.0,excellent,4.0,11.0,14.0,6.0,0.6,34.0
深圳,2025-03-30,18.0,excellent,2.0,6.0,14.0,5.0,0.51,28.0
深圳,2025-03-31,21.0,excellent,3.0,9.0,17.0,5.0,0.57,20.0
深圳,2025-04-01,28.0,excellent,14.0,24.0,16.0,6.0,0.57,48.0
深圳,2025-04-02,42.0,excellent,14.0,26.0,20.0,6.0,0.56,64.0
深圳,2025-04-03,68.0,good,21.0,40.0,31.0,7.0,0.59,94.0
深圳,2025-04-04,68.0,good,17.0,47.0,18.0,7.0,0.54,105.0
深圳,2025-04-05,46.0,excellent,17.0,31.0,16.0,6.0,0.64,68.0
深圳,2025-04-06,49.0,excellent,28.0,49.0,29.0,6.0,0.71,49.0
深圳,2025-04-07,55.0,good,28.0,55.0,27.0,6.0,0.67,96.0
深圳,2025-04-08,73.0,good,31.0,61.0,30.0,7.0,0.7,96.0
深圳,2025-04-09,46.0,excellent,21.0,43.0,27.0,7.0,0.65,65.0
深圳,2025-04-10,36.0,excellent,17.0,31.0,24.0,6.0,0.63,49.0
深圳,2025-04-11,30.0,excellent,15.0,28.0,24.0,6.0,0.63,29.0
深圳,2025-04-12,32.0,excellent,15.0,32.0,11.0,6.0,0.55,37.0
深圳,2025-04-13,171.0,moderately_polluted,73.0,292.0,15.0,6.0,0.43,81.0
深圳,2025-04-14,166.0,moderately_polluted,86.0,281.0,54.0,8.0,0.65,78.0
深圳,2025-04-15,116.0,lightly_polluted,62.0,181.0,47.0,7.0,0.68,109.0
深圳,2025-04-16,88.0,good,35.0,117.0,16.0,6.0,0.58,124.0
深圳,2025-04-17,62.0,good,22.0,73.0,13.0,6.0,0.57,81.0
深圳,2025-04-18,51.0,good,20.0,52.0,20.0,6.0,0.61,38.0
深圳,2025-04-19,27.0,excellent,15.0,27.0,13.0,6.0,0.59,27.0
深圳,2025-04-20,24.0,excellent,15.0,24.0,12.0,6.0,0.5,33.0
深圳,2025-04-21,24.0,excellent,14.0,24.0,12.0,6.0,0.5,29.0
深圳,2025-04-22,26.0,excellent,15.0,26.0,11.0,6.0,0.5,34.0
深圳,2025-04-23,28.0,excellent,15.0,26.0,13.0,6.0,0.49,40.0
深圳,2025-04-24,27.0,excellent,10.0,20.0,12.0,6.0,0.5,44.0
深圳,2025-04-25,34.0,excellent,12.0,23.0,24.0,6.0,0.61,45.0
深圳,2025-04-26,49.0,excellent,8.0,18.0,9.0,6.0,0.61,97.0
深圳,2025-04-27,48.0,excellent,16.0,29.0,11.0,6.0,0.61,85.0
深圳,2025-04-28,52.0,good,21.0,34.0,22.0,6.0,0.71,68.0
深圳,2025-04-29,76.0,good,15.0,32.0,14.0,7.0,0.64,122.0
深圳,2025-04-30,101.0,lightly_polluted,23.0,45.0,16.0,6.0,0.62,135.0
深圳,2025-05-01,42.0,excellent,22.0,41.0,20.0,6.0,0.67,68.0
深圳,2025-05-02,59.0,good,26.0,41.0,16.0,7.0,0.69,92.0
深圳,2025-05-03,85.0,good,28.0,43.0,12.0,6.0,0.71,118.0
深圳,2025-05-04,38.0,excellent,15.0,25.0,11.0,6.0,0.62,53.0
深圳,2025-05-05,34.0,excellent,13.0,27.0,9.0,6.0,0.59,58.0
深圳,2025-05-06,26.0,excellent,11.0,23.0,21.0,7.0,0.63,22.0
深圳,2025-05-07,26.0,excellent,11.0,21.0,21.0,6.0,0.65,27.0
深圳,2025-05-08,44.0,excellent,18.0,43.0,8.0,6.0,0.6,76.0
深圳,2025-05-09,38.0,excellent,12.0,29.0,21.0,6.0,0.63,53.0
深圳,2025-05-10,44.0,excellent,17.0,34.0,21.0,7.0,0.68,62.0
深圳,2025-05-11,60.0,good,13.0,30.0,12.0,7.0,0.55,99.0
深圳,2025-05-12,79.0,good,19.0,37.0,21.0,7.0,0.58,108.0
深圳,2025-05-13,89.0,good,19.0,36.0,13.0,7.0,0.6,130.0
深圳,2025-05-14,62.0,good,12.0,25.0,9.0,6.0,0.56,97.0
深圳,2025-05-15,39.0,excellent,8.0,19.0,9.0,6.0,0.52,66.0
深圳,2025-05-16,28.0,excellent,5.0,15.0,10.0,7.0,0.5,44.0
深圳,2025-05-17,25.0,excellent,6.0,17.0,15.0,7.0,0.5,35.0
深圳,2025-05-18,22.0,excellent,8.0,16.0,17.0,7.0,0.5,28.0
深圳,2025-05-19,20.0,excellent,9.0,18.0,16.0,7.0,0.51,27.0
深圳,2025-05-20,20.0,excellent,7.0,16.0,12.0,7.0,0.5,32.0
深圳,2025-05-21,23.0,excellent,11.0,20.0,11.0,7.0,0.5,35.0
深圳,2025-05-22,26.0,excellent,9.0,18.0,12.0,7.0,0.5,36.0
深圳,2025-05-23,24.0,excellent,9.0,21.0,12.0,6.0,0.5,38.0
深圳,2025-05-24,38.0,excellent,11.0,23.0,17.0,6.0,0.65,57.0
深圳,2025-05-25,46.0,excellent,28.0,46.0,12.0,7.0,0.7,86.0
深圳,2025-05-26,65.0,good,20.0,34.0,14.0,7.0,0.63,98.0
深圳,2025-05-27,78.0,good,24.0,40.0,13.0,7.0,0.66,119.0
深圳,2025-05-28,58.0,good,14.0,30.0,11.0,6.0,0.6,95.0
深圳,2025-05-29,32.0,excellent,14.0,24.0,16.0,6.0,0.68,47.0
深圳,2025-05-30,42.0,excellent,5.0,13.0,9.0,6.0,0.57,83.0
深圳,2025-05-31,54.0,good,14.0,25.0,8.0,6.0,0.55,96.0
深圳,2025-06-01,46.0,excellent,17.0,26.0,9.0,6.0,0.6,76.0
深圳,2025-06-02,33.0,excellent,11.0,25.0,13.0,6.0,0.55,44.0
深圳,2025-06-03,32.0,excellent,8.0,20.0,16.0,6.0,0.65,48.0
深圳,2025-06-04,27.0,excellent,8.0,18.0,19.0,6.0,0.79,38.0
深圳,2025-06-05,56.0,good,13.0,25.0,11.0,6.0,0.63,97.0
深圳,2025-06-06,58.0,good,12.0,24.0,12.0,7.0,0.6,93.0
深圳,2025-06-07,45.0,excellent,10.0,19.0,13.0,7.0,0.6,66.0
深圳,2025-06-08,34.0,excellent,6.0,12.0,11.0,7.0,0.58,45.0
深圳,2025-06-09,32.0,excellent,8.0,15.0,15.0,7.0,0.58,42.0
深圳,2025-06-10,30.0,excellent,4.0,12.0,11.0,7.0,0.54,37.0
深圳,2025-06-11,21.0,excellent,4.0,13.0,7.0,7.0,0.51,31.0
深圳,2025-06-12,26.0,excellent,5.0,14.0,7.0,6.0,0.55,41.0
深圳,2025-06-13,24.0,excellent,5.0,14.0,11.0,6.0,0.58,34.0
深圳,2025-06-14,26.0,excellent,10.0,26.0,6.0,7.0,0.57,43.0
深圳,2025-06-15,30.0,excellent,12.0,30.0,8.0,6.0,0.6,42.0
深圳,2025-06-16,24.0,excellent,9.0,24.0,11.0,7.0,0.6,35.0
深圳,2025-06-17,20.0,excellent,7.0,17.0,16.0,7.0,0.6,19.0
深圳,2025-06-18,16.0,excellent,5.0,14.0,9.0,6.0,0.55,29.0
深圳,2025-06-19,22.0,excellent,5.0,12.0,8.0,6.0,0.51,32.0
深圳,2025-06-20,17.0,excellent,4.0,12.0,10.0,6.0,0.53,25.0
深圳,2025-06-21,16.0,excellent,5.0,14.0,10.0,6.0,0.54,20.0
深圳,2025-06-22,16.0,excellent,5.0,16.0,10.0,6.0,0.53,23.0
深圳,2025-06-23,20.0,excellent,4.0,13.0,11.0,7.0,0.51,31.0
深圳,2025-06-24,26.0,excellent,4.0,13.0,11.0,7.0,0.5,38.0
深圳,2025-06-25,27.0,excellent,5.0,12.0,10.0,7.0,0.48,41.0
深圳,2025-06-26,23.0,excellent,3.0,12.0,7.0,6.0,0.53,37.0
深圳,2025-06-27,20.0,excellent,4.0,14.0,10.0,7.0,0.54,30.0
深圳,2025-06-28,20.0,excellent,3.0,12.0,9.0,7.0,0.56,32.0
深圳,2025-06-29,24.0,excellent,5.0,12.0,9.0,7.0,0.58,36.0
深圳,2025-06-30,20.0,excellent,4.0,10.0,8.0,7.0,0.57,32.0
深圳,2025-07-01,16.0,excellent,4.0,12.0,10.0,7.0,0.6,22.0
深圳,2025-07-02,18.0,excellent,7.0,17.0,9.0,7.0,0.57,30.0
深圳,2025-07-03,37.0,excellent,12.0,23.0,15.0,7.0,0.6,52.0
深圳,2025-07-04,46.0,excellent,15.0,27.0,12.0,7.0,0.6,71.0
深圳,2025-07-05,57.0,good,14.0,27.0,13.0,7.0,0.63,67.0
深圳,2025-07-06,65.0,good,13.0,24.0,14.0,7.0,0.62,86.0
深圳,2025-07-07,89.0,good,24.0,36.0,16.0,7.0,0.71,100.0
深圳,2025-07-08,42.0,excellent,6.0,14.0,12.0,7.0,0.6,54.0
深圳,2025-07-09,48.0,excellent,13.0,26.0,13.0,7.0,0.6,72.0
深圳,2025-07-10,37.0,excellent,9.0,19.0,21.0,6.0,0.68,49.0
深圳,2025-07-11,31.0,excellent,11.0,18.0,22.0,6.0,0.72,48.0
深圳,2025-07-12,28.0,excellent,11.0,22.0,22.0,6.0,0.68,29.0
深圳,2025-07-13,31.0,excellent,14.0,31.0,14.0,6.0,0.63,34.0
深圳,2025-07-14,30.0,excellent,12.0,27.0,16.0,6.0,0.6,40.0
深圳,2025-07-15,33.0,excellent,11.0,24.0,16.0,6.0,0.6,45.0
深圳,2025-07-16,32.0,excellent,13.0,26.0,13.0,6.0,0.6,48.0
深圳,2025-07-17,44.0,excellent,17.0,33.0,17.0,6.0,0.63,67.0
深圳,2025-07-18,40.0,excellent,15.0,29.0,29.0,6.0,0.72,42.0
深圳,2025-07-19,38.0,excellent,19.0,31.0,15.0,6.0,0.69,56.0
深圳,2025-07-20,25.0,excellent,2.0,9.0,5.0,6.0,0.6,41.0
深圳,2025-07-21,32.0,excellent,5.0,13.0,10.0,6.0,0.65,56.0
深圳,2025-07-22,26.0,excellent,8.0,19.0,9.0,6.0,0.6,44.0
深圳,2025-07-23,31.0,excellent,7.0,16.0,12.0,6.0,0.61,42.0
深圳,2025-07-24,48.0,excellent,16.0,30.0,22.0,7.0,0.68,66.0
深圳,2025-07-25,92.0,good,22.0,34.0,24.0,7.0,0.68,103.0
深圳,2025-07-26,107.0,lightly_polluted,23.0,37.0,29.0,7.0,0.7,106.0
深圳,2025-07-27,75.0,good,20.0,33.0,18.0,7.0,0.75,82.0
深圳,2025-07-28,50.0,excellent,16.0,29.0,20.0,7.0,0.7,66.0
深圳,2025-07-29,39.0,excellent,18.0,30.0,28.0,6.0,0.72,47.0
深圳,2025-07-30,44.0,excellent,21.0,34.0,20.0,7.0,0.76,64.0
深圳,2025-07-31,42.0,excellent,11.0,22.0,20.0,6.0,0.67,60.0
深圳,2025-08-01,44.0,excellent,13.0,25.0,19.0,6.0,0.67,55.0
深圳,2025-08-02,24.0,excellent,10.0,24.0,18.0,6.0,0.63,25.0
深圳,2025-08-03,31.0,excellent,14.0,31.0,14.0,6.0,0.67,36.0
深圳,2025-08-04,30.0,excellent,13.0,30.0,20.0,6.0,0.7,35.0
深圳,2025-08-05,26.0,excellent,7.0,15.0,17.0,7.0,0.67,41.0
深圳,2025-08-06,22.0,excellent,10.0,21.0,18.0,7.0,0.68,25.0
深圳,2025-08-07,28.0,excellent,13.0,28.0,18.0,7.0,0.64,31.0
深圳,2025-08-08,45.0,excellent,19.0,35.0,20.0,7.0,0.63,65.0
深圳,2025-08-09,46.0,excellent,14.0,27.0,20.0,7.0,0.6,56.0
深圳,2025-08-10,34.0,excellent,5.0,14.0,10.0,7.0,0.5,47.0
深圳,2025-08-11,28.0,excellent,6.0,17.0,15.0,7.0,0.57,36.0
深圳,2025-08-12,29.0,excellent,8.0,19.0,15.0,7.0,0.55,39.0
深圳,2025-08-13,46.0,excellent,13.0,28.0,18.0,7.0,0.58,66.0
深圳,2025-08-14,28.0,excellent,6.0,17.0,15.0,7.0,0.59,35.0
深圳,2025-08-15,19.0,excellent,4.0,13.0,8.0,7.0,0.52,31.0
深圳,2025-08-16,33.0,excellent,9.0,23.0,9.0,7.0,0.51,55.0
深圳,2025-08-17,33.0,excellent,6.0,17.0,8.0,7.0,0.51,43.0
深圳,2025-08-18,18.0,excellent,3.0,11.0,10.0,7.0,0.57,30.0
深圳,2025-08-19,21.0,excellent,6.0,16.0,17.0,7.0,0.65,21.0
深圳,2025-08-20,19.0,excellent,8.0,19.0,14.0,6.0,0.62,24.0
深圳,2025-08-21,21.0,excellent,8.0,18.0,15.0,6.0,0.6,28.0
深圳,2025-08-22,31.0,excellent,10.0,22.0,25.0,7.0,0.6,42.0
深圳,2025-08-23,43.0,excellent,12.0,27.0,22.0,7.0,0.63,45.0
深圳,2025-08-24,20.0,excellent,6.0,19.0,6.0,7.0,0.55,33.0
深圳,2025-08-25,21.0,excellent,4.0,15.0,7.0,6.0,0.55,30.0
深圳,2025-08-26,36.0,excellent,11.0,23.0,16.0,7.0,0.59,54.0
深圳,2025-08-27,40.0,excellent,9.0,19.0,15.0,6.0,0.56,52.0
深圳,2025-08-28,36.0,excellent,10.0,22.0,16.0,7.0,0.57,51.0
深圳,2025-08-29,30.0,excellent,7.0,19.0,7.0,7.0,0.51,46.0
深圳,2025-08-30,27.0,excellent,6.0,18.0,6.0,6.0,0.52,47.0
深圳,2025-08-31,24.0,excellent,3.0,12.0,8.0,6.0,0.5,37.0
深圳,2025-09-01,26.0,excellent,5.0,14.0,11.0,6.0,0.52,41.0
深圳,2025-09-02,25.0,excellent,4.0,13.0,10.0,7.0,0.52,36.0
深圳,2025-09-03,23.0,excellent,6.0,14.0,12.0,7.0,0.5,34.0
深圳,2025-09-04,26.0,excellent,7.0,14.0,12.0,6.0,0.51,40.0
深圳,2025-09-05,26.0,excellent,5.0,13.0,14.0,7.0,0.5,36.0
深圳,2025-09-06,43.0,excellent,12.0,22.0,14.0,7.0,0.57,73.0
深圳,2025-09-07,36.0,excellent,4.0,13.0,6.0,7.0,0.55,47.0
深圳,2025-09-08,28.0,excellent,3.0,13.0,4.0,7.0,0.56,52.0
深圳,2025-09-09,22.0,excellent,7.0,19.0,11.0,7.0,0.61,31.0
深圳,2025-09-10,21.0,excellent,7.0,18.0,17.0,7.0,0.64,24.0
深圳,2025-09-11,24.0,excellent,9.0,19.0,19.0,7.0,0.63,33.0
深圳,2025-09-12,24.0,excellent,6.0,14.0,16.0,6.0,0.57,32.0
深圳,2025-09-13,25.0,excellent,5.0,13.0,14.0,6.0,0.57,37.0
深圳,2025-09-14,28.0,excellent,5.0,13.0,15.0,7.0,0.55,41.0
深圳,2025-09-15,34.0,excellent,5.0,15.0,13.0,6.0,0.58,42.0
深圳,2025-09-16,25.0,excellent,7.0,19.0,9.0,6.0,0.58,45.0
深圳,2025-09-17,42.0,excellent,13.0,26.0,19.0,7.0,0.63,51.0
深圳,2025-09-18,34.0,excellent,11.0,24.0,20.0,6.0,0.6,41.0
深圳,2025-09-19,20.0,excellent,6.0,15.0,13.0,6.0,0.55,27.0
深圳,2025-09-20,20.0,excellent,8.0,16.0,16.0,6.0,0.64,26.0
深圳,2025-09-21,18.0,excellent,4.0,10.0,11.0,6.0,0.57,28.0
深圳,2025-09-22,30.0,excellent,14.0,24.0,16.0,6.0,0.67,45.0
深圳,2025-09-23,34.0,excellent,12.0,22.0,8.0,7.0,0.65,50.0
深圳,2025-09-24,27.0,excellent,3.0,10.0,2.0,6.0,0.57,52.0
深圳,2025-09-25,30.0,excellent,7.0,18.0,4.0,7.0,0.59,51.0
深圳,2025-09-26,36.0,excellent,12.0,24.0,13.0,7.0,0.61,58.0
深圳,2025-09-27,36.0,excellent,8.0,21.0,12.0,7.0,0.6,56.0
深圳,2025-09-28,35.0,excellent,8.0,23.0,11.0,7.0,0.64,56.0
深圳,2025-09-29,23.0,excellent,6.0,16.0,12.0,7.0,0.6,33.0
深圳,2025-09-30,36.0,excellent,12.0,25.0,29.0,7.0,0.63,39.0
深圳,2025-10-01,34.0,excellent,10.0,20.0,27.0,7.0,0.62,40.0
深圳,2025-10-02,31.0,excellent,6.0,14.0,10.0,7.0,0.6,48.0
深圳,2025-10-03,32.0,excellent,7.0,15.0,14.0,7.0,0.59,41.0
深圳,2025-10-04,36.0,excellent,11.0,25.0,17.0,7.0,0.65,44.0
深圳,2025-10-05,21.0,excellent,6.0,20.0,4.0,7.0,0.55,38.0
深圳,2025-10-06,24.0,excellent,6.0,14.0,5.0,7.0,0.58,41.0
深圳,2025-10-07,44.0,excellent,14.0,23.0,13.0,7.0,0.62,63.0
深圳,2025-10-08,54.0,good,15.0,27.0,13.0,7.0,0.63,77.0
深圳,2025-10-09,53.0,good,18.0,30.0,10.0,6.0,0.68,83.0
深圳,2025-10-10,56.0,good,15.0,29.0,12.0,7.0,0.7,89.0
深圳,2025-10-11,48.0,excellent,10.0,23.0,10.0,9.0,0.64,76.0
深圳,2025-10-12,29.0,excellent,5.0,14.0,8.0,6.0,0.61,39.0
深圳,2025-10-13,20.0,excellent,5.0,13.0,10.0,7.0,0.61,28.0
深圳,2025-10-14,20.0,excellent,5.0,13.0,10.0,7.0,0.58,27.0
深圳,2025-10-15,32.0,excellent,10.0,21.0,15.0,7.0,0.61,54.0
深圳,2025-10-16,44.0,excellent,14.0,27.0,13.0,7.0,0.63,76.0
深圳,2025-10-17,48.0,excellent,19.0,34.0,14.0,7.0,0.62,77.0
深圳,2025-10-18,62.0,good,20.0,34.0,14.0,7.0,0.66,87.0
深圳,2025-10-19,47.0,excellent,20.0,33.0,12.0,8.0,0.74,68.0
深圳,2025-10-20,36.0,excellent,10.0,20.0,10.0,7.0,0.74,51.0
深圳,2025-10-21,22.0,excellent,2.0,10.0,11.0,7.0,0.68,39.0
深圳,2025-10-22,22.0,excellent,3.0,11.0,12.0,7.0,0.58,38.0
深圳,2025-10-23,30.0,excellent,13.0,24.0,12.0,7.0,0.59,55.0
深圳,2025-10-24,42.0,excellent,21.0,37.0,14.0,8.0,0.59,72.0
深圳,2025-10-25,52.0,good,22.0,36.0,15.0,8.0,0.62,85.0
深圳,2025-10-26,52.0,good,25.0,41.0,15.0,8.0,0.63,89.0
深圳,2025-10-27,55.0,good,39.0,57.0,18.0,8.0,0.74,83.0
深圳,2025-10-28,51.0,good,36.0,47.0,24.0,7.0,0.82,55.0
深圳,2025-10-29,40.0,excellent,28.0,38.0,18.0,7.0,0.75,63.0
深圳,2025-10-30,57.0,good,22.0,41.0,23.0,8.0,0.67,81.0
深圳,2025-10-31,42.0,excellent,21.0,35.0,17.0,7.0,0.7,60.0
深圳,2025-11-01,42.0,excellent,21.0,34.0,15.0,7.0,0.81,69.0
深圳,2025-11-02,44.0,excellent,25.0,40.0,16.0,8.0,0.76,68.0
深圳,2025-11-03,40.0,excellent,23.0,40.0,15.0,8.0,0.69,64.0
深圳,2025-11-04,28.0,excellent,15.0,24.0,17.0,7.0,0.7,43.0
深圳,2025-11-05,38.0,excellent,8.0,18.0,15.0,7.0,0.65,60.0
深圳,2025-11-06,29.0,excellent,12.0,23.0,18.0,7.0,0.69,28.0
深圳,2025-11-07,40.0,excellent,13.0,34.0,15.0,7.0,0.57,73.0
深圳,2025-11-08,44.0,excellent,15.0,31.0,12.0,7.0,0.6,74.0
深圳,2025-11-09,42.0,excellent,18.0,32.0,20.0,7.0,0.71,57.0
深圳,2025-11-10,34.0,excellent,9.0,20.0,10.0,7.0,0.73,54.0
深圳,2025-11-11,27.0,excellent,9.0,22.0,13.0,7.0,0.7,46.0
深圳,2025-11-12,38.0,excellent,13.0,25.0,12.0,7.0,0.68,67.0
深圳,2025-11-13,36.0,excellent,8.0,17.0,12.0,7.0,0.61,61.0
深圳,2025-11-14,40.0,excellent,15.0,27.0,19.0,7.0,0.67,58.0
深圳,2025-11-15,51.0,good,23.0,44.0,27.0,8.0,0.72,78.0
深圳,2025-11-16,78.0,good,24.0,49.0,21.0,8.0,0.68,105.0
深圳,2025-11-17,65.0,good,22.0,42.0,21.0,8.0,0.68,85.0
深圳,2025-11-18,48.0,excellent,25.0,46.0,13.0,8.0,0.67,76.0
深圳,2025-11-19,31.0,excellent,8.0,24.0,13.0,7.0,0.51,58.0
深圳,2025-11-20,34.0,excellent,14.0,34.0,19.0,8.0,0.53,60.0
深圳,2025-11-21,45.0,excellent,18.0,37.0,22.0,8.0,0.54,75.0
深圳,2025-11-22,61.0,good,24.0,44.0,27.0,8.0,0.64,87.0
深圳,2025-11-23,66.0,good,36.0,63.0,46.0,8.0,0.77,79.0
深圳,2025-11-24,64.0,good,33.0,58.0,38.0,9.0,0.7,82.0
深圳,2025-11-25,63.0,good,23.0,49.0,15.0,9.0,0.54,103.0
深圳,2025-11-26,62.0,good,30.0,73.0,25.0,8.0,0.59,91.0
深圳,2025-11-27,54.0,good,20.0,57.0,19.0,8.0,0.49,77.0
深圳,2025-11-28,60.0,good,25.0,71.0,27.0,7.0,0.56,81.0
深圳,2025-11-29,64.0,good,34.0,77.0,45.0,8.0,0.66,78.0
深圳,2025-11-30,63.0,good,33.0,76.0,31.0,7.0,0.71,77.0
深圳,2025-12-01,44.0,excellent,25.0,39.0,35.0,7.0,0.74,46.0
深圳,2025-12-02,46.0,excellent,14.0,29.0,24.0,7.0,0.7,70.0
深圳,2025-12-03,52.0,good,32.0,52.0,17.0,8.0,0.75,89.0
深圳,2025-12-04,68.0,good,49.0,77.0,24.0,7.0,0.82,91.0
深圳,2025-12-05,72.0,good,39.0,64.0,27.0,8.0,0.78,102.0
深圳,2025-12-06,71.0,good,36.0,60.0,31.0,8.0,0.77,86.0
深圳,2025-12-07,58.0,good,37.0,56.0,35.0,8.0,0.83,74.0
深圳,2025-12-08,52.0,good,34.0,53.0,34.0,8.0,0.82,68.0
深圳,2025-12-09,64.0,good,33.0,54.0,27.0,8.0,0.76,96.0
深圳,2025-12-10,52.0,good,32.0,55.0,29.0,7.0,0.75,66.0
深圳,2025-12-11,52.0,good,37.0,53.0,41.0,7.0,0.78,70.0
深圳,2025-12-12,71.0,good,23.0,43.0,15.0,8.0,0.65,114.0
深圳,2025-12-13,54.0,good,24.0,45.0,18.0,7.0,0.77,71.0
深圳,2025-12-14,37.0,excellent,10.0,37.0,16.0,7.0,0.62,60.0
深圳,2025-12-15,44.0,excellent,19.0,44.0,24.0,7.0,0.62,69.0
深圳,2025-12-16,66.0,good,35.0,66.0,46.0,8.0,0.76,86.0
深圳,2025-12-17,62.0,good,31.0,56.0,50.0,7.0,0.82,61.0
深圳,2025-12-18,50.0,excellent,26.0,50.0,28.0,8.0,0.7,82.0
深圳,2025-12-19,58.0,good,28.0,44.0,22.0,7.0,0.72,81.0
深圳,2025-12-20,36.0,excellent,16.0,29.0,28.0,7.0,0.67,46.0
深圳,2025-12-21,50.0,excellent,28.0,50.0,30.0,7.0,0.76,64.0
深圳,2025-12-22,56.0,good,39.0,63.0,17.0,7.0,0.81,86.0
深圳,2025-12-23,40.0,excellent,20.0,38.0,30.0,7.0,0.68,55.0
深圳,2025-12-24,61.0,good,27.0,44.0,49.0,7.0,0.76,33.0
深圳,2025-12-25,29.0,excellent,14.0,26.0,23.0,7.0,0.78,38.0
深圳,2025-12-26,36.0,excellent,20.0,36.0,21.0,7.0,0.65,44.0
深圳,2025-12-27,47.0,excellent,29.0,47.0,34.0,7.0,0.78,50.0
深圳,2025-12-28,55.0,good,31.0,52.0,44.0,7.0,0.8,60.0
深圳,2025-12-29,61.0,good,34.0,54.0,49.0,7.0,0.79,60.0
深圳,2025-12-30,69.0,good,46.0,68.0,55.0,8.0,0.85,63.0
深圳,2025-12-31,46.0,excellent,20.0,37.0,28.0,7.0,0.63,75.0
杭州,2025-01-01,90.0,good,67.0,117.0,62.0,7.0,0.82,30.0
杭州,2025-01-02,85.0,good,63.0,101.0,57.0,6.0,0.75,32.0
杭州,2025-01-03,76.0,good,56.0,87.0,57.0,7.0,0.82,34.0
杭州,2025-01-04,85.0,good,63.0,97.0,57.0,6.0,0.82,36.0
杭州,2025-01-05,104.0,lightly_polluted,78.0,111.0,60.0,6.0,0.86,36.0
杭州,2025-01-06,81.0,good,60.0,96.0,48.0,7.0,0.84,44.0
杭州,2025-01-07,75.0,good,55.0,97.0,51.0,8.0,0.85,31.0
杭州,2025-01-08,79.0,good,58.0,92.0,56.0,7.0,0.85,26.0
杭州,2025-01-09,49.0,excellent,28.0,49.0,29.0,8.0,0.65,47.0
杭州,2025-01-10,47.0,excellent,26.0,47.0,34.0,7.0,0.57,43.0
杭州,2025-01-11,65.0,good,43.0,67.0,52.0,8.0,0.7,24.0
杭州,2025-01-12,66.0,good,48.0,75.0,47.0,8.0,0.71,41.0
杭州,2025-01-13,81.0,good,60.0,97.0,62.0,7.0,0.8,34.0
杭州,2025-01-14,88.0,good,61.0,101.0,70.0,8.0,0.8,32.0
杭州,2025-01-15,58.0,good,30.0,65.0,24.0,7.0,0.59,57.0
杭州,2025-01-16,55.0,good,24.0,53.0,44.0,7.0,0.6,28.0
杭州,2025-01-17,68.0,good,45.0,76.0,54.0,7.0,0.72,31.0
杭州,2025-01-18,86.0,good,64.0,96.0,65.0,7.0,0.77,32.0
杭州,2025-01-19,78.0,good,57.0,83.0,59.0,7.0,0.8,43.0
杭州,2025-01-20,108.0,lightly_polluted,81.0,113.0,57.0,8.0,0.93,61.0
杭州,2025-01-21,146.0,lightly_polluted,112.0,144.0,61.0,8.0,1.01,61.0
杭州,2025-01-22,136.0,lightly_polluted,104.0,128.0,51.0,7.0,0.94,56.0
杭州,2025-01-23,79.0,good,58.0,76.0,40.0,6.0,0.72,46.0
杭州,2025-01-24,47.0,excellent,27.0,47.0,20.0,6.0,0.53,72.0
杭州,2025-01-25,40.0,excellent,18.0,35.0,22.0,6.0,0.51,67.0
杭州,2025-01-26,39.0,excellent,26.0,39.0,15.0,6.0,0.71,74.0
杭州,2025-01-27,41.0,excellent,15.0,37.0,8.0,6.0,0.5,77.0
杭州,2025-01-28,44.0,excellent,24.0,44.0,9.0,7.0,0.46,77.0
杭州,2025-01-29,148.0,lightly_polluted,113.0,146.0,15.0,10.0,0.57,73.0
杭州,2025-01-30,71.0,good,52.0,69.0,17.0,7.0,0.6,67.0
杭州,2025-01-31,62.0,good,45.0,58.0,20.0,6.0,0.67,36.0
杭州,2025-02-01,30.0,excellent,17.0,21.0,11.0,5.0,0.69,55.0
杭州,2025-02-02,50.0,excellent,35.0,50.0,10.0,6.0,0.71,66.0
杭州,2025-02-03,81.0,good,60.0,78.0,13.0,6.0,0.81,66.0
杭州,2025-02-04,56.0,good,40.0,52.0,14.0,6.0,0.71,61.0
杭州,2025-02-05,40.0,excellent,25.0,37.0,15.0,6.0,0.58,66.0
杭州,2025-02-06,62.0,good,45.0,65.0,22.0,7.0,0.73,66.0
杭州,2025-02-07,54.0,good,28.0,57.0,16.0,6.0,0.57,59.0
杭州,2025-02-08,37.0,excellent,12.0,30.0,11.0,7.0,0.48,67.0
杭州,2025-02-09,37.0,excellent,24.0,37.0,20.0,8.0,0.62,60.0
杭州,2025-02-10,55.0,good,39.0,54.0,33.0,7.0,0.67,52.0
杭州,2025-02-11,84.0,good,62.0,82.0,50.0,7.0,0.82,23.0
杭州,2025-02-12,95.0,good,71.0,90.0,30.0,6.0,0.89,36.0
杭州,2025-02-13,108.0,lightly_polluted,81.0,99.0,27.0,7.0,0.83,68.0
杭州,2025-02-14,71.0,good,52.0,74.0,52.0,6.0,0.7,29.0
杭州,2025-02-15,86.0,good,64.0,82.0,50.0,6.0,0.88,9.0
杭州,2025-02-16,43.0,excellent,30.0,43.0,32.0,6.0,0.81,43.0
杭州,2025-02-17,66.0,good,45.0,83.0,27.0,7.0,0.68,69.0
杭州,2025-02-18,42.0,excellent,28.0,42.0,26.0,7.0,0.53,68.0
杭州,2025-02-19,59.0,good,42.0,65.0,36.0,7.0,0.6,63.0
杭州,2025-02-20,46.0,excellent,32.0,45.0,21.0,6.0,0.52,77.0
杭州,2025-02-21,38.0,excellent,19.0,29.0,25.0,6.0,0.48,65.0
杭州,2025-02-22,54.0,good,38.0,54.0,26.0,6.0,0.53,74.0
杭州,2025-02-23,89.0,good,66.0,78.0,28.0,6.0,0.64,68.0
杭州,2025-02-24,84.0,good,62.0,77.0,30.0,6.0,0.64,69.0
杭州,2025-02-25,100.0,good,75.0,100.0,49.0,6.0,0.78,36.0
杭州,2025-02-26,90.0,good,67.0,89.0,41.0,6.0,0.75,48.0
杭州,2025-02-27,88.0,good,65.0,85.0,45.0,6.0,0.82,38.0
杭州,2025-02-28,47.0,excellent,33.0,47.0,37.0,6.0,0.78,49.0
杭州,2025-03-01,50.0,excellent,31.0,50.0,40.0,6.0,0.7,50.0
杭州,2025-03-02,50.0,excellent,31.0,51.0,40.0,6.0,0.68,46.0
杭州,2025-03-03,32.0,excellent,17.0,26.0,22.0,5.0,0.68,50.0
杭州,2025-03-04,31.0,excellent,12.0,18.0,17.0,6.0,0.56,54.0
杭州,2025-03-05,37.0,excellent,26.0,35.0,22.0,6.0,0.58,50.0
杭州,2025-03-06,44.0,excellent,31.0,43.0,21.0,6.0,0.5,75.0
杭州,2025-03-07,68.0,good,49.0,69.0,34.0,6.0,0.6,60.0
杭州,2025-03-08,68.0,good,49.0,73.0,39.0,6.0,0.58,57.0
杭州,2025-03-09,60.0,good,43.0,63.0,32.0,7.0,0.49,74.0
杭州,2025-03-10,74.0,good,54.0,82.0,45.0,6.0,0.64,25.0
杭州,2025-03-11,70.0,good,51.0,78.0,47.0,7.0,0.7,40.0
杭州,2025-03-12,54.0,good,32.0,51.0,43.0,6.0,0.59,22.0
杭州,2025-03-13,40.0,excellent,18.0,30.0,32.0,6.0,0.46,51.0
杭州,2025-03-14,45.0,excellent,19.0,40.0,36.0,6.0,0.41,43.0
杭州,2025-03-15,34.0,excellent,13.0,18.0,24.0,5.0,0.47,62.0
杭州,2025-03-16,48.0,excellent,32.0,48.0,18.0,6.0,0.48,75.0
杭州,2025-03-17,48.0,excellent,17.0,33.0,26.0,6.0,0.4,68.0
杭州,2025-03-18,47.0,excellent,26.0,47.0,35.0,7.0,0.45,65.0
杭州,2025-03-19,56.0,good,35.0,61.0,35.0,7.0,0.4,69.0
杭州,2025-03-20,56.0,good,40.0,63.0,45.0,7.0,0.47,64.0
杭州,2025-03-21,58.0,good,23.0,42.0,42.0,7.0,0.44,75.0
杭州,2025-03-22,64.0,good,29.0,53.0,43.0,7.0,0.48,81.0
杭州,2025-03-23,63.0,good,29.0,55.0,36.0,7.0,0.46,85.0
杭州,2025-03-24,68.0,good,32.0,65.0,31.0,6.0,0.46,81.0
杭州,2025-03-25,62.0,good,32.0,69.0,38.0,7.0,0.45,83.0
杭州,2025-03-26,78.0,good,47.0,80.0,45.0,7.0,0.65,92.0
杭州,2025-03-27,75.0,good,39.0,71.0,24.0,5.0,0.62,104.0
杭州,2025-03-28,61.0,good,23.0,72.0,20.0,5.0,0.44,66.0
杭州,2025-03-29,59.0,good,24.0,68.0,18.0,5.0,0.44,56.0
杭州,2025-03-30,60.0,good,29.0,70.0,22.0,5.0,0.48,57.0
杭州,2025-03-31,48.0,excellent,16.0,36.0,22.0,6.0,0.41,79.0
杭州,2025-04-01,55.0,good,30.0,53.0,29.0,6.0,0.41,84.0
杭州,2025-04-02,61.0,good,35.0,62.0,36.0,7.0,0.45,87.0
杭州,2025-04-03,82.0,good,47.0,75.0,32.0,7.0,0.5,101.0
杭州,2025-04-04,66.0,good,41.0,71.0,53.0,7.0,0.52,70.0
杭州,2025-04-05,64.0,good,38.0,77.0,37.0,7.0,0.57,83.0
杭州,2025-04-06,72.0,good,47.0,93.0,37.0,7.0,0.53,97.0
杭州,2025-04-07,91.0,good,41.0,82.0,43.0,7.0,0.55,99.0
杭州,2025-04-08,77.0,good,36.0,69.0,38.0,7.0,0.57,97.0
杭州,2025-04-09,83.0,good,44.0,81.0,39.0,7.0,0.67,99.0
杭州,2025-04-10,82.0,good,37.0,70.0,26.0,5.0,0.57,104.0
杭州,2025-04-11,73.0,good,40.0,75.0,36.0,6.0,0.62,91.0
杭州,2025-04-12,118.0,lightly_polluted,48.0,187.0,17.0,5.0,0.51,69.0
杭州,2025-04-13,78.0,good,24.0,107.0,13.0,5.0,0.38,85.0
杭州,2025-04-14,86.0,good,32.0,123.0,14.0,6.0,0.41,105.0
杭州,2025-04-15,75.0,good,21.0,54.0,29.0,6.0,0.48,93.0
杭州,2025-04-16,62.0,good,24.0,51.0,33.0,6.0,0.5,84.0
杭州,2025-04-17,56.0,good,28.0,62.0,26.0,6.0,0.51,78.0
杭州,2025-04-18,75.0,good,37.0,73.0,27.0,5.0,0.55,101.0
杭州,2025-04-19,70.0,good,49.0,91.0,39.0,5.0,0.68,69.0
杭州,2025-04-20,102.0,lightly_polluted,53.0,96.0,21.0,6.0,0.79,141.0
杭州,2025-04-21,57.0,good,34.0,54.0,36.0,5.0,0.67,65.0
杭州,2025-04-22,32.0,excellent,20.0,28.0,21.0,4.0,0.7,56.0
杭州,2025-04-23,73.0,good,28.0,45.0,23.0,5.0,0.62,103.0
杭州,2025-04-24,54.0,good,33.0,58.0,31.0,5.0,0.76,64.0
杭州,2025-04-25,62.0,good,19.0,46.0,20.0,5.0,0.47,97.0
杭州,2025-04-26,62.0,good,29.0,63.0,35.0,7.0,0.46,81.0
杭州,2025-04-27,50.0,excellent,16.0,34.0,28.0,5.0,0.49,72.0
杭州,2025-04-28,81.0,good,28.0,52.0,24.0,6.0,0.61,110.0
杭州,2025-04-29,109.0,lightly_polluted,29.0,53.0,32.0,7.0,0.54,114.0
杭州,2025-04-30,94.0,good,32.0,57.0,26.0,6.0,0.58,113.0
杭州,2025-05-01,69.0,good,24.0,46.0,17.0,6.0,0.48,105.0
杭州,2025-05-02,76.0,good,25.0,52.0,25.0,7.0,0.48,98.0
杭州,2025-05-03,88.0,good,28.0,60.0,20.0,7.0,0.54,119.0
杭州,2025-05-04,84.0,good,14.0,35.0,20.0,7.0,0.41,109.0
杭州,2025-05-05,44.0,excellent,23.0,38.0,23.0,6.0,0.55,62.0
杭州,2025-05-06,80.0,good,36.0,110.0,20.0,6.0,0.54,81.0
杭州,2025-05-07,97.0,good,41.0,119.0,23.0,7.0,0.56,123.0
杭州,2025-05-08,58.0,good,29.0,67.0,27.0,6.0,0.58,64.0
杭州,2025-05-09,36.0,excellent,9.0,17.0,20.0,5.0,0.54,52.0
杭州,2025-05-10,47.0,excellent,12.0,25.0,18.0,6.0,0.45,78.0
杭州,2025-05-11,72.0,good,16.0,28.0,18.0,6.0,0.38,105.0
杭州,2025-05-12,78.0,good,26.0,43.0,30.0,6.0,0.47,99.0
杭州,2025-05-13,90.0,good,27.0,43.0,29.0,6.0,0.44,113.0
杭州,2025-05-14,96.0,good,28.0,45.0,27.0,7.0,0.48,115.0
杭州,2025-05-15,80.0,good,58.0,93.0,43.0,7.0,0.7,86.0
杭州,2025-05-16,58.0,good,41.0,58.0,22.0,6.0,0.83,66.0
杭州,2025-05-17,42.0,excellent,20.0,29.0,21.0,6.0,0.67,58.0
杭州,2025-05-18,64.0,good,27.0,78.0,26.0,6.0,0.49,77.0
杭州,2025-05-19,52.0,good,23.0,47.0,21.0,6.0,0.58,77.0
杭州,2025-05-20,34.0,excellent,17.0,27.0,20.0,6.0,0.61,41.0
杭州,2025-05-21,36.0,excellent,7.0,15.0,15.0,5.0,0.48,59.0
杭州,2025-05-22,61.0,good,21.0,36.0,23.0,6.0,0.56,78.0
杭州,2025-05-23,42.0,excellent,11.0,17.0,17.0,5.0,0.52,64.0
杭州,2025-05-24,69.0,good,27.0,39.0,17.0,6.0,0.56,115.0
杭州,2025-05-25,96.0,good,41.0,60.0,25.0,6.0,0.65,123.0
杭州,2025-05-26,99.0,good,35.0,53.0,28.0,7.0,0.56,116.0
杭州,2025-05-27,100.0,good,33.0,53.0,31.0,7.0,0.48,107.0
杭州,2025-05-28,58.0,good,23.0,37.0,24.0,6.0,0.44,78.0
杭州,2025-05-29,74.0,good,17.0,28.0,20.0,6.0,0.35,99.0
杭州,2025-05-30,82.0,good,34.0,50.0,27.0,7.0,0.44,106.0
杭州,2025-05-31,92.0,good,35.0,48.0,24.0,6.0,0.49,111.0
杭州,2025-06-01,50.0,excellent,14.0,19.0,16.0,6.0,0.51,86.0
杭州,2025-06-02,43.0,excellent,7.0,10.0,13.0,5.0,0.55,75.0
杭州,2025-06-03,85.0,good,18.0,28.0,17.0,6.0,0.5,118.0
杭州,2025-06-04,84.0,good,28.0,45.0,30.0,6.0,0.55,96.0
杭州,2025-06-05,86.0,good,21.0,36.0,30.0,6.0,0.44,106.0
杭州,2025-06-06,92.0,good,18.0,34.0,25.0,7.0,0.41,112.0
杭州,2025-06-07,55.0,good,35.0,60.0,37.0,6.0,0.65,52.0
杭州,2025-06-08,27.0,excellent,14.0,23.0,21.0,6.0,0.57,41.0
杭州,2025-06-09,27.0,excellent,14.0,21.0,20.0,6.0,0.5,43.0
杭州,2025-06-10,30.0,excellent,12.0,18.0,22.0,5.0,0.55,41.0
杭州,2025-06-11,40.0,excellent,12.0,18.0,19.0,5.0,0.45,69.0
杭州,2025-06-12,48.0,excellent,22.0,30.0,18.0,5.0,0.43,81.0
杭州,2025-06-13,33.0,excellent,16.0,24.0,22.0,6.0,0.44,33.0
杭州,2025-06-14,31.0,excellent,10.0,18.0,16.0,5.0,0.42,36.0
杭州,2025-06-15,28.0,excellent,4.0,6.0,11.0,5.0,0.37,52.0
杭州,2025-06-16,64.0,good,9.0,18.0,9.0,5.0,0.37,104.0
杭州,2025-06-17,71.0,good,20.0,41.0,16.0,6.0,0.45,99.0
杭州,2025-06-18,71.0,good,19.0,35.0,22.0,6.0,0.53,78.0
杭州,2025-06-19,44.0,excellent,13.0,23.0,16.0,6.0,0.5,57.0
杭州,2025-06-20,32.0,excellent,11.0,19.0,15.0,6.0,0.45,45.0
杭州,2025-06-21,32.0,excellent,11.0,20.0,15.0,6.0,0.51,53.0
杭州,2025-06-22,34.0,excellent,13.0,18.0,20.0,6.0,0.62,51.0
杭州,2025-06-23,36.0,excellent,10.0,13.0,14.0,6.0,0.6,63.0
杭州,2025-06-24,42.0,excellent,18.0,24.0,16.0,5.0,0.66,69.0
杭州,2025-06-25,72.0,good,34.0,49.0,21.0,5.0,0.7,99.0
杭州,2025-06-26,77.0,good,25.0,36.0,19.0,5.0,0.58,77.0
杭州,2025-06-27,43.0,excellent,9.0,19.0,15.0,5.0,0.42,50.0
杭州,2025-06-28,42.0,excellent,8.0,17.0,12.0,5.0,0.38,61.0
杭州,2025-06-29,44.0,excellent,10.0,18.0,13.0,5.0,0.4,61.0
杭州,2025-06-30,42.0,excellent,13.0,23.0,18.0,6.0,0.43,52.0
杭州,2025-07-01,36.0,excellent,8.0,19.0,12.0,6.0,0.35,53.0
杭州,2025-07-02,52.0,good,10.0,24.0,14.0,6.0,0.4,74.0
杭州,2025-07-03,67.0,good,17.0,31.0,15.0,6.0,0.41,89.0
杭州,2025-07-04,85.0,good,19.0,33.0,15.0,6.0,0.44,111.0
杭州,2025-07-05,82.0,good,18.0,31.0,14.0,6.0,0.43,99.0
杭州,2025-07-06,62.0,good,12.0,22.0,13.0,6.0,0.38,80.0
杭州,2025-07-07,49.0,excellent,8.0,19.0,11.0,6.0,0.35,67.0
杭州,2025-07-08,26.0,excellent,6.0,14.0,10.0,5.0,0.4,36.0
杭州,2025-07-09,42.0,excellent,9.0,19.0,9.0,6.0,0.38,69.0
杭州,2025-07-10,32.0,excellent,17.0,29.0,8.0,6.0,0.31,43.0
杭州,2025-07-11,26.0,excellent,11.0,17.0,12.0,5.0,0.39,35.0
杭州,2025-07-12,30.0,excellent,9.0,15.0,12.0,5.0,0.42,45.0
杭州,2025-07-13,33.0,excellent,15.0,23.0,12.0,5.0,0.42,51.0
杭州,2025-07-14,49.0,excellent,22.0,34.0,13.0,5.0,0.52,81.0
杭州,2025-07-15,76.0,good,24.0,36.0,16.0,6.0,0.54,92.0
杭州,2025-07-16,49.0,excellent,20.0,31.0,13.0,5.0,0.55,72.0
杭州,2025-07-17,56.0,good,18.0,28.0,14.0,5.0,0.54,82.0
杭州,2025-07-18,71.0,good,19.0,29.0,15.0,5.0,0.6,91.0
杭州,2025-07-19,38.0,excellent,9.0,16.0,12.0,5.0,0.4,38.0
杭州,2025-07-20,23.0,excellent,6.0,15.0,10.0,5.0,0.3,33.0
杭州,2025-07-21,24.0,excellent,5.0,13.0,8.0,5.0,0.32,33.0
杭州,2025-07-22,22.0,excellent,7.0,14.0,11.0,5.0,0.34,28.0
杭州,2025-07-23,28.0,excellent,10.0,21.0,13.0,6.0,0.4,39.0
杭州,2025-07-24,26.0,excellent,10.0,21.0,10.0,6.0,0.35,31.0
杭州,2025-07-25,26.0,excellent,9.0,21.0,11.0,5.0,0.38,32.0
杭州,2025-07-26,18.0,excellent,6.0,13.0,10.0,5.0,0.4,28.0
杭州,2025-07-27,28.0,excellent,8.0,15.0,11.0,5.0,0.4,38.0
杭州,2025-07-28,15.0,excellent,8.0,15.0,11.0,5.0,0.4,19.0
杭州,2025-07-29,26.0,excellent,11.0,23.0,12.0,6.0,0.4,35.0
杭州,2025-07-30,22.0,excellent,5.0,9.0,8.0,5.0,0.4,33.0
杭州,2025-07-31,24.0,excellent,5.0,10.0,9.0,5.0,0.41,39.0
杭州,2025-08-01,40.0,excellent,16.0,29.0,18.0,6.0,0.51,57.0
杭州,2025-08-02,47.0,excellent,24.0,36.0,20.0,5.0,0.6,57.0
杭州,2025-08-03,42.0,excellent,17.0,26.0,13.0,5.0,0.58,63.0
杭州,2025-08-04,71.0,good,25.0,37.0,15.0,6.0,0.68,95.0
杭州,2025-08-05,60.0,good,19.0,28.0,13.0,6.0,0.59,77.0
杭州,2025-08-06,44.0,excellent,8.0,16.0,10.0,6.0,0.45,66.0
杭州,2025-08-07,39.0,excellent,7.0,14.0,12.0,6.0,0.42,53.0
杭州,2025-08-08,35.0,excellent,11.0,20.0,14.0,6.0,0.44,55.0
杭州,2025-08-09,37.0,excellent,13.0,22.0,14.0,6.0,0.44,54.0
杭州,2025-08-10,38.0,excellent,16.0,27.0,16.0,6.0,0.48,55.0
杭州,2025-08-11,42.0,excellent,21.0,32.0,18.0,6.0,0.55,60.0
杭州,2025-08-12,76.0,good,22.0,34.0,18.0,6.0,0.56,83.0
杭州,2025-08-13,40.0,excellent,12.0,20.0,11.0,6.0,0.4,59.0
杭州,2025-08-14,31.0,excellent,7.0,17.0,8.0,7.0,0.33,42.0
杭州,2025-08-15,37.0,excellent,8.0,18.0,10.0,7.0,0.34,54.0
杭州,2025-08-16,40.0,excellent,10.0,21.0,12.0,7.0,0.36,55.0
杭州,2025-08-17,44.0,excellent,12.0,23.0,12.0,7.0,0.37,67.0
杭州,2025-08-18,58.0,good,14.0,26.0,13.0,7.0,0.39,81.0
杭州,2025-08-19,77.0,good,16.0,30.0,15.0,7.0,0.43,98.0
杭州,2025-08-20,88.0,good,21.0,38.0,15.0,6.0,0.47,110.0
杭州,2025-08-21,95.0,good,21.0,37.0,15.0,7.0,0.51,104.0
杭州,2025-08-22,68.0,good,12.0,23.0,13.0,7.0,0.47,85.0
杭州,2025-08-23,46.0,excellent,10.0,19.0,13.0,7.0,0.42,66.0
杭州,2025-08-24,60.0,good,15.0,26.0,19.0,7.0,0.48,80.0
杭州,2025-08-25,68.0,good,16.0,30.0,20.0,7.0,0.51,69.0
杭州,2025-08-26,83.0,good,22.0,37.0,18.0,7.0,0.52,103.0
杭州,2025-08-27,72.0,good,20.0,34.0,19.0,7.0,0.49,87.0
杭州,2025-08-28,46.0,excellent,9.0,19.0,14.0,7.0,0.39,63.0
杭州,2025-08-29,50.0,excellent,12.0,23.0,17.0,7.0,0.43,70.0
杭州,2025-08-30,62.0,good,13.0,26.0,17.0,8.0,0.44,80.0
杭州,2025-08-31,68.0,good,18.0,26.0,16.0,7.0,0.52,75.0
杭州,2025-09-01,46.0,excellent,17.0,29.0,19.0,7.0,0.58,67.0
杭州,2025-09-02,51.0,good,13.0,21.0,16.0,6.0,0.56,57.0
杭州,2025-09-03,47.0,excellent,14.0,23.0,14.0,6.0,0.6,77.0
杭州,2025-09-04,79.0,good,24.0,35.0,20.0,6.0,0.6,93.0
杭州,2025-09-05,84.0,good,29.0,43.0,23.0,7.0,0.63,98.0
杭州,2025-09-06,88.0,good,23.0,37.0,19.0,7.0,0.59,100.0
杭州,2025-09-07,95.0,good,24.0,36.0,15.0,7.0,0.64,118.0
杭州,2025-09-08,82.0,good,25.0,36.0,18.0,6.0,0.63,94.0
杭州,2025-09-09,47.0,excellent,12.0,18.0,14.0,6.0,0.63,66.0
杭州,2025-09-10,40.0,excellent,13.0,20.0,17.0,6.0,0.61,60.0
杭州,2025-09-11,63.0,good,20.0,36.0,18.0,6.0,0.58,97.0
杭州,2025-09-12,58.0,good,20.0,35.0,19.0,6.0,0.6,63.0
杭州,2025-09-13,40.0,excellent,15.0,26.0,18.0,6.0,0.61,45.0
杭州,2025-09-14,42.0,excellent,9.0,15.0,12.0,6.0,0.52,65.0
杭州,2025-09-15,60.0,good,19.0,30.0,19.0,6.0,0.59,77.0
杭州,2025-09-16,63.0,good,23.0,36.0,22.0,6.0,0.6,72.0
杭州,2025-09-17,52.0,good,21.0,30.0,19.0,6.0,0.55,65.0
杭州,2025-09-18,36.0,excellent,11.0,21.0,18.0,6.0,0.5,57.0
杭州,2025-09-19,50.0,excellent,12.0,26.0,15.0,7.0,0.47,70.0
杭州,2025-09-20,24.0,excellent,13.0,19.0,17.0,6.0,0.58,39.0
杭州,2025-09-21,39.0,excellent,18.0,30.0,23.0,6.0,0.65,68.0
杭州,2025-09-22,57.0,good,16.0,31.0,21.0,6.0,0.48,79.0
杭州,2025-09-23,39.0,excellent,16.0,30.0,25.0,6.0,0.46,42.0
杭州,2025-09-24,29.0,excellent,12.0,24.0,23.0,6.0,0.43,19.0
杭州,2025-09-25,34.0,excellent,17.0,34.0,22.0,6.0,0.52,50.0
杭州,2025-09-26,51.0,good,26.0,39.0,22.0,6.0,0.58,71.0
杭州,2025-09-27,82.0,good,29.0,42.0,23.0,6.0,0.63,100.0
杭州,2025-09-28,82.0,good,36.0,49.0,20.0,6.0,0.62,95.0
杭州,2025-09-29,50.0,excellent,33.0,46.0,20.0,7.0,0.83,68.0
杭州,2025-09-30,42.0,excellent,24.0,36.0,20.0,6.0,0.88,61.0
杭州,2025-10-01,54.0,good,28.0,36.0,19.0,7.0,0.8,85.0
杭州,2025-10-02,52.0,good,23.0,34.0,18.0,6.0,0.65,70.0
杭州,2025-10-03,46.0,excellent,32.0,46.0,17.0,6.0,0.78,56.0
杭州,2025-10-04,52.0,good,30.0,45.0,17.0,7.0,0.82,85.0
杭州,2025-10-05,68.0,good,29.0,42.0,18.0,7.0,0.64,85.0
杭州,2025-10-06,62.0,good,30.0,43.0,21.0,7.0,0.58,72.0
杭州,2025-10-07,60.0,good,43.0,57.0,17.0,6.0,0.75,80.0
杭州,2025-10-08,61.0,good,21.0,32.0,13.0,6.0,0.63,95.0
杭州,2025-10-09,78.0,good,14.0,27.0,16.0,7.0,0.47,98.0
杭州,2025-10-10,83.0,good,18.0,34.0,20.0,7.0,0.45,99.0
杭州,2025-10-11,88.0,good,26.0,49.0,23.0,7.0,0.53,108.0
杭州,2025-10-12,125.0,lightly_polluted,61.0,91.0,21.0,8.0,0.93,136.0
杭州,2025-10-13,62.0,good,42.0,59.0,27.0,7.0,1.06,62.0
杭州,2025-10-14,40.0,excellent,20.0,30.0,32.0,7.0,1.1,22.0
杭州,2025-10-15,44.0,excellent,25.0,39.0,27.0,7.0,0.88,68.0
杭州,2025-10-16,47.0,excellent,17.0,25.0,17.0,7.0,0.84,64.0
杭州,2025-10-17,44.0,excellent,13.0,25.0,21.0,7.0,0.55,63.0
杭州,2025-10-18,29.0,excellent,12.0,19.0,21.0,6.0,0.56,43.0
杭州,2025-10-19,27.0,excellent,13.0,25.0,17.0,7.0,0.46,50.0
杭州,2025-10-20,34.0,excellent,11.0,28.0,16.0,7.0,0.38,63.0
杭州,2025-10-21,31.0,excellent,12.0,31.0,19.0,7.0,0.38,53.0
杭州,2025-10-22,34.0,excellent,13.0,31.0,19.0,8.0,0.4,63.0
杭州,2025-10-23,42.0,excellent,14.0,31.0,21.0,8.0,0.41,69.0
杭州,2025-10-24,44.0,excellent,18.0,36.0,24.0,8.0,0.49,72.0
杭州,2025-10-25,49.0,excellent,24.0,43.0,26.0,8.0,0.49,77.0
杭州,2025-10-26,46.0,excellent,28.0,46.0,25.0,7.0,0.56,62.0
杭州,2025-10-27,43.0,excellent,30.0,42.0,24.0,7.0,0.6,64.0
杭州,2025-10-28,61.0,good,16.0,33.0,24.0,8.0,0.39,87.0
杭州,2025-10-29,43.0,excellent,20.0,39.0,32.0,7.0,0.43,56.0
杭州,2025-10-30,44.0,excellent,23.0,38.0,35.0,7.0,0.5,32.0
杭州,2025-10-31,29.0,excellent,13.0,19.0,23.0,6.0,0.46,37.0
杭州,2025-11-01,52.0,good,37.0,54.0,28.0,6.0,0.68,59.0
杭州,2025-11-02,69.0,good,50.0,78.0,33.0,8.0,0.78,68.0
杭州,2025-11-03,43.0,excellent,12.0,31.0,24.0,7.0,0.43,60.0
杭州,2025-11-04,59.0,good,24.0,48.0,47.0,7.0,0.49,17.0
杭州,2025-11-05,58.0,good,28.0,50.0,46.0,7.0,0.52,22.0
杭州,2025-11-06,59.0,good,34.0,55.0,47.0,7.0,0.57,4.0
杭州,2025-11-07,41.0,excellent,21.0,26.0,33.0,6.0,0.48,40.0
杭州,2025-11-08,35.0,excellent,18.0,25.0,28.0,6.0,0.6,14.0
杭州,2025-11-09,25.0,excellent,13.0,18.0,20.0,6.0,0.59,40.0
杭州,2025-11-10,46.0,excellent,26.0,46.0,21.0,7.0,0.58,71.0
杭州,2025-11-11,34.0,excellent,10.0,30.0,27.0,7.0,0.39,49.0
杭州,2025-11-12,39.0,excellent,15.0,39.0,29.0,7.0,0.49,51.0
杭州,2025-11-13,38.0,excellent,18.0,38.0,29.0,8.0,0.56,58.0
杭州,2025-11-14,72.0,good,53.0,87.0,45.0,8.0,0.78,58.0
杭州,2025-11-15,69.0,good,50.0,83.0,45.0,8.0,0.73,64.0
杭州,2025-11-16,65.0,good,47.0,75.0,44.0,7.0,0.67,57.0
杭州,2025-11-17,50.0,excellent,29.0,50.0,29.0,7.0,0.56,39.0
杭州,2025-11-18,31.0,excellent,15.0,31.0,18.0,7.0,0.43,40.0
杭州,2025-11-19,40.0,excellent,21.0,40.0,25.0,8.0,0.48,36.0
杭州,2025-11-20,52.0,good,30.0,53.0,40.0,8.0,0.59,27.0
杭州,2025-11-21,59.0,good,42.0,67.0,47.0,8.0,0.67,33.0
杭州,2025-11-22,81.0,good,60.0,90.0,54.0,9.0,0.76,43.0
杭州,2025-11-23,79.0,good,58.0,87.0,55.0,8.0,0.77,40.0
杭州,2025-11-24,75.0,good,53.0,84.0,60.0,8.0,0.77,18.0
杭州,2025-11-25,97.0,good,39.0,144.0,24.0,8.0,0.44,47.0
杭州,2025-11-26,86.0,good,46.0,123.0,49.0,8.0,0.54,26.0
杭州,2025-11-27,124.0,lightly_polluted,51.0,197.0,36.0,7.0,0.47,33.0
杭州,2025-11-28,128.0,lightly_polluted,59.0,207.0,45.0,7.0,0.5,23.0
杭州,2025-11-29,84.0,good,49.0,119.0,51.0,8.0,0.6,35.0
杭州,2025-11-30,68.0,good,47.0,86.0,52.0,8.0,0.7,35.0
杭州,2025-12-01,104.0,lightly_polluted,78.0,138.0,50.0,8.0,0.81,54.0
杭州,2025-12-02,68.0,good,34.0,86.0,39.0,7.0,0.57,35.0
杭州,2025-12-03,54.0,good,27.0,59.0,24.0,7.0,0.46,46.0
杭州,2025-12-04,55.0,good,32.0,56.0,44.0,8.0,0.57,29.0
杭州,2025-12-05,80.0,good,44.0,70.0,64.0,10.0,0.71,17.0
杭州,2025-12-06,74.0,good,54.0,83.0,57.0,8.0,0.76,25.0
杭州,2025-12-07,76.0,good,56.0,85.0,56.0,7.0,0.77,38.0
杭州,2025-12-08,94.0,good,70.0,110.0,49.0,8.0,0.8,43.0
杭州,2025-12-09,54.0,good,21.0,58.0,37.0,7.0,0.53,44.0
杭州,2025-12-10,60.0,good,30.0,68.0,48.0,7.0,0.63,25.0
杭州,2025-12-11,82.0,good,61.0,100.0,43.0,8.0,0.82,55.0
杭州,2025-12-12,52.0,good,25.0,53.0,22.0,7.0,0.48,59.0
杭州,2025-12-13,36.0,excellent,18.0,36.0,24.0,7.0,0.57,34.0
杭州,2025-12-14,52.0,good,23.0,54.0,22.0,7.0,0.6,50.0
杭州,2025-12-15,62.0,good,38.0,74.0,47.0,7.0,0.73,23.0
杭州,2025-12-16,70.0,good,41.0,75.0,56.0,8.0,0.85,19.0
杭州,2025-12-17,109.0,lightly_polluted,82.0,128.0,48.0,9.0,0.98,42.0
杭州,2025-12-18,139.0,lightly_polluted,106.0,156.0,54.0,7.0,1.0,37.0
杭州,2025-12-19,90.0,good,67.0,112.0,59.0,7.0,0.96,35.0
杭州,2025-12-20,112.0,lightly_polluted,85.0,135.0,50.0,8.0,1.03,31.0
杭州,2025-12-21,48.0,excellent,29.0,48.0,23.0,6.0,0.63,41.0
杭州,2025-12-22,55.0,good,21.0,45.0,44.0,7.0,0.65,15.0
杭州,2025-12-23,54.0,good,34.0,58.0,37.0,6.0,0.75,16.0
杭州,2025-12-24,40.0,excellent,22.0,32.0,32.0,6.0,0.87,6.0
杭州,2025-12-25,60.0,good,43.0,59.0,24.0,7.0,0.74,45.0
杭州,2025-12-26,44.0,excellent,22.0,38.0,35.0,7.0,0.62,34.0
杭州,2025-12-27,56.0,good,35.0,55.0,45.0,7.0,0.66,25.0
杭州,2025-12-28,72.0,good,53.0,78.0,53.0,7.0,0.77,22.0
杭州,2025-12-29,66.0,good,48.0,71.0,51.0,7.0,0.75,30.0
杭州,2025-12-30,116.0,lightly_polluted,88.0,132.0,50.0,7.0,0.89,37.0
杭州,2025-12-31,34.0,excellent,15.0,34.0,27.0,7.0,0.4,50.0
成都,2025-01-01,128.0,lightly_polluted,97.0,121.0,51.0,3.0,0.87,49.0
成都,2025-01-02,112.0,lightly_polluted,85.0,110.0,53.0,3.0,0.91,40.0
成都,2025-01-03,138.0,lightly_polluted,105.0,133.0,54.0,3.0,1.04,44.0
成都,2025-01-04,135.0,lightly_polluted,103.0,128.0,47.0,3.0,0.87,37.0
成都,2025-01-05,85.0,good,63.0,80.0,37.0,3.0,0.73,42.0
成都,2025-01-06,85.0,good,63.0,81.0,40.0,2.0,0.73,29.0
成都,2025-01-07,61.0,good,44.0,58.0,29.0,2.0,0.59,34.0
成都,2025-01-08,47.0,excellent,30.0,47.0,29.0,2.0,0.53,45.0
成都,2025-01-09,54.0,good,38.0,56.0,34.0,2.0,0.57,39.0
成都,2025-01-10,55.0,good,39.0,49.0,26.0,2.0,0.58,31.0
成都,2025-01-11,40.0,excellent,25.0,40.0,27.0,2.0,0.53,51.0
成都,2025-01-12,74.0,good,54.0,77.0,47.0,3.0,0.76,25.0
成都,2025-01-13,91.0,good,68.0,91.0,39.0,2.0,0.75,39.0
成都,2025-01-14,66.0,good,48.0,63.0,33.0,2.0,0.6,46.0
成都,2025-01-15,64.0,good,46.0,62.0,31.0,2.0,0.53,41.0
成都,2025-01-16,69.0,good,50.0,67.0,33.0,2.0,0.6,24.0
成都,2025-01-17,86.0,good,64.0,84.0,45.0,2.0,0.7,14.0
成都,2025-01-18,56.0,good,40.0,57.0,28.0,2.0,0.61,48.0
成都,2025-01-19,72.0,good,53.0,68.0,32.0,2.0,0.73,50.0
成都,2025-01-20,86.0,good,64.0,80.0,35.0,3.0,0.78,54.0
成都,2025-01-21,120.0,lightly_polluted,91.0,112.0,46.0,2.0,0.92,39.0
成都,2025-01-22,159.0,moderately_polluted,121.0,148.0,45.0,3.0,0.99,22.0
成都,2025-01-23,207.0,heavily_polluted,157.0,184.0,47.0,3.0,1.2,8.0
成都,2025-01-24,90.0,good,67.0,78.0,24.0,2.0,0.95,26.0
成都,2025-01-25,36.0,excellent,25.0,32.0,16.0,2.0,0.85,60.0
成都,2025-01-26,66.0,good,26.0,82.0,16.0,3.0,0.52,58.0
成都,2025-01-27,74.0,good,40.0,99.0,21.0,3.0,0.5,42.0
成都,2025-01-28,75.0,good,55.0,94.0,18.0,3.0,0.57,49.0
成都,2025-01-29,225.0,heavily_polluted,175.0,212.0,24.0,4.0,0.66,52.0
成都,2025-01-30,96.0,good,72.0,105.0,17.0,3.0,0.62,50.0
成都,2025-01-31,59.0,good,42.0,52.0,13.0,2.0,0.59,38.0
成都,2025-02-01,34.0,excellent,24.0,31.0,15.0,2.0,0.55,37.0
成都,2025-02-02,43.0,excellent,30.0,36.0,15.0,3.0,0.59,37.0
成都,2025-02-03,39.0,excellent,27.0,38.0,16.0,2.0,0.53,48.0
成都,2025-02-04,49.0,excellent,31.0,49.0,22.0,3.0,0.53,44.0
成都,2025-02-05,39.0,excellent,26.0,39.0,14.0,3.0,0.53,48.0
成都,2025-02-06,31.0,excellent,18.0,30.0,13.0,2.0,0.42,52.0
成都,2025-02-07,36.0,excellent,24.0,36.0,19.0,3.0,0.5,37.0
成都,2025-02-08,28.0,excellent,17.0,24.0,17.0,3.0,0.48,43.0
成都,2025-02-09,36.0,excellent,25.0,36.0,23.0,3.0,0.53,31.0
成都,2025-02-10,49.0,excellent,34.0,49.0,25.0,2.0,0.61,36.0
成都,2025-02-11,70.0,good,51.0,73.0,37.0,3.0,0.66,32.0
成都,2025-02-12,62.0,good,28.0,73.0,18.0,3.0,0.43,59.0
成都,2025-02-13,57.0,good,24.0,64.0,18.0,3.0,0.43,49.0
成都,2025-02-14,54.0,good,29.0,57.0,25.0,3.0,0.5,41.0
成都,2025-02-15,40.0,excellent,25.0,40.0,26.0,3.0,0.55,45.0
成都,2025-02-16,55.0,good,39.0,55.0,29.0,3.0,0.64,45.0
成都,2025-02-17,55.0,good,39.0,55.0,30.0,4.0,0.63,44.0
成都,2025-02-18,61.0,good,44.0,56.0,28.0,3.0,0.65,24.0
成都,2025-02-19,44.0,excellent,31.0,43.0,25.0,3.0,0.58,39.0
成都,2025-02-20,50.0,excellent,35.0,45.0,25.0,3.0,0.61,34.0
成都,2025-02-21,40.0,excellent,28.0,38.0,27.0,3.0,0.59,20.0
成都,2025-02-22,24.0,excellent,17.0,22.0,19.0,3.0,0.62,35.0
成都,2025-02-23,39.0,excellent,27.0,34.0,20.0,3.0,0.63,38.0
成都,2025-02-24,24.0,excellent,16.0,24.0,19.0,3.0,0.63,35.0
成都,2025-02-25,30.0,excellent,13.0,21.0,20.0,3.0,0.65,50.0
成都,2025-02-26,40.0,excellent,27.0,40.0,23.0,3.0,0.69,58.0
成都,2025-02-27,69.0,good,50.0,69.0,35.0,4.0,0.78,41.0
成都,2025-02-28,79.0,good,58.0,77.0,36.0,4.0,0.87,49.0
成都,2025-03-01,84.0,good,62.0,85.0,48.0,4.0,0.91,47.0
成都,2025-03-02,78.0,good,57.0,82.0,34.0,4.0,0.79,44.0
成都,2025-03-03,45.0,excellent,28.0,45.0,21.0,3.0,0.62,65.0
成都,2025-03-04,32.0,excellent,17.0,30.0,26.0,4.0,0.73,43.0
成都,2025-03-05,38.0,excellent,23.0,33.0,30.0,4.0,0.78,28.0
成都,2025-03-06,32.0,excellent,13.0,25.0,26.0,4.0,0.55,49.0
成都,2025-03-07,37.0,excellent,22.0,37.0,29.0,4.0,0.54,41.0
成都,2025-03-08,33.0,excellent,23.0,33.0,24.0,4.0,0.56,47.0
成都,2025-03-09,50.0,excellent,34.0,51.0,29.0,4.0,0.63,42.0
成都,2025-03-10,65.0,good,47.0,68.0,42.0,4.0,0.83,32.0
成都,2025-03-11,69.0,good,50.0,68.0,32.0,4.0,0.76,49.0
成都,2025-03-12,84.0,good,40.0,118.0,27.0,4.0,0.58,58.0
成都,2025-03-13,62.0,good,28.0,74.0,28.0,4.0,0.6,54.0
成都,2025-03-14,55.0,good,32.0,60.0,26.0,4.0,0.72,47.0
成都,2025-03-15,33.0,excellent,18.0,30.0,24.0,4.0,0.58,54.0
成都,2025-03-16,41.0,excellent,17.0,41.0,25.0,4.0,0.54,53.0
成都,2025-03-17,39.0,excellent,21.0,39.0,26.0,4.0,0.59,46.0
成都,2025-03-18,39.0,excellent,21.0,39.0,31.0,4.0,0.63,40.0
成都,2025-03-19,52.0,good,35.0,54.0,34.0,4.0,0.73,32.0
成都,2025-03-20,58.0,good,35.0,57.0,46.0,4.0,0.74,42.0
成都,2025-03-21,54.0,good,35.0,58.0,43.0,4.0,0.7,48.0
成都,2025-03-22,66.0,good,45.0,73.0,53.0,5.0,0.8,32.0
成都,2025-03-23,59.0,good,40.0,68.0,41.0,5.0,0.76,51.0
成都,2025-03-24,52.0,good,27.0,53.0,41.0,5.0,0.72,62.0
成都,2025-03-25,65.0,good,37.0,68.0,52.0,5.0,0.94,74.0
成都,2025-03-26,90.0,good,52.0,85.0,48.0,7.0,0.98,108.0
成都,2025-03-27,140.0,lightly_polluted,79.0,231.0,34.0,5.0,0.75,75.0
成都,2025-03-28,90.0,good,29.0,129.0,14.0,4.0,0.53,76.0
成都,2025-03-29,58.0,good,19.0,65.0,16.0,4.0,0.57,70.0
成都,2025-03-30,46.0,excellent,20.0,46.0,20.0,4.0,0.61,54.0
成都,2025-03-31,35.0,excellent,24.0,35.0,28.0,4.0,0.7,32.0
成都,2025-04-01,56.0,good,40.0,59.0,31.0,4.0,0.8,20.0
成都,2025-04-02,54.0,good,25.0,59.0,25.0,4.0,0.63,61.0
成都,2025-04-03,62.0,good,34.0,75.0,39.0,4.0,0.77,65.0
成都,2025-04-04,66.0,good,48.0,82.0,32.0,4.0,0.8,73.0
成都,2025-04-05,46.0,excellent,19.0,39.0,17.0,4.0,0.59,76.0
成都,2025-04-06,49.0,excellent,24.0,49.0,25.0,4.0,0.66,58.0
成都,2025-04-07,56.0,good,33.0,63.0,28.0,4.0,0.75,74.0
成都,2025-04-08,72.0,good,39.0,74.0,35.0,4.0,0.83,87.0
成都,2025-04-09,78.0,good,42.0,82.0,43.0,5.0,0.92,91.0
成都,2025-04-10,80.0,good,38.0,82.0,35.0,5.0,0.83,99.0
成都,2025-04-11,60.0,good,40.0,70.0,25.0,5.0,0.75,81.0
成都,2025-04-12,154.0,moderately_polluted,74.0,258.0,17.0,4.0,0.47,63.0
成都,2025-04-13,157.0,moderately_polluted,68.0,264.0,28.0,5.0,0.58,56.0
成都,2025-04-14,92.0,good,46.0,135.0,50.0,6.0,0.83,53.0
成都,2025-04-15,98.0,good,50.0,147.0,44.0,6.0,0.78,77.0
成都,2025-04-16,97.0,good,54.0,144.0,40.0,7.0,0.74,92.0
成都,2025-04-17,99.0,good,38.0,85.0,24.0,5.0,0.67,124.0
成都,2025-04-18,100.0,good,42.0,89.0,35.0,6.0,0.77,110.0
成都,2025-04-19,81.0,good,27.0,64.0,16.0,5.0,0.54,114.0
成都,2025-04-20,90.0,good,32.0,69.0,27.0,5.0,0.7,100.0
成都,2025-04-21,64.0,good,38.0,77.0,26.0,5.0,0.61,60.0
成都,2025-04-22,66.0,good,31.0,82.0,22.0,5.0,0.53,61.0
成都,2025-04-23,75.0,good,42.0,100.0,21.0,5.0,0.49,78.0
成都,2025-04-24,52.0,good,15.0,34.0,17.0,4.0,0.39,83.0
成都,2025-04-25,44.0,excellent,18.0,40.0,20.0,4.0,0.45,66.0
成都,2025-04-26,42.0,excellent,21.0,42.0,20.0,4.0,0.46,58.0
成都,2025-04-27,46.0,excellent,20.0,37.0,24.0,4.0,0.5,68.0
成都,2025-04-28,54.0,good,29.0,57.0,38.0,5.0,0.6,68.0
成都,2025-04-29,48.0,excellent,16.0,30.0,20.0,4.0,0.47,72.0
成都,2025-04-30,45.0,excellent,16.0,33.0,23.0,5.0,0.48,69.0
成都,2025-05-01,52.0,good,24.0,47.0,28.0,5.0,0.56,80.0
成都,2025-05-02,70.0,good,34.0,67.0,34.0,5.0,0.65,85.0
成都,2025-05-03,72.0,good,41.0,80.0,33.0,6.0,0.67,89.0
成都,2025-05-04,68.0,good,35.0,61.0,24.0,5.0,0.59,86.0
成都,2025-05-05,61.0,good,13.0,31.0,13.0,4.0,0.43,86.0
成都,2025-05-06,44.0,excellent,15.0,30.0,21.0,5.0,0.47,71.0
成都,2025-05-07,50.0,excellent,17.0,32.0,21.0,5.0,0.53,75.0
成都,2025-05-08,49.0,excellent,21.0,33.0,17.0,4.0,0.58,78.0
成都,2025-05-09,171.0,moderately_polluted,72.0,292.0,20.0,4.0,0.42,76.0
成都,2025-05-10,85.0,good,41.0,120.0,20.0,5.0,0.47,85.0
成都,2025-05-11,63.0,good,35.0,73.0,19.0,6.0,0.54,94.0
成都,2025-05-12,93.0,good,44.0,71.0,31.0,7.0,0.69,113.0
成都,2025-05-13,101.0,lightly_polluted,27.0,48.0,18.0,5.0,0.57,129.0
成都,2025-05-14,70.0,good,51.0,81.0,23.0,6.0,0.66,92.0
成都,2025-05-15,60.0,good,34.0,70.0,26.0,5.0,0.57,81.0
成都,2025-05-16,60.0,good,38.0,69.0,30.0,8.0,0.69,67.0
成都,2025-05-17,80.0,good,59.0,90.0,31.0,8.0,0.77,60.0
成都,2025-05-18,110.0,lightly_polluted,83.0,114.0,33.0,7.0,0.86,110.0
成都,2025-05-19,101.0,lightly_polluted,43.0,67.0,23.0,7.0,0.68,111.0
成都,2025-05-20,109.0,lightly_polluted,44.0,72.0,33.0,7.0,0.74,122.0
成都,2025-05-21,113.0,lightly_polluted,57.0,87.0,39.0,7.0,0.84,113.0
成都,2025-05-22,100.0,good,43.0,60.0,18.0,5.0,0.67,129.0
成都,2025-05-23,71.0,good,34.0,72.0,19.0,6.0,0.5,93.0
成都,2025-05-24,53.0,good,24.0,56.0,15.0,5.0,0.43,86.0
成都,2025-05-25,72.0,good,25.0,49.0,15.0,5.0,0.46,108.0
成都,2025-05-26,83.0,good,37.0,64.0,15.0,7.0,0.57,116.0
成都,2025-05-27,47.0,excellent,24.0,35.0,15.0,5.0,0.6,68.0
成都,2025-05-28,46.0,excellent,14.0,25.0,17.0,5.0,0.54,79.0
成都,2025-05-29,49.0,excellent,27.0,41.0,23.0,5.0,0.67,76.0
成都,2025-05-30,43.0,excellent,30.0,39.0,19.0,5.0,0.65,66.0
成都,2025-05-31,36.0,excellent,13.0,27.0,15.0,5.0,0.56,61.0
成都,2025-06-01,45.0,excellent,20.0,35.0,20.0,5.0,0.65,55.0
成都,2025-06-02,41.0,excellent,14.0,28.0,24.0,5.0,0.63,57.0
成都,2025-06-03,48.0,excellent,23.0,45.0,35.0,5.0,0.66,62.0
成都,2025-06-04,70.0,good,32.0,54.0,34.0,5.0,0.68,81.0
成都,2025-06-05,67.0,good,36.0,56.0,29.0,5.0,0.67,96.0
成都,2025-06-06,82.0,good,42.0,64.0,33.0,5.0,0.74,98.0
成都,2025-06-07,89.0,good,32.0,50.0,21.0,5.0,0.64,102.0
成都,2025-06-08,92.0,good,34.0,51.0,24.0,6.0,0.67,112.0
成都,2025-06-09,72.0,good,26.0,43.0,25.0,5.0,0.64,92.0
成都,2025-06-10,79.0,good,19.0,37.0,24.0,5.0,0.56,103.0
成都,2025-06-11,115.0,lightly_polluted,22.0,44.0,20.0,6.0,0.57,141.0
成都,2025-06-12,115.0,lightly_polluted,28.0,48.0,26.0,8.0,0.69,130.0
成都,2025-06-13,111.0,lightly_polluted,28.0,51.0,24.0,6.0,0.68,136.0
成都,2025-06-14,68.0,good,33.0,54.0,27.0,6.0,0.73,83.0
成都,2025-06-15,105.0,lightly_polluted,16.0,32.0,13.0,5.0,0.52,149.0
成都,2025-06-16,120.0,lightly_polluted,20.0,40.0,23.0,6.0,0.62,146.0
成都,2025-06-17,133.0,lightly_polluted,28.0,49.0,25.0,7.0,0.7,149.0
成都,2025-06-18,68.0,good,10.0,17.0,9.0,4.0,0.56,84.0
成都,2025-06-19,47.0,excellent,14.0,26.0,20.0,4.0,0.65,69.0
成都,2025-06-20,48.0,excellent,21.0,39.0,31.0,5.0,0.72,59.0
成都,2025-06-21,68.0,good,14.0,25.0,16.0,4.0,0.58,103.0
成都,2025-06-22,76.0,good,16.0,27.0,13.0,4.0,0.58,98.0
成都,2025-06-23,47.0,excellent,17.0,29.0,16.0,4.0,0.58,74.0
成都,2025-06-24,48.0,excellent,10.0,15.0,12.0,4.0,0.55,83.0
成都,2025-06-25,58.0,good,12.0,20.0,13.0,4.0,0.6,91.0
成都,2025-06-26,56.0,good,16.0,28.0,18.0,4.0,0.65,79.0
成都,2025-06-27,67.0,good,24.0,39.0,28.0,4.0,0.74,92.0
成都,2025-06-28,78.0,good,26.0,42.0,27.0,4.0,0.76,93.0
成都,2025-06-29,50.0,excellent,17.0,26.0,19.0,4.0,0.65,75.0
成都,2025-06-30,58.0,good,9.0,17.0,12.0,4.0,0.55,90.0
成都,2025-07-01,59.0,good,8.0,16.0,10.0,4.0,0.54,85.0
成都,2025-07-02,48.0,excellent,18.0,32.0,17.0,5.0,0.67,75.0
成都,2025-07-03,28.0,excellent,14.0,23.0,18.0,4.0,0.68,37.0
成都,2025-07-04,44.0,excellent,18.0,27.0,15.0,4.0,0.67,72.0
成都,2025-07-05,65.0,good,6.0,13.0,11.0,4.0,0.51,93.0
成都,2025-07-06,55.0,good,11.0,24.0,16.0,5.0,0.56,75.0
成都,2025-07-07,40.0,excellent,11.0,20.0,13.0,4.0,0.58,60.0
成都,2025-07-08,44.0,excellent,13.0,24.0,16.0,4.0,0.57,64.0
成都,2025-07-09,46.0,excellent,19.0,31.0,17.0,4.0,0.63,64.0
成都,2025-07-10,52.0,good,14.0,24.0,14.0,4.0,0.6,78.0
成都,2025-07-11,48.0,excellent,10.0,17.0,15.0,4.0,0.56,67.0
成都,2025-07-12,43.0,excellent,13.0,23.0,17.0,4.0,0.62,67.0
成都,2025-07-13,60.0,good,19.0,31.0,18.0,4.0,0.64,84.0
成都,2025-07-14,72.0,good,21.0,34.0,18.0,4.0,0.65,91.0
成都,2025-07-15,82.0,good,33.0,48.0,22.0,5.0,0.72,105.0
成都,2025-07-16,92.0,good,33.0,47.0,21.0,5.0,0.68,112.0
成都,2025-07-17,93.0,good,30.0,43.0,20.0,4.0,0.67,116.0
成都,2025-07-18,58.0,good,29.0,43.0,23.0,4.0,0.67,79.0
成都,2025-07-19,62.0,good,15.0,24.0,13.0,4.0,0.58,95.0
成都,2025-07-20,53.0,good,14.0,27.0,14.0,4.0,0.5,75.0
成都,2025-07-21,58.0,good,10.0,22.0,15.0,4.0,0.49,85.0
成都,2025-07-22,72.0,good,16.0,31.0,22.0,5.0,0.55,84.0
成都,2025-07-23,69.0,good,9.0,16.0,12.0,4.0,0.44,99.0
成都,2025-07-24,52.0,good,7.0,13.0,11.0,4.0,0.48,71.0
成都,2025-07-25,48.0,excellent,10.0,17.0,11.0,4.0,0.51,73.0
成都,2025-07-26,50.0,excellent,6.0,14.0,12.0,4.0,0.47,80.0
成都,2025-07-27,61.0,good,10.0,21.0,15.0,4.0,0.53,79.0
成都,2025-07-28,69.0,good,18.0,29.0,18.0,4.0,0.57,91.0
成都,2025-07-29,89.0,good,21.0,34.0,22.0,4.0,0.6,100.0
成都,2025-07-30,91.0,good,17.0,31.0,20.0,4.0,0.6,112.0
成都,2025-07-31,98.0,good,22.0,35.0,14.0,5.0,0.63,118.0
成都,2025-08-01,93.0,good,22.0,34.0,16.0,4.0,0.6,121.0
成都,2025-08-02,103.0,lightly_polluted,24.0,36.0,18.0,5.0,0.62,126.0
成都,2025-08-03,100.0,good,21.0,34.0,17.0,5.0,0.59,131.0
成都,2025-08-04,115.0,lightly_polluted,31.0,47.0,20.0,6.0,0.68,131.0
成都,2025-08-05,102.0,lightly_polluted,28.0,42.0,17.0,5.0,0.66,123.0
成都,2025-08-06,95.0,good,20.0,32.0,15.0,4.0,0.65,117.0
成都,2025-08-07,72.0,good,14.0,22.0,13.0,3.0,0.63,109.0
成都,2025-08-08,79.0,good,20.0,32.0,20.0,4.0,0.68,80.0
成都,2025-08-09,52.0,good,13.0,23.0,16.0,4.0,0.65,86.0
成都,2025-08-10,51.0,good,7.0,12.0,12.0,4.0,0.56,81.0
成都,2025-08-11,54.0,good,8.0,18.0,15.0,4.0,0.55,83.0
成都,2025-08-12,77.0,good,17.0,29.0,17.0,4.0,0.63,98.0
成都,2025-08-13,96.0,good,22.0,40.0,22.0,5.0,0.64,110.0
成都,2025-08-14,92.0,good,25.0,45.0,23.0,5.0,0.65,104.0
成都,2025-08-15,88.0,good,24.0,41.0,18.0,4.0,0.64,108.0
成都,2025-08-16,65.0,good,17.0,28.0,15.0,4.0,0.59,88.0
成都,2025-08-17,50.0,excellent,17.0,26.0,14.0,4.0,0.63,76.0
成都,2025-08-18,80.0,good,10.0,20.0,15.0,4.0,0.58,105.0
成都,2025-08-19,82.0,good,15.0,28.0,18.0,4.0,0.63,95.0
成都,2025-08-20,79.0,good,21.0,33.0,17.0,3.0,0.62,97.0
成都,2025-08-21,64.0,good,14.0,24.0,13.0,3.0,0.57,84.0
成都,2025-08-22,38.0,excellent,9.0,19.0,12.0,3.0,0.55,61.0
成都,2025-08-23,35.0,excellent,12.0,23.0,14.0,3.0,0.62,48.0
成都,2025-08-24,32.0,excellent,11.0,21.0,13.0,3.0,0.66,48.0
成都,2025-08-25,36.0,excellent,11.0,21.0,12.0,3.0,0.63,54.0
成都,2025-08-26,46.0,excellent,18.0,31.0,14.0,3.0,0.63,73.0
成都,2025-08-27,61.0,good,18.0,31.0,14.0,3.0,0.6,84.0
成都,2025-08-28,40.0,excellent,11.0,22.0,13.0,3.0,0.5,61.0
成都,2025-08-29,37.0,excellent,5.0,11.0,13.0,2.0,0.48,64.0
成都,2025-08-30,38.0,excellent,6.0,13.0,16.0,2.0,0.52,60.0
成都,2025-08-31,42.0,excellent,10.0,20.0,18.0,3.0,0.57,63.0
成都,2025-09-01,50.0,excellent,17.0,32.0,24.0,3.0,0.67,71.0
成都,2025-09-02,52.0,good,24.0,41.0,21.0,3.0,0.7,69.0
成都,2025-09-03,53.0,good,23.0,42.0,18.0,3.0,0.62,70.0
成都,2025-09-04,57.0,good,24.0,49.0,21.0,3.0,0.59,71.0
成都,2025-09-05,43.0,excellent,27.0,43.0,22.0,3.0,0.61,42.0
成都,2025-09-06,46.0,excellent,17.0,46.0,15.0,3.0,0.48,66.0
成都,2025-09-07,60.0,good,26.0,70.0,19.0,4.0,0.57,81.0
成都,2025-09-08,54.0,good,23.0,45.0,13.0,3.0,0.52,80.0
成都,2025-09-09,58.0,good,21.0,40.0,15.0,3.0,0.56,77.0
成都,2025-09-10,44.0,excellent,21.0,36.0,19.0,3.0,0.64,61.0
成都,2025-09-11,35.0,excellent,12.0,19.0,14.0,2.0,0.58,56.0
成都,2025-09-12,30.0,excellent,7.0,17.0,16.0,3.0,0.61,41.0
成都,2025-09-13,43.0,excellent,15.0,29.0,21.0,3.0,0.7,57.0
成都,2025-09-14,46.0,excellent,16.0,29.0,18.0,3.0,0.66,62.0
成都,2025-09-15,50.0,excellent,32.0,46.0,24.0,3.0,0.75,70.0
成都,2025-09-16,48.0,excellent,13.0,22.0,15.0,3.0,0.6,73.0
成都,2025-09-17,24.0,excellent,13.0,24.0,18.0,3.0,0.63,34.0
成都,2025-09-18,29.0,excellent,4.0,9.0,11.0,3.0,0.5,52.0
成都,2025-09-19,42.0,excellent,7.0,15.0,17.0,3.0,0.57,64.0
成都,2025-09-20,53.0,good,16.0,27.0,19.0,4.0,0.66,71.0
成都,2025-09-21,28.0,excellent,10.0,18.0,14.0,3.0,0.58,31.0
成都,2025-09-22,28.0,excellent,6.0,12.0,17.0,3.0,0.54,44.0
成都,2025-09-23,33.0,excellent,7.0,13.0,16.0,3.0,0.52,50.0
成都,2025-09-24,45.0,excellent,13.0,24.0,20.0,4.0,0.59,62.0
成都,2025-09-25,56.0,good,18.0,33.0,24.0,4.0,0.63,73.0
成都,2025-09-26,43.0,excellent,28.0,43.0,24.0,4.0,0.67,57.0
成都,2025-09-27,34.0,excellent,20.0,29.0,17.0,3.0,0.63,49.0
成都,2025-09-28,24.0,excellent,7.0,13.0,14.0,3.0,0.59,37.0
成都,2025-09-29,34.0,excellent,8.0,19.0,21.0,3.0,0.62,53.0
成都,2025-09-30,34.0,excellent,19.0,33.0,27.0,3.0,0.67,44.0
成都,2025-10-01,34.0,excellent,24.0,34.0,17.0,3.0,0.6,54.0
成都,2025-10-02,42.0,excellent,11.0,20.0,15.0,3.0,0.54,66.0
成都,2025-10-03,41.0,excellent,10.0,21.0,14.0,4.0,0.51,55.0
成都,2025-10-04,28.0,excellent,12.0,22.0,14.0,4.0,0.55,38.0
成都,2025-10-05,24.0,excellent,12.0,24.0,18.0,4.0,0.62,30.0
成都,2025-10-06,23.0,excellent,7.0,13.0,13.0,3.0,0.57,38.0
成都,2025-10-07,26.0,excellent,13.0,23.0,20.0,3.0,0.61,36.0
成都,2025-10-08,39.0,excellent,27.0,38.0,23.0,4.0,0.73,35.0
成都,2025-10-09,44.0,excellent,31.0,44.0,23.0,4.0,0.68,38.0
成都,2025-10-10,39.0,excellent,25.0,39.0,22.0,4.0,0.6,43.0
成都,2025-10-11,26.0,excellent,10.0,20.0,14.0,4.0,0.52,40.0
成都,2025-10-12,21.0,excellent,5.0,12.0,17.0,3.0,0.6,31.0
成都,2025-10-13,34.0,excellent,9.0,17.0,17.0,4.0,0.56,56.0
成都,2025-10-14,44.0,excellent,18.0,29.0,18.0,4.0,0.59,66.0
成都,2025-10-15,46.0,excellent,29.0,36.0,17.0,4.0,0.61,67.0
成都,2025-10-16,45.0,excellent,30.0,45.0,26.0,4.0,0.72,47.0
成都,2025-10-17,31.0,excellent,15.0,27.0,25.0,5.0,0.6,31.0
成都,2025-10-18,39.0,excellent,15.0,27.0,31.0,4.0,0.63,32.0
成都,2025-10-19,24.0,excellent,12.0,20.0,17.0,4.0,0.59,34.0
成都,2025-10-20,20.0,excellent,4.0,8.0,14.0,3.0,0.53,37.0
成都,2025-10-21,20.0,excellent,5.0,11.0,16.0,3.0,0.51,36.0
成都,2025-10-22,22.0,excellent,9.0,16.0,18.0,3.0,0.56,26.0
成都,2025-10-23,21.0,excellent,8.0,12.0,17.0,3.0,0.53,26.0
成都,2025-10-24,21.0,excellent,7.0,12.0,17.0,3.0,0.48,26.0
成都,2025-10-25,26.0,excellent,13.0,20.0,21.0,3.0,0.51,33.0
成都,2025-10-26,29.0,excellent,20.0,28.0,23.0,4.0,0.57,27.0
成都,2025-10-27,30.0,excellent,21.0,29.0,21.0,4.0,0.59,41.0
成都,2025-10-28,55.0,good,39.0,48.0,31.0,4.0,0.67,39.0
成都,2025-10-29,47.0,excellent,33.0,41.0,27.0,3.0,0.65,28.0
成都,2025-10-30,56.0,good,40.0,47.0,24.0,4.0,0.61,32.0
成都,2025-10-31,49.0,excellent,34.0,40.0,27.0,4.0,0.6,25.0
成都,2025-11-01,24.0,excellent,17.0,24.0,19.0,4.0,0.48,37.0
成都,2025-11-02,34.0,excellent,24.0,33.0,24.0,4.0,0.5,30.0
成都,2025-11-03,40.0,excellent,28.0,36.0,23.0,4.0,0.57,24.0
成都,2025-11-04,33.0,excellent,23.0,32.0,26.0,4.0,0.6,24.0
成都,2025-11-05,55.0,good,39.0,52.0,34.0,4.0,0.61,15.0
成都,2025-11-06,39.0,excellent,27.0,35.0,21.0,3.0,0.52,28.0
成都,2025-11-07,35.0,excellent,10.0,21.0,28.0,3.0,0.71,33.0
成都,2025-11-08,44.0,excellent,24.0,44.0,35.0,4.0,0.8,22.0
成都,2025-11-09,53.0,good,32.0,56.0,29.0,4.0,0.68,27.0
成都,2025-11-10,23.0,excellent,9.0,22.0,17.0,3.0,0.49,41.0
成都,2025-11-11,41.0,excellent,19.0,41.0,28.0,4.0,0.55,26.0
成都,2025-11-12,54.0,good,35.0,57.0,36.0,4.0,0.7,12.0
成都,2025-11-13,45.0,excellent,25.0,45.0,31.0,4.0,0.68,15.0
成都,2025-11-14,56.0,good,38.0,62.0,38.0,4.0,0.73,13.0
成都,2025-11-15,48.0,excellent,30.0,48.0,26.0,4.0,0.58,40.0
成都,2025-11-16,52.0,good,37.0,53.0,31.0,3.0,0.63,18.0
成都,2025-11-17,40.0,excellent,18.0,40.0,18.0,4.0,0.4,50.0
成都,2025-11-18,39.0,excellent,15.0,39.0,21.0,4.0,0.35,45.0
成都,2025-11-19,44.0,excellent,22.0,44.0,29.0,4.0,0.47,38.0
成都,2025-11-20,57.0,good,40.0,64.0,38.0,4.0,0.62,40.0
成都,2025-11-21,74.0,good,54.0,78.0,49.0,5.0,0.72,28.0
成都,2025-11-22,108.0,lightly_polluted,81.0,106.0,50.0,5.0,0.78,26.0
成都,2025-11-23,104.0,lightly_polluted,78.0,99.0,36.0,5.0,0.73,51.0
成都,2025-11-24,94.0,good,70.0,107.0,33.0,5.0,0.69,39.0
成都,2025-11-25,75.0,good,55.0,93.0,40.0,4.0,0.74,40.0
成都,2025-11-26,95.0,good,71.0,109.0,50.0,5.0,0.79,25.0
成都,2025-11-27,102.0,lightly_polluted,77.0,103.0,39.0,4.0,0.89,35.0
成都,2025-11-28,109.0,lightly_polluted,82.0,111.0,50.0,5.0,0.96,40.0
成都,2025-11-29,132.0,lightly_polluted,101.0,126.0,49.0,4.0,0.95,38.0
成都,2025-11-30,142.0,lightly_polluted,109.0,132.0,52.0,5.0,1.13,35.0
成都,2025-12-01,149.0,lightly_polluted,114.0,138.0,49.0,4.0,1.07,38.0
成都,2025-12-02,125.0,lightly_polluted,95.0,118.0,41.0,4.0,0.88,31.0
成都,2025-12-03,56.0,good,31.0,61.0,33.0,4.0,0.47,36.0
成都,2025-12-04,48.0,excellent,30.0,48.0,27.0,3.0,0.59,41.0
成都,2025-12-05,62.0,good,45.0,62.0,34.0,4.0,0.7,35.0
成都,2025-12-06,75.0,good,55.0,76.0,39.0,4.0,0.68,21.0
成都,2025-12-07,71.0,good,52.0,68.0,36.0,4.0,0.78,31.0
成都,2025-12-08,114.0,lightly_polluted,86.0,113.0,60.0,4.0,0.99,7.0
成都,2025-12-09,131.0,lightly_polluted,100.0,127.0,46.0,4.0,0.93,21.0
成都,2025-12-10,111.0,lightly_polluted,84.0,107.0,40.0,4.0,0.85,36.0
成都,2025-12-11,129.0,lightly_polluted,98.0,121.0,49.0,5.0,1.0,25.0
成都,2025-12-12,109.0,lightly_polluted,82.0,103.0,32.0,4.0,0.73,39.0
成都,2025-12-13,61.0,good,20.0,72.0,23.0,4.0,0.33,47.0
成都,2025-12-14,72.0,good,35.0,94.0,35.0,5.0,0.47,31.0
成都,2025-12-15,79.0,good,53.0,108.0,44.0,5.0,0.64,32.0
成都,2025-12-16,119.0,lightly_polluted,90.0,140.0,57.0,5.0,0.9,32.0
成都,2025-12-17,134.0,lightly_polluted,102.0,145.0,49.0,5.0,0.98,35.0
成都,2025-12-18,125.0,lightly_polluted,95.0,131.0,45.0,4.0,0.97,32.0
成都,2025-12-19,156.0,moderately_polluted,119.0,157.0,53.0,4.0,0.98,13.0
成都,2025-12-20,102.0,lightly_polluted,77.0,104.0,40.0,4.0,0.84,19.0
成都,2025-12-21,46.0,excellent,23.0,46.0,32.0,4.0,0.5,33.0
成都,2025-12-22,54.0,good,35.0,59.0,32.0,4.0,0.59,24.0
成都,2025-12-23,56.0,good,36.0,63.0,26.0,4.0,0.55,34.0
成都,2025-12-24,64.0,good,34.0,78.0,45.0,4.0,0.51,17.0
成都,2025-12-25,71.0,good,52.0,91.0,47.0,5.0,0.66,24.0
成都,2025-12-26,78.0,good,57.0,88.0,37.0,4.0,0.56,28.0
成都,2025-12-27,99.0,good,74.0,99.0,36.0,5.0,0.66,22.0
成都,2025-12-28,119.0,lightly_polluted,90.0,114.0,35.0,4.0,0.73,28.0
成都,2025-12-29,112.0,lightly_polluted,85.0,109.0,33.0,4.0,0.72,25.0
成都,2025-12-30,130.0,lightly_polluted,99.0,123.0,40.0,4.0,0.94,13.0
成都,2025-12-31,92.0,good,69.0,82.0,26.0,3.0,0.72,28.0
武汉,2025-01-01,126.0,lightly_polluted,96.0,125.0,71.0,13.0,1.07,45.0
武汉,2025-01-02,171.0,moderately_polluted,130.0,157.0,59.0,11.0,1.08,63.0
武汉,2025-01-03,201.0,heavily_polluted,151.0,183.0,54.0,12.0,1.24,56.0
武汉,2025-01-04,214.0,heavily_polluted,164.0,198.0,54.0,11.0,1.23,52.0
武汉,2025-01-05,72.0,good,53.0,60.0,27.0,7.0,0.68,62.0
武汉,2025-01-06,78.0,good,57.0,85.0,37.0,9.0,0.82,45.0
武汉,2025-01-07,58.0,good,36.0,65.0,30.0,10.0,0.54,49.0
武汉,2025-01-08,61.0,good,44.0,65.0,46.0,11.0,0.62,34.0
武汉,2025-01-09,47.0,excellent,31.0,47.0,23.0,10.0,0.53,48.0
武汉,2025-01-10,43.0,excellent,30.0,41.0,31.0,10.0,0.58,47.0
武汉,2025-01-11,78.0,good,57.0,72.0,40.0,11.0,0.61,53.0
武汉,2025-01-12,80.0,good,59.0,86.0,47.0,10.0,0.74,54.0
武汉,2025-01-13,104.0,lightly_polluted,78.0,108.0,70.0,12.0,1.1,39.0
武汉,2025-01-14,100.0,good,75.0,112.0,54.0,11.0,0.93,45.0
武汉,2025-01-15,60.0,good,28.0,69.0,21.0,9.0,0.51,56.0
武汉,2025-01-16,62.0,good,41.0,72.0,50.0,10.0,0.66,35.0
武汉,2025-01-17,88.0,good,65.0,95.0,59.0,11.0,0.88,42.0
武汉,2025-01-18,92.0,good,69.0,91.0,59.0,11.0,0.95,43.0
武汉,2025-01-19,134.0,lightly_polluted,102.0,126.0,72.0,11.0,1.09,41.0
武汉,2025-01-20,150.0,lightly_polluted,115.0,139.0,80.0,12.0,1.4,54.0
武汉,2025-01-21,139.0,lightly_polluted,106.0,128.0,68.0,14.0,1.34,68.0
武汉,2025-01-22,128.0,lightly_polluted,97.0,112.0,61.0,13.0,1.16,61.0
武汉,2025-01-23,229.0,heavily_polluted,179.0,194.0,36.0,12.0,1.33,59.0
武汉,2025-01-24,96.0,good,72.0,82.0,25.0,7.0,0.93,20.0
武汉,2025-01-25,28.0,excellent,13.0,14.0,11.0,6.0,0.55,55.0
武汉,2025-01-26,38.0,excellent,23.0,35.0,12.0,6.0,0.65,64.0
武汉,2025-01-27,54.0,good,19.0,57.0,11.0,8.0,0.61,70.0
武汉,2025-01-28,59.0,good,41.0,68.0,19.0,11.0,0.81,65.0
武汉,2025-01-29,200.0,moderately_polluted,150.0,177.0,21.0,16.0,0.97,64.0
武汉,2025-01-30,70.0,good,51.0,66.0,17.0,12.0,0.76,70.0
武汉,2025-01-31,126.0,lightly_polluted,96.0,97.0,13.0,8.0,0.97,40.0
武汉,2025-02-01,68.0,good,49.0,46.0,10.0,7.0,1.01,26.0
武汉,2025-02-02,56.0,good,40.0,35.0,14.0,7.0,1.13,17.0
武汉,2025-02-03,88.0,good,65.0,68.0,12.0,8.0,0.93,57.0
武汉,2025-02-04,88.0,good,65.0,72.0,26.0,8.0,0.9,55.0
武汉,2025-02-05,61.0,good,44.0,62.0,29.0,9.0,0.76,51.0
武汉,2025-02-06,39.0,excellent,27.0,38.0,28.0,10.0,0.77,49.0
武汉,2025-02-07,70.0,good,26.0,91.0,16.0,8.0,0.58,59.0
武汉,2025-02-08,39.0,excellent,16.0,39.0,13.0,9.0,0.54,65.0
武汉,2025-02-09,44.0,excellent,31.0,43.0,28.0,11.0,0.72,55.0
武汉,2025-02-10,60.0,good,43.0,54.0,32.0,13.0,0.89,55.0
武汉,2025-02-11,75.0,good,55.0,67.0,49.0,13.0,1.2,21.0
武汉,2025-02-12,92.0,good,69.0,96.0,25.0,10.0,0.88,52.0
武汉,2025-02-13,118.0,lightly_polluted,89.0,122.0,32.0,12.0,1.03,65.0
武汉,2025-02-14,82.0,good,61.0,80.0,39.0,8.0,0.88,45.0
武汉,2025-02-15,85.0,good,63.0,81.0,33.0,8.0,0.75,51.0
武汉,2025-02-16,81.0,good,60.0,88.0,52.0,8.0,0.8,41.0
武汉,2025-02-17,64.0,good,39.0,78.0,35.0,10.0,0.73,58.0
武汉,2025-02-18,71.0,good,52.0,78.0,32.0,11.0,0.92,69.0
武汉,2025-02-19,64.0,good,46.0,62.0,31.0,10.0,0.86,68.0
武汉,2025-02-20,90.0,good,67.0,82.0,30.0,9.0,0.82,57.0
武汉,2025-02-21,90.0,good,67.0,74.0,29.0,8.0,0.8,47.0
武汉,2025-02-22,84.0,good,62.0,63.0,22.0,7.0,0.65,44.0
武汉,2025-02-23,112.0,lightly_polluted,85.0,90.0,18.0,6.0,0.8,67.0
武汉,2025-02-24,120.0,lightly_polluted,91.0,99.0,22.0,8.0,0.91,79.0
武汉,2025-02-25,119.0,lightly_polluted,90.0,97.0,32.0,7.0,0.82,65.0
武汉,2025-02-26,99.0,good,74.0,81.0,39.0,8.0,0.83,64.0
武汉,2025-02-27,65.0,good,47.0,64.0,36.0,7.0,0.9,55.0
武汉,2025-02-28,75.0,good,55.0,92.0,49.0,9.0,1.18,23.0
武汉,2025-03-01,70.0,good,51.0,85.0,53.0,9.0,1.11,34.0
武汉,2025-03-02,40.0,excellent,21.0,40.0,25.0,8.0,0.71,45.0
武汉,2025-03-03,28.0,excellent,8.0,11.0,14.0,5.0,0.51,53.0
武汉,2025-03-04,41.0,excellent,29.0,29.0,15.0,5.0,0.55,57.0
武汉,2025-03-05,47.0,excellent,33.0,36.0,15.0,6.0,0.57,65.0
武汉,2025-03-06,71.0,good,52.0,57.0,15.0,6.0,0.58,82.0
武汉,2025-03-07,79.0,good,58.0,68.0,33.0,7.0,0.67,81.0
武汉,2025-03-08,91.0,good,68.0,86.0,49.0,7.0,0.8,63.0
武汉,2025-03-09,79.0,good,58.0,72.0,30.0,8.0,0.73,64.0
武汉,2025-03-10,66.0,good,48.0,58.0,26.0,6.0,0.61,57.0
武汉,2025-03-11,65.0,good,47.0,68.0,47.0,8.0,1.01,17.0
武汉,2025-03-12,71.0,good,52.0,67.0,29.0,6.0,0.82,41.0
武汉,2025-03-13,62.0,good,45.0,62.0,29.0,6.0,0.75,51.0
武汉,2025-03-14,49.0,excellent,34.0,43.0,21.0,6.0,0.66,35.0
武汉,2025-03-15,36.0,excellent,17.0,29.0,13.0,5.0,0.38,69.0
武汉,2025-03-16,46.0,excellent,28.0,46.0,21.0,6.0,0.4,69.0
武汉,2025-03-17,47.0,excellent,23.0,34.0,25.0,6.0,0.41,75.0
武汉,2025-03-18,52.0,good,27.0,47.0,27.0,8.0,0.4,83.0
武汉,2025-03-19,58.0,good,32.0,56.0,39.0,8.0,0.54,77.0
武汉,2025-03-20,65.0,good,36.0,59.0,52.0,8.0,0.57,71.0
武汉,2025-03-21,61.0,good,35.0,61.0,49.0,8.0,0.54,71.0
武汉,2025-03-22,74.0,good,41.0,70.0,59.0,9.0,0.72,64.0
武汉,2025-03-23,68.0,good,49.0,71.0,53.0,8.0,0.77,42.0
武汉,2025-03-24,60.0,good,43.0,60.0,30.0,7.0,0.63,76.0
武汉,2025-03-25,66.0,good,34.0,60.0,35.0,8.0,0.6,94.0
武汉,2025-03-26,78.0,good,51.0,80.0,33.0,9.0,0.87,103.0
武汉,2025-03-27,100.0,good,51.0,149.0,25.0,8.0,0.73,73.0
武汉,2025-03-28,72.0,good,24.0,94.0,11.0,6.0,0.4,75.0
武汉,2025-03-29,70.0,good,31.0,91.0,14.0,5.0,0.49,70.0
武汉,2025-03-30,72.0,good,40.0,94.0,21.0,7.0,0.58,72.0
武汉,2025-03-31,75.0,good,49.0,100.0,26.0,7.0,0.65,71.0
武汉,2025-04-01,70.0,good,48.0,91.0,37.0,7.0,0.65,74.0
武汉,2025-04-02,66.0,good,41.0,83.0,50.0,8.0,0.66,73.0
武汉,2025-04-03,90.0,good,38.0,71.0,32.0,9.0,0.71,112.0
武汉,2025-04-04,70.0,good,51.0,86.0,46.0,12.0,0.88,78.0
武汉,2025-04-05,73.0,good,52.0,96.0,41.0,8.0,0.69,79.0
武汉,2025-04-06,74.0,good,45.0,98.0,50.0,8.0,0.77,78.0
武汉,2025-04-07,72.0,good,45.0,95.0,54.0,9.0,0.84,70.0
武汉,2025-04-08,72.0,good,53.0,94.0,51.0,9.0,0.98,76.0
武汉,2025-04-09,74.0,good,53.0,96.0,51.0,8.0,0.97,83.0
武汉,2025-04-10,76.0,good,29.0,57.0,30.0,7.0,0.66,94.0
武汉,2025-04-11,60.0,good,36.0,70.0,34.0,8.0,0.99,67.0
武汉,2025-04-12,166.0,moderately_polluted,60.0,281.0,7.0,6.0,0.41,90.0
武汉,2025-04-13,114.0,lightly_polluted,48.0,177.0,17.0,7.0,0.5,84.0
武汉,2025-04-14,100.0,good,47.0,150.0,17.0,7.0,0.47,89.0
武汉,2025-04-15,67.0,good,26.0,64.0,41.0,8.0,0.59,80.0
武汉,2025-04-16,62.0,good,33.0,73.0,35.0,10.0,0.77,83.0
武汉,2025-04-17,71.0,good,46.0,87.0,34.0,9.0,0.78,91.0
武汉,2025-04-18,88.0,good,45.0,90.0,21.0,10.0,0.8,120.0
武汉,2025-04-19,68.0,good,35.0,85.0,21.0,8.0,0.7,90.0
武汉,2025-04-20,88.0,good,37.0,68.0,21.0,8.0,0.81,113.0
武汉,2025-04-21,48.0,excellent,23.0,39.0,15.0,7.0,0.75,66.0
武汉,2025-04-22,54.0,good,35.0,57.0,12.0,6.0,0.68,90.0
武汉,2025-04-23,65.0,good,33.0,70.0,22.0,7.0,0.55,93.0
武汉,2025-04-24,61.0,good,31.0,72.0,29.0,8.0,0.51,65.0
武汉,2025-04-25,64.0,good,39.0,79.0,26.0,7.0,0.63,89.0
武汉,2025-04-26,87.0,good,23.0,49.0,16.0,9.0,0.6,120.0
武汉,2025-04-27,56.0,good,29.0,51.0,21.0,7.0,0.64,80.0
武汉,2025-04-28,79.0,good,30.0,63.0,22.0,8.0,0.59,110.0
武汉,2025-04-29,83.0,good,24.0,53.0,34.0,9.0,0.55,104.0
武汉,2025-04-30,68.0,good,24.0,45.0,18.0,8.0,0.51,92.0
武汉,2025-05-01,59.0,good,26.0,56.0,14.0,7.0,0.46,96.0
武汉,2025-05-02,72.0,good,23.0,63.0,22.0,8.0,0.45,103.0
武汉,2025-05-03,73.0,good,24.0,66.0,19.0,8.0,0.55,103.0
武汉,2025-05-04,90.0,good,29.0,58.0,17.0,8.0,0.79,120.0
武汉,2025-05-05,78.0,good,23.0,40.0,12.0,7.0,0.62,111.0
武汉,2025-05-06,117.0,lightly_polluted,59.0,184.0,22.0,7.0,0.5,90.0
武汉,2025-05-07,138.0,lightly_polluted,79.0,226.0,32.0,9.0,0.68,97.0
武汉,2025-05-08,52.0,good,25.0,54.0,14.0,6.0,0.72,76.0
武汉,2025-05-09,53.0,good,22.0,46.0,13.0,6.0,0.53,90.0
武汉,2025-05-10,50.0,excellent,20.0,45.0,18.0,7.0,0.43,81.0
武汉,2025-05-11,50.0,excellent,28.0,45.0,16.0,7.0,0.46,85.0
武汉,2025-05-12,72.0,good,24.0,41.0,25.0,8.0,0.48,98.0
武汉,2025-05-13,75.0,good,35.0,54.0,29.0,9.0,0.67,105.0
武汉,2025-05-14,86.0,good,49.0,74.0,27.0,9.0,0.78,103.0
武汉,2025-05-15,54.0,good,32.0,48.0,17.0,6.0,0.8,86.0
武汉,2025-05-16,68.0,good,29.0,45.0,20.0,6.0,0.7,97.0
武汉,2025-05-17,63.0,good,29.0,60.0,25.0,6.0,0.67,86.0
武汉,2025-05-18,128.0,lightly_polluted,66.0,205.0,24.0,7.0,0.72,104.0
武汉,2025-05-19,76.0,good,50.0,101.0,22.0,6.0,0.77,98.0
武汉,2025-05-20,51.0,good,18.0,38.0,14.0,5.0,0.63,67.0
武汉,2025-05-21,42.0,excellent,13.0,32.0,14.0,6.0,0.64,68.0
武汉,2025-05-22,42.0,excellent,9.0,20.0,15.0,6.0,0.65,58.0
武汉,2025-05-23,62.0,good,36.0,48.0,10.0,6.0,0.65,103.0
武汉,2025-05-24,73.0,good,39.0,51.0,14.0,6.0,0.6,115.0
武汉,2025-05-25,97.0,good,35.0,51.0,22.0,7.0,0.77,130.0
武汉,2025-05-26,95.0,good,33.0,50.0,22.0,7.0,0.74,119.0
武汉,2025-05-27,99.0,good,43.0,65.0,26.0,7.0,0.89,123.0
武汉,2025-05-28,66.0,good,24.0,38.0,16.0,6.0,0.69,96.0
武汉,2025-05-29,78.0,good,21.0,33.0,18.0,7.0,0.7,108.0
武汉,2025-05-30,71.0,good,19.0,33.0,18.0,7.0,0.63,103.0
武汉,2025-05-31,38.0,excellent,6.0,12.0,12.0,6.0,0.65,55.0
武汉,2025-06-01,52.0,good,3.0,7.0,9.0,5.0,0.72,77.0
武汉,2025-06-02,54.0,good,13.0,20.0,10.0,6.0,0.55,99.0
武汉,2025-06-03,82.0,good,34.0,50.0,28.0,7.0,0.71,98.0
武汉,2025-06-04,116.0,lightly_polluted,41.0,65.0,38.0,8.0,0.98,123.0
武汉,2025-06-05,97.0,good,27.0,46.0,24.0,8.0,0.77,107.0
武汉,2025-06-06,59.0,good,23.0,43.0,20.0,6.0,0.64,80.0
武汉,2025-06-07,38.0,excellent,8.0,19.0,14.0,6.0,0.63,59.0
武汉,2025-06-08,34.0,excellent,5.0,14.0,12.0,6.0,0.56,63.0
武汉,2025-06-09,40.0,excellent,6.0,15.0,14.0,6.0,0.66,74.0
武汉,2025-06-10,36.0,excellent,14.0,33.0,29.0,6.0,0.77,38.0
武汉,2025-06-11,46.0,excellent,15.0,33.0,24.0,6.0,0.65,69.0
武汉,2025-06-12,62.0,good,23.0,40.0,14.0,6.0,0.73,97.0
武汉,2025-06-13,59.0,good,22.0,43.0,18.0,6.0,0.81,77.0
武汉,2025-06-14,44.0,excellent,12.0,26.0,18.0,6.0,0.56,64.0
武汉,2025-06-15,72.0,good,12.0,42.0,15.0,6.0,0.38,110.0
武汉,2025-06-16,66.0,good,16.0,42.0,14.0,6.0,0.49,100.0
武汉,2025-06-17,58.0,good,16.0,40.0,16.0,6.0,0.74,78.0
武汉,2025-06-18,42.0,excellent,8.0,23.0,10.0,6.0,0.52,59.0
武汉,2025-06-19,20.0,excellent,5.0,11.0,8.0,5.0,0.48,28.0
武汉,2025-06-20,18.0,excellent,5.0,12.0,10.0,5.0,0.44,34.0
武汉,2025-06-21,43.0,excellent,4.0,8.0,9.0,6.0,0.47,78.0
武汉,2025-06-22,43.0,excellent,9.0,16.0,12.0,6.0,0.5,73.0
武汉,2025-06-23,38.0,excellent,15.0,25.0,17.0,6.0,0.58,60.0
武汉,2025-06-24,48.0,excellent,14.0,26.0,16.0,7.0,0.59,76.0
武汉,2025-06-25,68.0,good,23.0,42.0,18.0,6.0,0.8,93.0
武汉,2025-06-26,48.0,excellent,13.0,29.0,17.0,6.0,0.57,61.0
武汉,2025-06-27,29.0,excellent,9.0,21.0,23.0,6.0,0.53,39.0
武汉,2025-06-28,31.0,excellent,8.0,20.0,14.0,6.0,0.48,45.0
武汉,2025-06-29,32.0,excellent,4.0,11.0,12.0,6.0,0.38,53.0
武汉,2025-06-30,36.0,excellent,9.0,21.0,15.0,7.0,0.5,58.0
武汉,2025-07-01,37.0,excellent,7.0,19.0,11.0,7.0,0.4,60.0
武汉,2025-07-02,36.0,excellent,5.0,17.0,12.0,7.0,0.4,57.0
武汉,2025-07-03,39.0,excellent,7.0,18.0,13.0,6.0,0.38,66.0
武汉,2025-07-04,50.0,excellent,9.0,25.0,16.0,6.0,0.45,88.0
武汉,2025-07-05,61.0,good,18.0,37.0,19.0,6.0,0.52,86.0
武汉,2025-07-06,72.0,good,20.0,42.0,19.0,6.0,0.7,95.0
武汉,2025-07-07,80.0,good,20.0,42.0,22.0,6.0,0.66,97.0
武汉,2025-07-08,83.0,good,24.0,47.0,21.0,6.0,0.6,97.0
武汉,2025-07-09,52.0,good,9.0,24.0,12.0,6.0,0.45,77.0
武汉,2025-07-10,45.0,excellent,11.0,25.0,11.0,5.0,0.48,78.0
武汉,2025-07-11,44.0,excellent,24.0,40.0,12.0,6.0,0.51,71.0
武汉,2025-07-12,34.0,excellent,11.0,23.0,11.0,5.0,0.45,56.0
武汉,2025-07-13,46.0,excellent,12.0,26.0,14.0,6.0,0.5,75.0
武汉,2025-07-14,53.0,good,17.0,36.0,18.0,5.0,0.49,81.0
武汉,2025-07-15,56.0,good,16.0,33.0,13.0,5.0,0.48,88.0
武汉,2025-07-16,54.0,good,13.0,29.0,11.0,5.0,0.43,92.0
武汉,2025-07-17,75.0,good,16.0,34.0,15.0,5.0,0.63,98.0
武汉,2025-07-18,77.0,good,15.0,31.0,12.0,5.0,0.75,110.0
武汉,2025-07-19,91.0,good,19.0,33.0,12.0,6.0,0.65,129.0
武汉,2025-07-20,58.0,good,14.0,30.0,11.0,6.0,0.72,76.0
武汉,2025-07-21,40.0,excellent,8.0,22.0,12.0,6.0,0.63,56.0
武汉,2025-07-22,28.0,excellent,4.0,11.0,8.0,5.0,0.45,49.0
武汉,2025-07-23,36.0,excellent,6.0,16.0,10.0,6.0,0.48,59.0
武汉,2025-07-24,53.0,good,10.0,27.0,15.0,6.0,0.53,76.0
武汉,2025-07-25,62.0,good,11.0,26.0,13.0,6.0,0.6,86.0
武汉,2025-07-26,52.0,good,12.0,28.0,12.0,6.0,0.5,68.0
武汉,2025-07-27,38.0,excellent,8.0,22.0,11.0,6.0,0.5,58.0
武汉,2025-07-28,36.0,excellent,9.0,24.0,11.0,6.0,0.5,54.0
武汉,2025-07-29,40.0,excellent,9.0,23.0,11.0,6.0,0.5,60.0
武汉,2025-07-30,46.0,excellent,11.0,24.0,11.0,6.0,0.51,69.0
武汉,2025-07-31,46.0,excellent,13.0,26.0,11.0,5.0,0.5,85.0
武汉,2025-08-01,61.0,good,16.0,32.0,12.0,5.0,0.47,96.0
武汉,2025-08-02,50.0,excellent,12.0,27.0,13.0,5.0,0.42,85.0
武汉,2025-08-03,67.0,good,20.0,39.0,18.0,5.0,0.57,93.0
武汉,2025-08-04,79.0,good,24.0,44.0,15.0,5.0,0.93,102.0
武汉,2025-08-05,70.0,good,19.0,38.0,13.0,5.0,0.64,92.0
武汉,2025-08-06,52.0,good,13.0,28.0,14.0,5.0,0.63,73.0
武汉,2025-08-07,38.0,excellent,7.0,17.0,11.0,5.0,0.53,58.0
武汉,2025-08-08,40.0,excellent,8.0,18.0,11.0,4.0,0.5,62.0
武汉,2025-08-09,44.0,excellent,12.0,25.0,13.0,5.0,0.43,70.0
武汉,2025-08-10,49.0,excellent,13.0,27.0,15.0,5.0,0.69,67.0
武汉,2025-08-11,35.0,excellent,6.0,10.0,13.0,4.0,0.52,57.0
武汉,2025-08-12,31.0,excellent,9.0,17.0,16.0,4.0,0.57,54.0
武汉,2025-08-13,36.0,excellent,9.0,20.0,15.0,5.0,0.55,54.0
武汉,2025-08-14,42.0,excellent,9.0,22.0,14.0,6.0,0.6,62.0
武汉,2025-08-15,40.0,excellent,8.0,22.0,15.0,5.0,0.56,62.0
武汉,2025-08-16,43.0,excellent,9.0,23.0,18.0,5.0,0.51,62.0
武汉,2025-08-17,50.0,excellent,13.0,29.0,20.0,5.0,0.5,82.0
武汉,2025-08-18,54.0,good,16.0,31.0,18.0,5.0,0.58,77.0
武汉,2025-08-19,50.0,excellent,11.0,22.0,12.0,5.0,0.49,76.0
武汉,2025-08-20,39.0,excellent,6.0,15.0,12.0,5.0,0.44,63.0
武汉,2025-08-21,39.0,excellent,7.0,16.0,12.0,4.0,0.45,62.0
武汉,2025-08-22,39.0,excellent,7.0,16.0,11.0,4.0,0.43,60.0
武汉,2025-08-23,37.0,excellent,9.0,22.0,13.0,6.0,0.57,57.0
武汉,2025-08-24,45.0,excellent,11.0,25.0,11.0,10.0,0.58,67.0
武汉,2025-08-25,48.0,excellent,11.0,25.0,17.0,5.0,0.52,66.0
武汉,2025-08-26,59.0,good,15.0,33.0,19.0,5.0,0.67,89.0
武汉,2025-08-27,73.0,good,17.0,34.0,15.0,5.0,0.6,102.0
武汉,2025-08-28,70.0,good,16.0,32.0,16.0,5.0,0.58,98.0
武汉,2025-08-29,56.0,good,18.0,34.0,21.0,4.0,0.58,62.0
武汉,2025-08-30,46.0,excellent,12.0,24.0,11.0,4.0,0.59,75.0
武汉,2025-08-31,41.0,excellent,12.0,21.0,13.0,4.0,0.54,60.0
武汉,2025-09-01,48.0,excellent,10.0,18.0,14.0,4.0,0.59,75.0
武汉,2025-09-02,71.0,good,18.0,35.0,17.0,4.0,0.7,94.0
武汉,2025-09-03,69.0,good,19.0,35.0,20.0,5.0,0.68,81.0
武汉,2025-09-04,55.0,good,18.0,37.0,16.0,5.0,0.68,77.0
武汉,2025-09-05,56.0,good,24.0,42.0,19.0,5.0,0.72,81.0
武汉,2025-09-06,43.0,excellent,15.0,29.0,12.0,5.0,0.64,71.0
武汉,2025-09-07,74.0,good,22.0,44.0,16.0,6.0,0.74,109.0
武汉,2025-09-08,80.0,good,24.0,45.0,18.0,5.0,0.7,79.0
武汉,2025-09-09,34.0,excellent,11.0,23.0,13.0,6.0,0.53,57.0
武汉,2025-09-10,29.0,excellent,16.0,29.0,19.0,6.0,0.77,34.0
武汉,2025-09-11,38.0,excellent,12.0,25.0,16.0,5.0,0.6,58.0
武汉,2025-09-12,28.0,excellent,9.0,21.0,19.0,6.0,0.59,36.0
武汉,2025-09-13,32.0,excellent,13.0,22.0,16.0,5.0,0.48,54.0
武汉,2025-09-14,28.0,excellent,13.0,26.0,22.0,5.0,0.53,30.0
武汉,2025-09-15,34.0,excellent,15.0,30.0,24.0,6.0,0.68,50.0
武汉,2025-09-16,48.0,excellent,21.0,38.0,23.0,5.0,0.6,76.0
武汉,2025-09-17,42.0,excellent,16.0,30.0,19.0,6.0,0.62,55.0
武汉,2025-09-18,32.0,excellent,8.0,16.0,12.0,6.0,0.58,53.0
武汉,2025-09-19,22.0,excellent,8.0,18.0,15.0,5.0,0.6,35.0
武汉,2025-09-20,32.0,excellent,6.0,11.0,11.0,6.0,0.53,59.0
武汉,2025-09-21,32.0,excellent,15.0,27.0,17.0,7.0,0.72,52.0
武汉,2025-09-22,37.0,excellent,23.0,37.0,17.0,6.0,0.73,52.0
武汉,2025-09-23,28.0,excellent,8.0,16.0,13.0,6.0,0.64,42.0
武汉,2025-09-24,30.0,excellent,4.0,8.0,13.0,5.0,0.59,55.0
武汉,2025-09-25,26.0,excellent,7.0,15.0,15.0,5.0,0.63,45.0
武汉,2025-09-26,28.0,excellent,14.0,26.0,20.0,5.0,0.82,43.0
武汉,2025-09-27,38.0,excellent,18.0,38.0,30.0,5.0,0.84,29.0
武汉,2025-09-28,46.0,excellent,24.0,46.0,31.0,5.0,0.81,46.0
武汉,2025-09-29,34.0,excellent,13.0,24.0,17.0,5.0,0.68,47.0
武汉,2025-09-30,29.0,excellent,20.0,28.0,22.0,5.0,0.61,39.0
武汉,2025-10-01,52.0,good,31.0,54.0,28.0,6.0,0.89,50.0
武汉,2025-10-02,44.0,excellent,23.0,44.0,17.0,6.0,0.72,52.0
武汉,2025-10-03,36.0,excellent,7.0,16.0,12.0,6.0,0.48,62.0
武汉,2025-10-04,38.0,excellent,24.0,38.0,18.0,6.0,0.93,60.0
武汉,2025-10-05,61.0,good,44.0,71.0,30.0,6.0,1.01,79.0
武汉,2025-10-06,59.0,good,40.0,68.0,26.0,5.0,0.86,69.0
武汉,2025-10-07,55.0,good,20.0,34.0,16.0,7.0,0.98,67.0
武汉,2025-10-08,54.0,good,36.0,58.0,22.0,8.0,1.05,72.0
武汉,2025-10-09,62.0,good,42.0,63.0,23.0,6.0,0.85,83.0
武汉,2025-10-10,54.0,good,24.0,43.0,23.0,9.0,1.18,53.0
武汉,2025-10-11,38.0,excellent,24.0,38.0,19.0,7.0,0.66,32.0
武汉,2025-10-12,48.0,excellent,27.0,48.0,20.0,7.0,0.68,33.0
武汉,2025-10-13,20.0,excellent,7.0,13.0,16.0,6.0,0.46,35.0
武汉,2025-10-14,31.0,excellent,18.0,27.0,21.0,6.0,0.66,48.0
武汉,2025-10-15,44.0,excellent,29.0,44.0,30.0,6.0,0.81,16.0
武汉,2025-10-16,23.0,excellent,16.0,23.0,17.0,6.0,0.7,34.0
武汉,2025-10-17,28.0,excellent,17.0,28.0,22.0,6.0,0.84,21.0
武汉,2025-10-18,26.0,excellent,4.0,6.0,15.0,5.0,0.52,43.0
武汉,2025-10-19,19.0,excellent,5.0,9.0,13.0,5.0,0.38,36.0
武汉,2025-10-20,22.0,excellent,13.0,19.0,14.0,6.0,0.41,41.0
武汉,2025-10-21,24.0,excellent,10.0,14.0,13.0,6.0,0.36,45.0
武汉,2025-10-22,32.0,excellent,14.0,22.0,16.0,6.0,0.34,59.0
武汉,2025-10-23,43.0,excellent,16.0,27.0,17.0,6.0,0.27,77.0
武汉,2025-10-24,49.0,excellent,19.0,33.0,22.0,7.0,0.43,82.0
武汉,2025-10-25,47.0,excellent,33.0,45.0,26.0,6.0,0.48,49.0
武汉,2025-10-26,60.0,good,43.0,51.0,23.0,5.0,0.48,54.0
武汉,2025-10-27,59.0,good,42.0,57.0,38.0,6.0,0.66,45.0
武汉,2025-10-28,75.0,good,52.0,70.0,34.0,7.0,0.76,98.0
武汉,2025-10-29,82.0,good,61.0,78.0,36.0,7.0,0.87,72.0
武汉,2025-10-30,55.0,good,39.0,47.0,25.0,5.0,0.59,54.0
武汉,2025-10-31,42.0,excellent,28.0,42.0,34.0,6.0,0.57,39.0
武汉,2025-11-01,74.0,good,54.0,75.0,41.0,6.0,0.72,29.0
武汉,2025-11-02,74.0,good,54.0,76.0,36.0,6.0,0.85,38.0
武汉,2025-11-03,61.0,good,44.0,65.0,32.0,7.0,0.73,69.0
武汉,2025-11-04,64.0,good,46.0,67.0,30.0,8.0,0.76,73.0
武汉,2025-11-05,69.0,good,50.0,65.0,26.0,8.0,0.71,72.0
武汉,2025-11-06,112.0,lightly_polluted,85.0,92.0,25.0,6.0,0.86,42.0
武汉,2025-11-07,35.0,excellent,23.0,33.0,28.0,5.0,0.8,15.0
武汉,2025-11-08,26.0,excellent,16.0,20.0,15.0,5.0,0.62,52.0
武汉,2025-11-09,41.0,excellent,29.0,38.0,19.0,5.0,0.63,62.0
武汉,2025-11-10,48.0,excellent,32.0,48.0,23.0,6.0,0.74,56.0
武汉,2025-11-11,58.0,good,36.0,66.0,25.0,7.0,0.69,72.0
武汉,2025-11-12,40.0,excellent,18.0,35.0,23.0,6.0,0.54,66.0
武汉,2025-11-13,44.0,excellent,22.0,42.0,28.0,6.0,0.55,68.0
武汉,2025-11-14,62.0,good,45.0,68.0,44.0,8.0,0.85,71.0
武汉,2025-11-15,90.0,good,67.0,98.0,60.0,7.0,1.16,55.0
武汉,2025-11-16,90.0,good,67.0,98.0,60.0,9.0,1.18,64.0
武汉,2025-11-17,52.0,good,32.0,53.0,19.0,5.0,0.46,46.0
武汉,2025-11-18,24.0,excellent,12.0,22.0,19.0,6.0,0.34,37.0
武汉,2025-11-19,42.0,excellent,18.0,28.0,34.0,6.0,0.36,32.0
武汉,2025-11-20,59.0,good,31.0,43.0,47.0,7.0,0.46,32.0
武汉,2025-11-21,80.0,good,46.0,60.0,64.0,7.0,0.65,30.0
武汉,2025-11-22,89.0,good,66.0,85.0,68.0,8.0,1.02,38.0
武汉,2025-11-23,102.0,lightly_polluted,77.0,95.0,64.0,7.0,0.97,37.0
武汉,2025-11-24,75.0,good,55.0,81.0,35.0,6.0,0.66,45.0
武汉,2025-11-25,88.0,good,34.0,126.0,30.0,6.0,0.51,44.0
武汉,2025-11-26,72.0,good,40.0,94.0,57.0,8.0,0.75,27.0
武汉,2025-11-27,103.0,lightly_polluted,39.0,156.0,37.0,6.0,0.43,41.0
武汉,2025-11-28,85.0,good,40.0,120.0,45.0,8.0,0.71,35.0
武汉,2025-11-29,70.0,good,42.0,90.0,54.0,9.0,0.87,32.0
武汉,2025-11-30,79.0,good,58.0,92.0,61.0,10.0,1.03,39.0
武汉,2025-12-01,95.0,good,71.0,117.0,39.0,9.0,0.9,59.0
武汉,2025-12-02,88.0,good,58.0,125.0,28.0,7.0,0.73,54.0
武汉,2025-12-03,59.0,good,33.0,68.0,25.0,7.0,0.52,50.0
武汉,2025-12-04,71.0,good,52.0,77.0,45.0,9.0,0.77,24.0
武汉,2025-12-05,75.0,good,55.0,80.0,49.0,8.0,0.8,29.0
武汉,2025-12-06,88.0,good,65.0,85.0,51.0,7.0,0.83,37.0
武汉,2025-12-07,112.0,lightly_polluted,85.0,109.0,58.0,9.0,1.12,41.0
武汉,2025-12-08,116.0,lightly_polluted,88.0,116.0,51.0,10.0,1.09,49.0
武汉,2025-12-09,134.0,lightly_polluted,102.0,130.0,53.0,9.0,1.09,58.0
武汉,2025-12-10,131.0,lightly_polluted,100.0,136.0,69.0,8.0,1.3,31.0
武汉,2025-12-11,153.0,moderately_polluted,117.0,148.0,51.0,8.0,1.25,56.0
武汉,2025-12-12,111.0,lightly_polluted,84.0,102.0,22.0,6.0,0.79,40.0
武汉,2025-12-13,32.0,excellent,22.0,32.0,20.0,5.0,0.5,38.0
武汉,2025-12-14,49.0,excellent,26.0,49.0,31.0,6.0,0.64,42.0
武汉,2025-12-15,60.0,good,39.0,69.0,47.0,8.0,0.95,25.0
武汉,2025-12-16,72.0,good,53.0,81.0,57.0,9.0,1.09,28.0
武汉,2025-12-17,150.0,lightly_polluted,115.0,133.0,27.0,7.0,0.94,63.0
武汉,2025-12-18,193.0,moderately_polluted,145.0,169.0,42.0,7.0,1.25,53.0
武汉,2025-12-19,129.0,lightly_polluted,98.0,128.0,45.0,8.0,1.25,52.0
武汉,2025-12-20,154.0,moderately_polluted,118.0,135.0,27.0,7.0,1.1,63.0
武汉,2025-12-21,49.0,excellent,34.0,39.0,16.0,6.0,0.76,47.0
武汉,2025-12-22,43.0,excellent,30.0,39.0,23.0,6.0,0.78,33.0
武汉,2025-12-23,51.0,good,36.0,36.0,24.0,5.0,0.88,16.0
武汉,2025-12-24,95.0,good,71.0,70.0,24.0,5.0,0.94,18.0
武汉,2025-12-25,62.0,good,45.0,58.0,21.0,6.0,0.76,51.0
武汉,2025-12-26,65.0,good,47.0,63.0,30.0,8.0,0.84,48.0
武汉,2025-12-27,75.0,good,55.0,70.0,46.0,8.0,0.95,36.0
武汉,2025-12-28,90.0,good,67.0,85.0,58.0,8.0,1.23,31.0
武汉,2025-12-29,94.0,good,70.0,85.0,54.0,8.0,1.15,37.0
武汉,2025-12-30,140.0,lightly_polluted,107.0,122.0,33.0,9.0,1.14,70.0
武汉,2025-12-31,81.0,good,60.0,72.0,17.0,6.0,0.8,57.0
沈阳,2025-01-01,46.0,excellent,25.0,46.0,31.0,13.0,0.68,38.0
沈阳,2025-01-02,47.0,excellent,29.0,47.0,36.0,13.0,0.73,32.0
沈阳,2025-01-03,58.0,good,41.0,66.0,43.0,15.0,0.88,26.0
沈阳,2025-01-04,75.0,good,55.0,90.0,50.0,19.0,1.48,21.0
沈阳,2025-01-05,125.0,lightly_polluted,95.0,133.0,48.0,15.0,1.43,19.0
沈阳,2025-01-06,121.0,lightly_polluted,92.0,117.0,48.0,15.0,1.12,23.0
沈阳,2025-01-07,42.0,excellent,23.0,39.0,34.0,12.0,0.7,33.0
沈阳,2025-01-08,38.0,excellent,18.0,38.0,18.0,9.0,0.57,47.0
沈阳,2025-01-09,45.0,excellent,27.0,45.0,32.0,11.0,0.7,32.0
沈阳,2025-01-10,79.0,good,58.0,85.0,50.0,14.0,1.17,19.0
沈阳,2025-01-11,106.0,lightly_polluted,80.0,114.0,55.0,14.0,1.48,21.0
沈阳,2025-01-12,125.0,lightly_polluted,95.0,131.0,64.0,18.0,1.62,17.0
沈阳,2025-01-13,100.0,good,75.0,113.0,59.0,20.0,1.73,18.0
沈阳,2025-01-14,56.0,good,24.0,62.0,28.0,12.0,0.66,38.0
沈阳,2025-01-15,49.0,excellent,19.0,49.0,26.0,13.0,0.69,37.0
沈阳,2025-01-16,54.0,good,31.0,58.0,39.0,15.0,0.96,31.0
沈阳,2025-01-17,70.0,good,43.0,89.0,44.0,18.0,1.29,32.0
沈阳,2025-01-18,69.0,good,49.0,88.0,35.0,14.0,1.03,49.0
沈阳,2025-01-19,59.0,good,42.0,65.0,38.0,13.0,0.86,41.0
沈阳,2025-01-20,75.0,good,55.0,82.0,56.0,15.0,1.29,27.0
沈阳,2025-01-21,75.0,good,55.0,81.0,44.0,13.0,1.2,31.0
沈阳,2025-01-22,86.0,good,64.0,93.0,43.0,13.0,1.11,29.0
沈阳,2025-01-23,122.0,lightly_polluted,93.0,125.0,53.0,14.0,1.56,25.0
沈阳,2025-01-24,99.0,good,74.0,99.0,43.0,15.0,1.16,38.0
沈阳,2025-01-25,96.0,good,72.0,94.0,42.0,14.0,1.08,38.0
沈阳,2025-01-26,129.0,lightly_polluted,98.0,125.0,58.0,17.0,1.83,19.0
沈阳,2025-01-27,139.0,lightly_polluted,106.0,180.0,26.0,11.0,1.24,54.0
沈阳,2025-01-28,70.0,good,21.0,91.0,14.0,9.0,0.6,60.0
沈阳,2025-01-29,96.0,good,72.0,101.0,22.0,18.0,0.72,56.0
沈阳,2025-01-30,96.0,good,72.0,84.0,38.0,15.0,1.12,40.0
沈阳,2025-01-31,101.0,lightly_polluted,76.0,89.0,43.0,17.0,1.43,40.0
沈阳,2025-02-01,101.0,lightly_polluted,76.0,87.0,49.0,16.0,1.33,39.0
沈阳,2025-02-02,156.0,moderately_polluted,119.0,133.0,49.0,14.0,1.43,50.0
沈阳,2025-02-03,51.0,good,36.0,47.0,25.0,12.0,0.68,54.0
沈阳,2025-02-04,39.0,excellent,27.0,38.0,31.0,11.0,0.75,46.0
沈阳,2025-02-05,54.0,good,38.0,48.0,37.0,12.0,0.9,42.0
沈阳,2025-02-06,71.0,good,52.0,65.0,40.0,18.0,1.3,45.0
沈阳,2025-02-07,48.0,excellent,16.0,48.0,21.0,9.0,0.51,56.0
沈阳,2025-02-08,50.0,excellent,19.0,51.0,31.0,11.0,0.63,46.0
沈阳,2025-02-09,65.0,good,47.0,67.0,51.0,15.0,1.05,31.0
沈阳,2025-02-10,71.0,good,52.0,72.0,50.0,18.0,1.42,37.0
沈阳,2025-02-11,65.0,good,47.0,65.0,28.0,14.0,0.98,72.0
沈阳,2025-02-12,40.0,excellent,26.0,40.0,21.0,12.0,0.54,58.0
沈阳,2025-02-13,84.0,good,62.0,97.0,46.0,18.0,1.23,30.0
沈阳,2025-02-14,102.0,lightly_polluted,77.0,124.0,67.0,27.0,2.1,27.0
沈阳,2025-02-15,104.0,lightly_polluted,78.0,110.0,35.0,15.0,1.15,72.0
沈阳,2025-02-16,49.0,excellent,27.0,49.0,20.0,10.0,0.59,64.0
沈阳,2025-02-17,35.0,excellent,11.0,31.0,15.0,9.0,0.5,61.0
沈阳,2025-02-18,34.0,excellent,12.0,27.0,19.0,9.0,0.53,55.0
沈阳,2025-02-19,42.0,excellent,23.0,40.0,34.0,9.0,0.72,39.0
沈阳,2025-02-20,42.0,excellent,24.0,40.0,34.0,10.0,0.71,40.0
沈阳,2025-02-21,45.0,excellent,26.0,41.0,36.0,11.0,0.73,40.0
沈阳,2025-02-22,44.0,excellent,27.0,44.0,33.0,11.0,0.7,45.0
沈阳,2025-02-23,41.0,excellent,23.0,38.0,33.0,12.0,0.66,46.0
沈阳,2025-02-24,58.0,good,37.0,65.0,38.0,17.0,1.19,46.0
沈阳,2025-02-25,81.0,good,30.0,112.0,23.0,11.0,0.75,65.0
沈阳,2025-02-26,74.0,good,28.0,97.0,33.0,14.0,0.84,57.0
沈阳,2025-02-27,91.0,good,68.0,120.0,28.0,13.0,1.01,93.0
沈阳,2025-02-28,138.0,lightly_polluted,105.0,133.0,29.0,14.0,1.2,114.0
沈阳,2025-03-01,86.0,good,64.0,83.0,30.0,12.0,1.05,68.0
沈阳,2025-03-02,34.0,excellent,17.0,34.0,20.0,9.0,0.55,61.0
沈阳,2025-03-03,41.0,excellent,26.0,41.0,26.0,10.0,0.6,66.0
沈阳,2025-03-04,58.0,good,41.0,63.0,44.0,17.0,1.03,48.0
沈阳,2025-03-05,91.0,good,68.0,92.0,50.0,18.0,1.05,47.0
沈阳,2025-03-06,81.0,good,60.0,84.0,45.0,14.0,0.8,54.0
沈阳,2025-03-07,74.0,good,54.0,85.0,46.0,18.0,1.09,56.0
沈阳,2025-03-08,82.0,good,61.0,89.0,34.0,15.0,0.89,82.0
沈阳,2025-03-09,114.0,lightly_polluted,86.0,115.0,38.0,14.0,1.12,81.0
沈阳,2025-03-10,91.0,good,68.0,97.0,20.0,10.0,0.83,115.0
沈阳,2025-03-11,66.0,good,48.0,65.0,20.0,11.0,0.84,103.0
沈阳,2025-03-12,76.0,good,28.0,101.0,19.0,10.0,0.59,74.0
沈阳,2025-03-13,58.0,good,23.0,67.0,29.0,9.0,0.54,67.0
沈阳,2025-03-14,58.0,good,40.0,66.0,36.0,10.0,0.73,55.0
沈阳,2025-03-15,50.0,excellent,32.0,50.0,21.0,8.0,0.55,72.0
沈阳,2025-03-16,52.0,good,35.0,53.0,28.0,10.0,0.57,64.0
沈阳,2025-03-17,81.0,good,60.0,85.0,41.0,12.0,0.83,54.0
沈阳,2025-03-18,61.0,good,44.0,61.0,29.0,10.0,0.63,65.0
沈阳,2025-03-19,69.0,good,50.0,75.0,38.0,17.0,0.97,66.0
沈阳,2025-03-20,75.0,good,55.0,82.0,36.0,16.0,0.94,81.0
沈阳,2025-03-21,66.0,good,48.0,80.0,41.0,16.0,1.0,59.0
沈阳,2025-03-22,78.0,good,57.0,96.0,49.0,19.0,1.16,64.0
沈阳,2025-03-23,169.0,moderately_polluted,128.0,175.0,50.0,21.0,1.44,99.0
沈阳,2025-03-24,66.0,good,33.0,81.0,23.0,10.0,0.63,84.0
沈阳,2025-03-25,100.0,good,75.0,124.0,35.0,13.0,0.93,69.0
沈阳,2025-03-26,161.0,moderately_polluted,123.0,150.0,45.0,15.0,1.31,54.0
沈阳,2025-03-27,49.0,excellent,21.0,49.0,17.0,9.0,0.49,74.0
沈阳,2025-03-28,40.0,excellent,10.0,28.0,11.0,8.0,0.4,74.0
沈阳,2025-03-29,40.0,excellent,12.0,30.0,14.0,8.0,0.43,71.0
沈阳,2025-03-30,44.0,excellent,18.0,30.0,16.0,10.0,0.47,78.0
沈阳,2025-03-31,59.0,good,42.0,68.0,25.0,15.0,0.83,86.0
沈阳,2025-04-01,85.0,good,63.0,103.0,28.0,10.0,0.87,90.0
沈阳,2025-04-02,60.0,good,42.0,54.0,26.0,8.0,0.71,96.0
沈阳,2025-04-03,71.0,good,52.0,68.0,39.0,12.0,0.99,73.0
沈阳,2025-04-04,68.0,good,39.0,60.0,22.0,11.0,0.78,104.0
沈阳,2025-04-05,49.0,excellent,26.0,36.0,18.0,11.0,0.64,80.0
沈阳,2025-04-06,59.0,good,42.0,53.0,30.0,11.0,0.79,60.0
沈阳,2025-04-07,68.0,good,44.0,87.0,26.0,10.0,0.88,81.0
沈阳,2025-04-08,64.0,good,41.0,78.0,25.0,9.0,0.6,95.0
沈阳,2025-04-09,88.0,good,65.0,94.0,45.0,16.0,1.13,72.0
沈阳,2025-04-10,76.0,good,56.0,83.0,29.0,17.0,1.08,101.0
沈阳,2025-04-11,85.0,good,30.0,62.0,20.0,14.0,0.68,119.0
沈阳,2025-04-12,52.0,good,14.0,33.0,20.0,8.0,0.62,82.0
沈阳,2025-04-13,35.0,excellent,10.0,16.0,14.0,7.0,0.47,67.0
沈阳,2025-04-14,38.0,excellent,17.0,21.0,19.0,7.0,0.66,62.0
沈阳,2025-04-15,52.0,good,37.0,50.0,35.0,9.0,0.86,59.0
沈阳,2025-04-16,58.0,good,41.0,65.0,35.0,13.0,1.13,85.0
沈阳,2025-04-17,74.0,good,48.0,78.0,43.0,14.0,0.98,80.0
沈阳,2025-04-18,47.0,excellent,26.0,37.0,24.0,8.0,0.53,74.0
沈阳,2025-04-19,39.0,excellent,27.0,39.0,31.0,9.0,0.86,62.0
沈阳,2025-04-20,50.0,excellent,26.0,44.0,28.0,14.0,0.98,75.0
沈阳,2025-04-21,54.0,good,33.0,57.0,33.0,17.0,0.92,82.0
沈阳,2025-04-22,48.0,excellent,14.0,23.0,19.0,7.0,0.51,79.0
沈阳,2025-04-23,52.0,good,24.0,54.0,28.0,13.0,0.83,72.0
沈阳,2025-04-24,66.0,good,27.0,81.0,14.0,7.0,0.5,69.0
沈阳,2025-04-25,51.0,good,25.0,52.0,19.0,9.0,0.52,72.0
沈阳,2025-04-26,58.0,good,36.0,67.0,35.0,14.0,0.75,78.0
沈阳,2025-04-27,62.0,good,20.0,49.0,13.0,9.0,0.5,88.0
沈阳,2025-04-28,54.0,good,31.0,57.0,17.0,8.0,0.55,81.0
沈阳,2025-04-29,68.0,good,38.0,83.0,26.0,18.0,0.88,108.0
沈阳,2025-04-30,70.0,good,38.0,77.0,24.0,12.0,0.86,103.0
沈阳,2025-05-01,46.0,excellent,12.0,24.0,16.0,8.0,0.58,79.0
沈阳,2025-05-02,36.0,excellent,20.0,36.0,25.0,12.0,0.85,55.0
沈阳,2025-05-03,42.0,excellent,14.0,41.0,17.0,8.0,0.51,66.0
沈阳,2025-05-04,48.0,excellent,18.0,48.0,23.0,9.0,0.49,63.0
沈阳,2025-05-05,45.0,excellent,24.0,45.0,32.0,13.0,0.89,52.0
沈阳,2025-05-06,45.0,excellent,22.0,35.0,28.0,9.0,0.65,68.0
沈阳,2025-05-07,55.0,good,35.0,56.0,26.0,13.0,0.86,86.0
沈阳,2025-05-08,61.0,good,21.0,53.0,13.0,11.0,0.56,103.0
沈阳,2025-05-09,56.0,good,30.0,62.0,21.0,11.0,0.59,79.0
沈阳,2025-05-10,52.0,good,23.0,48.0,18.0,6.0,0.5,88.0
沈阳,2025-05-11,62.0,good,43.0,73.0,35.0,13.0,0.91,89.0
沈阳,2025-05-12,98.0,good,40.0,70.0,19.0,11.0,0.75,139.0
沈阳,2025-05-13,103.0,lightly_polluted,32.0,77.0,14.0,9.0,0.63,155.0
沈阳,2025-05-14,74.0,good,36.0,59.0,18.0,7.0,0.63,94.0
沈阳,2025-05-15,50.0,excellent,33.0,51.0,17.0,7.0,0.6,88.0
沈阳,2025-05-16,66.0,good,19.0,47.0,18.0,11.0,0.65,97.0
沈阳,2025-05-17,50.0,excellent,18.0,32.0,13.0,6.0,0.48,77.0
沈阳,2025-05-18,42.0,excellent,17.0,32.0,17.0,9.0,0.5,72.0
沈阳,2025-05-19,70.0,good,25.0,45.0,17.0,10.0,0.68,103.0
沈阳,2025-05-20,63.0,good,32.0,54.0,24.0,9.0,0.85,86.0
沈阳,2025-05-21,52.0,good,33.0,53.0,25.0,6.0,0.59,77.0
沈阳,2025-05-22,66.0,good,48.0,74.0,29.0,7.0,0.72,73.0
沈阳,2025-05-23,51.0,good,19.0,36.0,21.0,7.0,0.55,77.0
沈阳,2025-05-24,57.0,good,32.0,64.0,27.0,14.0,0.82,73.0
沈阳,2025-05-25,49.0,excellent,23.0,43.0,33.0,7.0,0.65,70.0
沈阳,2025-05-26,71.0,good,32.0,63.0,38.0,18.0,0.92,92.0
沈阳,2025-05-27,109.0,lightly_polluted,31.0,54.0,24.0,13.0,0.87,133.0
沈阳,2025-05-28,115.0,lightly_polluted,32.0,54.0,27.0,13.0,0.85,134.0
沈阳,2025-05-29,114.0,lightly_polluted,32.0,52.0,24.0,16.0,0.81,146.0
沈阳,2025-05-30,129.0,lightly_polluted,35.0,63.0,27.0,14.0,0.92,157.0
沈阳,2025-05-31,124.0,lightly_polluted,35.0,63.0,28.0,18.0,0.93,144.0
沈阳,2025-06-01,53.0,good,16.0,39.0,29.0,7.0,0.58,69.0
沈阳,2025-06-02,72.0,good,28.0,62.0,35.0,15.0,0.93,82.0
沈阳,2025-06-03,40.0,excellent,15.0,35.0,19.0,10.0,0.67,64.0
沈阳,2025-06-04,46.0,excellent,7.0,19.0,18.0,7.0,0.44,75.0
沈阳,2025-06-05,78.0,good,16.0,51.0,26.0,12.0,0.71,114.0
沈阳,2025-06-06,83.0,good,20.0,40.0,27.0,8.0,0.71,98.0
沈阳,2025-06-07,52.0,good,8.0,18.0,20.0,6.0,0.43,79.0
沈阳,2025-06-08,72.0,good,16.0,39.0,33.0,18.0,0.8,100.0
沈阳,2025-06-09,89.0,good,21.0,42.0,29.0,15.0,0.81,85.0
沈阳,2025-06-10,31.0,excellent,10.0,20.0,24.0,6.0,0.53,43.0
沈阳,2025-06-11,46.0,excellent,15.0,29.0,32.0,8.0,0.62,70.0
沈阳,2025-06-12,68.0,good,13.0,35.0,30.0,11.0,0.86,91.0
沈阳,2025-06-13,78.0,good,10.0,29.0,17.0,11.0,0.59,115.0
沈阳,2025-06-14,64.0,good,21.0,37.0,18.0,9.0,0.74,96.0
沈阳,2025-06-15,57.0,good,7.0,15.0,17.0,5.0,0.7,48.0
沈阳,2025-06-16,53.0,good,8.0,19.0,15.0,7.0,0.75,97.0
沈阳,2025-06-17,75.0,good,18.0,34.0,22.0,10.0,0.9,105.0
沈阳,2025-06-18,72.0,good,18.0,36.0,23.0,12.0,0.9,104.0
沈阳,2025-06-19,62.0,good,20.0,39.0,24.0,9.0,0.88,81.0
沈阳,2025-06-20,38.0,excellent,13.0,24.0,17.0,4.0,0.59,60.0
沈阳,2025-06-21,44.0,excellent,8.0,18.0,27.0,8.0,0.54,63.0
沈阳,2025-06-22,60.0,good,15.0,31.0,27.0,11.0,0.92,86.0
沈阳,2025-06-23,88.0,good,22.0,43.0,37.0,16.0,0.99,109.0
沈阳,2025-06-24,109.0,lightly_polluted,25.0,47.0,37.0,13.0,1.03,123.0
沈阳,2025-06-25,107.0,lightly_polluted,28.0,54.0,46.0,9.0,0.92,112.0
沈阳,2025-06-26,97.0,good,22.0,43.0,25.0,8.0,0.98,111.0
沈阳,2025-06-27,46.0,excellent,26.0,41.0,28.0,6.0,1.11,66.0
沈阳,2025-06-28,33.0,excellent,16.0,25.0,18.0,5.0,0.98,50.0
沈阳,2025-06-29,59.0,good,20.0,30.0,12.0,6.0,0.87,88.0
沈阳,2025-06-30,35.0,excellent,7.0,16.0,14.0,4.0,0.8,45.0
沈阳,2025-07-01,36.0,excellent,12.0,19.0,12.0,4.0,0.8,58.0
沈阳,2025-07-02,44.0,excellent,17.0,24.0,11.0,4.0,0.9,73.0
沈阳,2025-07-03,34.0,excellent,8.0,16.0,15.0,4.0,0.82,49.0
沈阳,2025-07-04,29.0,excellent,12.0,22.0,17.0,3.0,0.98,40.0
沈阳,2025-07-05,41.0,excellent,13.0,23.0,12.0,4.0,0.82,66.0
沈阳,2025-07-06,48.0,excellent,8.0,17.0,16.0,4.0,0.56,74.0
沈阳,2025-07-07,62.0,good,12.0,28.0,26.0,5.0,0.78,83.0
沈阳,2025-07-08,64.0,good,20.0,37.0,23.0,5.0,0.98,80.0
沈阳,2025-07-09,73.0,good,27.0,44.0,24.0,5.0,0.9,87.0
沈阳,2025-07-10,72.0,good,29.0,51.0,26.0,6.0,1.08,90.0
沈阳,2025-07-11,77.0,good,21.0,42.0,18.0,8.0,0.83,98.0
沈阳,2025-07-12,82.0,good,19.0,41.0,17.0,8.0,0.75,106.0
沈阳,2025-07-13,58.0,good,10.0,20.0,14.0,4.0,0.48,83.0
沈阳,2025-07-14,41.0,excellent,8.0,22.0,20.0,4.0,0.5,62.0
沈阳,2025-07-15,48.0,excellent,9.0,24.0,26.0,5.0,0.56,62.0
沈阳,2025-07-16,34.0,excellent,15.0,29.0,22.0,6.0,0.9,54.0
沈阳,2025-07-17,46.0,excellent,16.0,27.0,21.0,4.0,0.84,62.0
沈阳,2025-07-18,43.0,excellent,18.0,29.0,25.0,5.0,0.76,53.0
沈阳,2025-07-19,51.0,good,18.0,32.0,18.0,7.0,0.98,76.0
沈阳,2025-07-20,47.0,excellent,10.0,19.0,15.0,6.0,0.6,67.0
沈阳,2025-07-21,51.0,good,14.0,21.0,11.0,4.0,0.78,91.0
沈阳,2025-07-22,64.0,good,15.0,26.0,14.0,7.0,0.86,87.0
沈阳,2025-07-23,32.0,excellent,6.0,15.0,13.0,6.0,0.59,40.0
沈阳,2025-07-24,18.0,excellent,8.0,18.0,12.0,5.0,0.5,25.0
沈阳,2025-07-25,32.0,excellent,16.0,30.0,12.0,8.0,0.59,51.0
沈阳,2025-07-26,44.0,excellent,18.0,32.0,11.0,6.0,0.64,64.0
沈阳,2025-07-27,48.0,excellent,19.0,33.0,14.0,6.0,0.65,64.0
沈阳,2025-07-28,38.0,excellent,22.0,33.0,19.0,3.0,0.84,55.0
沈阳,2025-07-29,37.0,excellent,11.0,21.0,13.0,6.0,0.72,55.0
沈阳,2025-07-30,46.0,excellent,5.0,12.0,14.0,3.0,0.53,70.0
沈阳,2025-07-31,57.0,good,15.0,34.0,26.0,4.0,0.87,70.0
沈阳,2025-08-01,52.0,good,19.0,37.0,23.0,5.0,0.86,71.0
沈阳,2025-08-02,45.0,excellent,15.0,30.0,14.0,5.0,0.66,60.0
沈阳,2025-08-03,36.0,excellent,14.0,24.0,14.0,5.0,0.6,49.0
沈阳,2025-08-04,40.0,excellent,7.0,18.0,13.0,3.0,0.53,63.0
沈阳,2025-08-05,33.0,excellent,13.0,28.0,24.0,5.0,1.0,37.0
沈阳,2025-08-06,28.0,excellent,11.0,20.0,16.0,3.0,0.65,39.0
沈阳,2025-08-07,42.0,excellent,12.0,26.0,23.0,4.0,0.67,49.0
沈阳,2025-08-08,37.0,excellent,12.0,26.0,22.0,4.0,0.73,45.0
沈阳,2025-08-09,38.0,excellent,15.0,27.0,17.0,3.0,0.8,56.0
沈阳,2025-08-10,42.0,excellent,18.0,32.0,22.0,5.0,0.78,54.0
沈阳,2025-08-11,65.0,good,14.0,32.0,23.0,6.0,1.0,78.0
沈阳,2025-08-12,69.0,good,15.0,34.0,16.0,7.0,0.84,90.0
沈阳,2025-08-13,60.0,good,14.0,31.0,15.0,7.0,0.73,90.0
沈阳,2025-08-14,64.0,good,17.0,34.0,15.0,6.0,0.82,91.0
沈阳,2025-08-15,68.0,good,17.0,36.0,13.0,5.0,0.87,90.0
沈阳,2025-08-16,38.0,excellent,9.0,22.0,9.0,5.0,0.64,61.0
沈阳,2025-08-17,44.0,excellent,12.0,21.0,10.0,4.0,0.6,68.0
沈阳,2025-08-18,46.0,excellent,17.0,31.0,15.0,5.0,0.89,62.0
沈阳,2025-08-19,57.0,good,19.0,33.0,13.0,6.0,1.0,86.0
沈阳,2025-08-20,57.0,good,9.0,21.0,14.0,6.0,0.78,81.0
沈阳,2025-08-21,40.0,excellent,10.0,26.0,16.0,5.0,0.83,53.0
沈阳,2025-08-22,47.0,excellent,10.0,18.0,10.0,4.0,0.72,75.0
沈阳,2025-08-23,58.0,good,24.0,43.0,20.0,6.0,1.46,74.0
沈阳,2025-08-24,39.0,excellent,9.0,18.0,11.0,4.0,0.68,55.0
沈阳,2025-08-25,22.0,excellent,7.0,14.0,18.0,4.0,0.73,25.0
沈阳,2025-08-26,34.0,excellent,10.0,21.0,20.0,4.0,0.62,44.0
沈阳,2025-08-27,31.0,excellent,14.0,31.0,24.0,5.0,0.85,31.0
沈阳,2025-08-28,32.0,excellent,6.0,15.0,14.0,4.0,0.6,49.0
沈阳,2025-08-29,35.0,excellent,13.0,27.0,20.0,5.0,0.76,50.0
沈阳,2025-08-30,47.0,excellent,26.0,47.0,25.0,8.0,1.24,44.0
沈阳,2025-08-31,30.0,excellent,12.0,27.0,21.0,5.0,0.92,33.0
沈阳,2025-09-01,50.0,excellent,25.0,50.0,25.0,6.0,1.26,51.0
沈阳,2025-09-02,52.0,good,31.0,55.0,29.0,6.0,1.14,62.0
沈阳,2025-09-03,49.0,excellent,24.0,49.0,27.0,9.0,1.36,62.0
沈阳,2025-09-04,52.0,good,22.0,45.0,26.0,7.0,1.09,65.0
沈阳,2025-09-05,46.0,excellent,24.0,46.0,23.0,8.0,1.03,59.0
沈阳,2025-09-06,58.0,good,13.0,25.0,14.0,5.0,0.69,81.0
沈阳,2025-09-07,45.0,excellent,14.0,35.0,23.0,9.0,0.88,61.0
沈阳,2025-09-08,38.0,excellent,14.0,38.0,27.0,9.0,0.85,47.0
沈阳,2025-09-09,52.0,good,16.0,43.0,28.0,14.0,1.03,77.0
沈阳,2025-09-10,74.0,good,20.0,39.0,18.0,7.0,0.7,103.0
沈阳,2025-09-11,79.0,good,26.0,54.0,23.0,8.0,1.09,94.0
沈阳,2025-09-12,79.0,good,19.0,45.0,21.0,10.0,0.76,102.0
沈阳,2025-09-13,60.0,good,25.0,52.0,24.0,9.0,0.99,76.0
沈阳,2025-09-14,68.0,good,18.0,41.0,12.0,7.0,0.72,89.0
沈阳,2025-09-15,36.0,excellent,11.0,30.0,22.0,6.0,0.8,41.0
沈阳,2025-09-16,33.0,excellent,12.0,32.0,17.0,8.0,0.61,49.0
沈阳,2025-09-17,26.0,excellent,6.0,23.0,21.0,6.0,0.45,34.0
沈阳,2025-09-18,40.0,excellent,16.0,40.0,28.0,6.0,0.79,28.0
沈阳,2025-09-19,42.0,excellent,17.0,40.0,34.0,7.0,0.88,21.0
沈阳,2025-09-20,39.0,excellent,17.0,34.0,31.0,6.0,0.61,44.0
沈阳,2025-09-21,50.0,excellent,23.0,50.0,38.0,9.0,0.81,39.0
沈阳,2025-09-22,52.0,good,24.0,55.0,37.0,12.0,1.15,40.0
沈阳,2025-09-23,37.0,excellent,17.0,37.0,28.0,10.0,0.84,38.0
沈阳,2025-09-24,36.0,excellent,16.0,30.0,13.0,5.0,0.67,65.0
沈阳,2025-09-25,49.0,excellent,29.0,49.0,29.0,8.0,1.03,56.0
沈阳,2025-09-26,59.0,good,25.0,61.0,47.0,13.0,1.2,41.0
沈阳,2025-09-27,60.0,good,35.0,69.0,47.0,14.0,1.49,41.0
沈阳,2025-09-28,44.0,excellent,24.0,44.0,31.0,8.0,0.92,50.0
沈阳,2025-09-29,54.0,good,29.0,57.0,33.0,11.0,1.21,61.0
沈阳,2025-09-30,67.0,good,23.0,45.0,20.0,11.0,0.97,94.0
沈阳,2025-10-01,78.0,good,27.0,48.0,18.0,9.0,1.04,102.0
沈阳,2025-10-02,71.0,good,31.0,56.0,23.0,9.0,1.06,83.0
沈阳,2025-10-03,54.0,good,30.0,58.0,24.0,8.0,0.96,61.0
沈阳,2025-10-04,55.0,good,31.0,60.0,31.0,10.0,1.12,61.0
沈阳,2025-10-05,33.0,excellent,9.0,33.0,14.0,5.0,0.39,49.0
沈阳,2025-10-06,35.0,excellent,15.0,35.0,20.0,5.0,0.53,33.0
沈阳,2025-10-07,44.0,excellent,25.0,44.0,24.0,8.0,0.98,34.0
沈阳,2025-10-08,32.0,excellent,9.0,32.0,19.0,6.0,0.4,35.0
沈阳,2025-10-09,39.0,excellent,17.0,39.0,27.0,6.0,0.48,30.0
沈阳,2025-10-10,52.0,good,28.0,53.0,40.0,7.0,0.63,24.0
沈阳,2025-10-11,75.0,good,53.0,94.0,60.0,10.0,0.91,11.0
沈阳,2025-10-12,56.0,good,33.0,63.0,38.0,7.0,0.67,20.0
沈阳,2025-10-13,66.0,good,45.0,81.0,52.0,14.0,0.95,26.0
沈阳,2025-10-14,88.0,good,65.0,109.0,47.0,14.0,1.44,37.0
沈阳,2025-10-15,75.0,good,55.0,86.0,40.0,8.0,0.85,15.0
沈阳,2025-10-16,50.0,excellent,33.0,51.0,22.0,6.0,0.51,37.0
沈阳,2025-10-17,74.0,good,54.0,71.0,35.0,8.0,0.69,14.0
沈阳,2025-10-18,28.0,excellent,17.0,25.0,17.0,6.0,0.42,42.0
沈阳,2025-10-19,29.0,excellent,16.0,29.0,22.0,7.0,0.42,33.0
沈阳,2025-10-20,32.0,excellent,13.0,28.0,26.0,7.0,0.43,33.0
沈阳,2025-10-21,46.0,excellent,22.0,43.0,37.0,8.0,0.63,26.0
沈阳,2025-10-22,57.0,good,40.0,64.0,41.0,9.0,0.88,27.0
沈阳,2025-10-23,54.0,good,34.0,57.0,39.0,8.0,0.63,32.0
沈阳,2025-10-24,70.0,good,44.0,72.0,56.0,10.0,0.83,27.0
沈阳,2025-10-25,108.0,lightly_polluted,81.0,127.0,53.0,15.0,1.4,37.0
沈阳,2025-10-26,51.0,good,33.0,52.0,29.0,8.0,0.61,31.0
沈阳,2025-10-27,41.0,excellent,17.0,41.0,32.0,9.0,0.55,25.0
沈阳,2025-10-28,66.0,good,48.0,82.0,53.0,15.0,0.97,29.0
沈阳,2025-10-29,74.0,good,54.0,91.0,27.0,12.0,0.88,70.0
沈阳,2025-10-30,44.0,excellent,26.0,44.0,28.0,9.0,0.62,43.0
沈阳,2025-10-31,54.0,good,27.0,51.0,43.0,11.0,0.91,27.0
沈阳,2025-11-01,70.0,good,41.0,89.0,36.0,18.0,0.99,32.0
沈阳,2025-11-02,43.0,excellent,12.0,43.0,12.0,7.0,0.43,42.0
沈阳,2025-11-03,49.0,excellent,23.0,49.0,29.0,13.0,0.83,33.0
沈阳,2025-11-04,58.0,good,36.0,66.0,35.0,14.0,0.86,47.0
沈阳,2025-11-05,91.0,good,68.0,106.0,36.0,13.0,1.07,54.0
沈阳,2025-11-06,72.0,good,53.0,74.0,36.0,10.0,0.73,31.0
沈阳,2025-11-07,82.0,good,61.0,86.0,29.0,9.0,0.64,40.0
沈阳,2025-11-08,142.0,lightly_polluted,109.0,128.0,41.0,13.0,1.14,25.0
沈阳,2025-11-09,46.0,excellent,30.0,46.0,22.0,8.0,0.63,30.0
沈阳,2025-11-10,42.0,excellent,18.0,39.0,34.0,13.0,0.61,25.0
沈阳,2025-11-11,54.0,good,33.0,59.0,42.0,11.0,0.76,22.0
沈阳,2025-11-12,100.0,good,75.0,120.0,35.0,17.0,1.07,59.0
沈阳,2025-11-13,45.0,excellent,22.0,45.0,35.0,13.0,0.55,32.0
沈阳,2025-11-14,94.0,good,70.0,98.0,51.0,14.0,1.23,23.0
沈阳,2025-11-15,95.0,good,71.0,105.0,37.0,20.0,1.11,62.0
沈阳,2025-11-16,58.0,good,26.0,65.0,14.0,9.0,0.49,53.0
沈阳,2025-11-17,45.0,excellent,11.0,45.0,18.0,8.0,0.45,34.0
沈阳,2025-11-18,53.0,good,28.0,56.0,31.0,10.0,0.61,27.0
沈阳,2025-11-19,76.0,good,56.0,89.0,42.0,19.0,1.08,28.0
沈阳,2025-11-20,46.0,excellent,22.0,46.0,28.0,11.0,0.58,39.0
沈阳,2025-11-21,60.0,good,41.0,71.0,48.0,19.0,0.96,25.0
沈阳,2025-11-22,86.0,good,64.0,104.0,49.0,23.0,1.38,34.0
沈阳,2025-11-23,130.0,lightly_polluted,99.0,136.0,44.0,20.0,1.24,48.0
沈阳,2025-11-24,278.0,heavily_polluted,228.0,280.0,48.0,12.0,1.4,35.0
沈阳,2025-11-25,54.0,good,37.0,58.0,32.0,11.0,0.6,34.0
沈阳,2025-11-26,65.0,good,47.0,74.0,38.0,15.0,1.04,28.0
沈阳,2025-11-27,43.0,excellent,25.0,43.0,23.0,9.0,0.58,32.0
沈阳,2025-11-28,47.0,excellent,29.0,47.0,32.0,12.0,0.95,28.0
沈阳,2025-11-29,60.0,good,25.0,71.0,18.0,10.0,0.68,55.0
沈阳,2025-11-30,47.0,excellent,21.0,47.0,28.0,9.0,0.65,24.0
沈阳,2025-12-01,52.0,good,28.0,53.0,24.0,11.0,0.72,34.0
沈阳,2025-12-02,30.0,excellent,11.0,28.0,12.0,9.0,0.45,53.0
沈阳,2025-12-03,33.0,excellent,12.0,33.0,17.0,10.0,0.53,41.0
沈阳,2025-12-04,53.0,good,26.0,56.0,37.0,14.0,0.98,24.0
沈阳,2025-12-05,58.0,good,34.0,66.0,34.0,13.0,1.01,26.0
沈阳,2025-12-06,85.0,good,63.0,102.0,42.0,13.0,1.0,35.0
沈阳,2025-12-07,119.0,lightly_polluted,90.0,132.0,46.0,14.0,1.43,26.0
沈阳,2025-12-08,41.0,excellent,21.0,41.0,27.0,12.0,0.64,38.0
沈阳,2025-12-09,59.0,good,40.0,68.0,45.0,16.0,0.99,20.0
沈阳,2025-12-10,122.0,lightly_polluted,93.0,138.0,51.0,17.0,1.58,14.0
沈阳,2025-12-11,46.0,excellent,22.0,46.0,21.0,9.0,0.52,37.0
沈阳,2025-12-12,70.0,good,51.0,75.0,47.0,14.0,1.25,12.0
沈阳,2025-12-13,86.0,good,64.0,84.0,53.0,16.0,1.23,10.0
沈阳,2025-12-14,125.0,lightly_polluted,95.0,114.0,54.0,15.0,1.49,14.0
沈阳,2025-12-15,65.0,good,47.0,68.0,49.0,16.0,1.5,21.0
沈阳,2025-12-16,81.0,good,60.0,88.0,37.0,14.0,1.11,25.0
沈阳,2025-12-17,86.0,good,64.0,91.0,49.0,16.0,1.18,16.0
沈阳,2025-12-18,66.0,good,48.0,70.0,35.0,13.0,1.26,40.0
沈阳,2025-12-19,65.0,good,47.0,69.0,29.0,12.0,0.81,53.0
沈阳,2025-12-20,35.0,excellent,14.0,35.0,16.0,10.0,0.46,44.0
沈阳,2025-12-21,36.0,excellent,17.0,36.0,23.0,10.0,0.57,30.0
沈阳,2025-12-22,52.0,good,29.0,54.0,30.0,11.0,0.96,27.0
沈阳,2025-12-23,42.0,excellent,21.0,42.0,22.0,8.0,0.69,37.0
沈阳,2025-12-24,61.0,good,42.0,72.0,48.0,11.0,1.08,19.0
沈阳,2025-12-25,40.0,excellent,27.0,40.0,25.0,10.0,0.65,33.0
沈阳,2025-12-26,51.0,good,33.0,52.0,38.0,13.0,0.9,19.0
沈阳,2025-12-27,96.0,good,72.0,93.0,56.0,15.0,1.78,10.0
沈阳,2025-12-28,104.0,lightly_polluted,78.0,95.0,37.0,11.0,1.28,34.0
沈阳,2025-12-29,35.0,excellent,19.0,30.0,28.0,11.0,0.6,42.0
沈阳,2025-12-30,36.0,excellent,16.0,33.0,29.0,9.0,0.6,33.0
沈阳,2025-12-31,27.0,excellent,14.0,27.0,20.0,9.0,0.55,32.0
汕头,2025-01-01,66.0,good,33.0,57.0,20.0,7.0,0.7,108.0
汕头,2025-01-02,68.0,good,35.0,63.0,20.0,9.0,0.75,103.0
汕头,2025-01-03,73.0,good,36.0,61.0,22.0,8.0,0.73,103.0
汕头,2025-01-04,64.0,good,21.0,49.0,18.0,7.0,0.6,96.0
汕头,2025-01-05,58.0,good,36.0,63.0,29.0,9.0,0.8,79.0
汕头,2025-01-06,61.0,good,42.0,59.0,25.0,8.0,0.82,95.0
汕头,2025-01-07,62.0,good,31.0,61.0,19.0,7.0,0.75,103.0
汕头,2025-01-08,68.0,good,30.0,62.0,17.0,6.0,0.75,105.0
汕头,2025-01-09,65.0,good,32.0,55.0,19.0,7.0,0.74,100.0
汕头,2025-01-10,62.0,good,37.0,57.0,20.0,8.0,0.76,85.0
汕头,2025-01-11,54.0,good,29.0,50.0,22.0,8.0,0.73,84.0
汕头,2025-01-12,47.0,excellent,21.0,42.0,20.0,8.0,0.63,79.0
汕头,2025-01-13,56.0,good,25.0,53.0,20.0,7.0,0.64,92.0
汕头,2025-01-14,64.0,good,32.0,54.0,23.0,8.0,0.71,97.0
汕头,2025-01-15,83.0,good,48.0,68.0,21.0,7.0,0.8,120.0
汕头,2025-01-16,88.0,good,65.0,88.0,21.0,6.0,0.87,113.0
汕头,2025-01-17,68.0,good,33.0,59.0,20.0,7.0,0.76,101.0
汕头,2025-01-18,52.0,good,28.0,48.0,23.0,7.0,0.75,83.0
汕头,2025-01-19,60.0,good,43.0,71.0,28.0,7.0,0.91,81.0
汕头,2025-01-20,60.0,good,34.0,49.0,23.0,7.0,0.87,93.0
汕头,2025-01-21,84.0,good,40.0,53.0,18.0,6.0,0.82,127.0
汕头,2025-01-22,74.0,good,43.0,51.0,17.0,6.0,0.91,104.0
汕头,2025-01-23,64.0,good,46.0,50.0,16.0,6.0,0.88,85.0
汕头,2025-01-24,56.0,good,19.0,29.0,11.0,5.0,0.68,91.0
汕头,2025-01-25,52.0,good,15.0,28.0,8.0,5.0,0.61,90.0
汕头,2025-01-26,44.0,excellent,17.0,33.0,10.0,5.0,0.74,69.0
汕头,2025-01-27,42.0,excellent,13.0,24.0,6.0,5.0,0.74,83.0
汕头,2025-01-28,46.0,excellent,23.0,43.0,7.0,6.0,0.65,79.0
汕头,2025-01-29,56.0,good,38.0,63.0,7.0,7.0,0.62,85.0
汕头,2025-01-30,51.0,good,27.0,46.0,6.0,6.0,0.59,91.0
汕头,2025-01-31,47.0,excellent,32.0,47.0,9.0,6.0,0.59,78.0
汕头,2025-02-01,61.0,good,44.0,50.0,11.0,6.0,0.65,64.0
汕头,2025-02-02,42.0,excellent,13.0,21.0,5.0,5.0,0.48,76.0
汕头,2025-02-03,30.0,excellent,8.0,14.0,5.0,4.0,0.59,40.0
汕头,2025-02-04,30.0,excellent,19.0,26.0,4.0,4.0,0.56,59.0
汕头,2025-02-05,50.0,excellent,35.0,47.0,7.0,5.0,0.55,86.0
汕头,2025-02-06,48.0,excellent,26.0,39.0,9.0,6.0,0.48,84.0
汕头,2025-02-07,30.0,excellent,16.0,23.0,8.0,5.0,0.55,45.0
汕头,2025-02-08,41.0,excellent,20.0,41.0,6.0,5.0,0.44,68.0
汕头,2025-02-09,46.0,excellent,18.0,43.0,7.0,5.0,0.44,82.0
汕头,2025-02-10,52.0,good,18.0,36.0,9.0,6.0,0.48,91.0
汕头,2025-02-11,52.0,good,30.0,45.0,13.0,5.0,0.57,84.0
汕头,2025-02-12,65.0,good,47.0,43.0,19.0,5.0,0.81,49.0
汕头,2025-02-13,54.0,good,38.0,41.0,12.0,5.0,0.71,61.0
汕头,2025-02-14,40.0,excellent,23.0,32.0,11.0,5.0,0.58,74.0
汕头,2025-02-15,48.0,excellent,31.0,37.0,14.0,5.0,0.61,83.0
汕头,2025-02-16,75.0,good,55.0,54.0,14.0,5.0,0.68,82.0
汕头,2025-02-17,66.0,good,30.0,50.0,13.0,6.0,0.71,114.0
汕头,2025-02-18,72.0,good,31.0,62.0,13.0,5.0,0.57,107.0
汕头,2025-02-19,51.0,good,14.0,31.0,13.0,5.0,0.44,92.0
汕头,2025-02-20,52.0,good,17.0,30.0,14.0,5.0,0.44,87.0
汕头,2025-02-21,48.0,excellent,12.0,23.0,13.0,5.0,0.44,82.0
汕头,2025-02-22,46.0,excellent,14.0,23.0,13.0,5.0,0.43,83.0
汕头,2025-02-23,32.0,excellent,21.0,25.0,16.0,5.0,0.56,46.0
汕头,2025-02-24,36.0,excellent,18.0,27.0,11.0,5.0,0.56,62.0
汕头,2025-02-25,52.0,good,34.0,45.0,16.0,6.0,0.64,91.0
汕头,2025-02-26,52.0,good,37.0,47.0,17.0,6.0,0.7,83.0
汕头,2025-02-27,62.0,good,45.0,51.0,20.0,6.0,0.75,81.0
汕头,2025-02-28,92.0,good,69.0,66.0,23.0,7.0,0.83,87.0
汕头,2025-03-01,82.0,good,61.0,63.0,29.0,7.0,0.85,56.0
汕头,2025-03-02,34.0,excellent,22.0,34.0,19.0,5.0,0.66,47.0
汕头,2025-03-03,31.0,excellent,18.0,25.0,15.0,4.0,0.6,41.0
汕头,2025-03-04,24.0,excellent,17.0,21.0,19.0,5.0,0.67,25.0
汕头,2025-03-05,26.0,excellent,5.0,12.0,12.0,4.0,0.74,50.0
汕头,2025-03-06,24.0,excellent,9.0,17.0,15.0,5.0,0.7,32.0
汕头,2025-03-07,30.0,excellent,14.0,23.0,17.0,5.0,0.62,44.0
汕头,2025-03-08,38.0,excellent,17.0,28.0,13.0,6.0,0.58,69.0
汕头,2025-03-09,61.0,good,19.0,37.0,12.0,5.0,0.48,101.0
汕头,2025-03-10,61.0,good,22.0,39.0,15.0,5.0,0.55,89.0
汕头,2025-03-11,61.0,good,37.0,49.0,19.0,6.0,0.67,90.0
汕头,2025-03-12,72.0,good,53.0,57.0,31.0,6.0,0.92,48.0
汕头,2025-03-13,56.0,good,40.0,56.0,27.0,6.0,0.9,51.0
汕头,2025-03-14,42.0,excellent,12.0,19.0,11.0,5.0,0.64,79.0
汕头,2025-03-15,48.0,excellent,21.0,29.0,15.0,5.0,0.79,69.0
汕头,2025-03-16,35.0,excellent,5.0,15.0,10.0,5.0,0.64,64.0
汕头,2025-03-17,42.0,excellent,26.0,42.0,15.0,6.0,0.58,70.0
汕头,2025-03-18,52.0,good,32.0,48.0,17.0,6.0,0.62,90.0
汕头,2025-03-19,76.0,good,24.0,46.0,17.0,7.0,0.58,109.0
汕头,2025-03-20,85.0,good,28.0,51.0,16.0,7.0,0.61,123.0
汕头,2025-03-21,88.0,good,33.0,57.0,22.0,8.0,0.67,113.0
汕头,2025-03-22,81.0,good,33.0,56.0,27.0,9.0,0.68,105.0
汕头,2025-03-23,81.0,good,41.0,66.0,28.0,10.0,0.8,107.0
汕头,2025-03-24,97.0,good,46.0,68.0,22.0,7.0,0.78,113.0
汕头,2025-03-25,78.0,good,36.0,58.0,18.0,7.0,0.71,103.0
汕头,2025-03-26,58.0,good,23.0,40.0,11.0,6.0,0.58,87.0
汕头,2025-03-27,38.0,excellent,17.0,30.0,9.0,5.0,0.54,63.0
汕头,2025-03-28,49.0,excellent,26.0,49.0,13.0,5.0,0.58,54.0
汕头,2025-03-29,40.0,excellent,16.0,33.0,16.0,5.0,0.61,69.0
汕头,2025-03-30,28.0,excellent,6.0,9.0,15.0,5.0,0.63,45.0
汕头,2025-03-31,23.0,excellent,7.0,10.0,18.0,5.0,0.7,30.0
汕头,2025-04-01,21.0,excellent,11.0,20.0,17.0,5.0,0.7,36.0
汕头,2025-04-02,43.0,excellent,21.0,35.0,15.0,6.0,0.62,82.0
汕头,2025-04-03,66.0,good,26.0,53.0,23.0,8.0,0.66,92.0
汕头,2025-04-04,71.0,good,30.0,54.0,17.0,6.0,0.67,103.0
汕头,2025-04-05,48.0,excellent,26.0,29.0,19.0,5.0,0.78,74.0
汕头,2025-04-06,51.0,good,32.0,52.0,18.0,7.0,0.82,78.0
汕头,2025-04-07,79.0,good,34.0,63.0,18.0,7.0,0.78,109.0
汕头,2025-04-08,82.0,good,40.0,74.0,19.0,8.0,0.82,117.0
汕头,2025-04-09,63.0,good,34.0,55.0,17.0,6.0,0.79,81.0
汕头,2025-04-10,43.0,excellent,23.0,36.0,12.0,5.0,0.71,67.0
汕头,2025-04-11,46.0,excellent,32.0,37.0,14.0,4.0,0.73,56.0
汕头,2025-04-12,42.0,excellent,22.0,42.0,11.0,4.0,0.67,40.0
汕头,2025-04-13,128.0,lightly_polluted,46.0,206.0,13.0,5.0,0.51,90.0
汕头,2025-04-14,106.0,lightly_polluted,46.0,162.0,20.0,6.0,0.65,86.0
汕头,2025-04-15,108.0,lightly_polluted,51.0,165.0,25.0,8.0,0.83,96.0
汕头,2025-04-16,84.0,good,37.0,117.0,17.0,6.0,0.79,101.0
汕头,2025-04-17,65.0,good,28.0,80.0,13.0,5.0,0.7,75.0
汕头,2025-04-18,59.0,good,25.0,68.0,10.0,4.0,0.65,63.0
汕头,2025-04-19,34.0,excellent,20.0,34.0,8.0,4.0,0.6,33.0
汕头,2025-04-20,31.0,excellent,22.0,30.0,10.0,4.0,0.6,38.0
汕头,2025-04-21,29.0,excellent,19.0,29.0,9.0,4.0,0.6,37.0
汕头,2025-04-22,29.0,excellent,18.0,29.0,7.0,4.0,0.54,42.0
汕头,2025-04-23,38.0,excellent,20.0,32.0,8.0,4.0,0.6,61.0
汕头,2025-04-24,42.0,excellent,17.0,29.0,9.0,4.0,0.63,66.0
汕头,2025-04-25,57.0,good,8.0,16.0,10.0,4.0,0.68,100.0
汕头,2025-04-26,65.0,good,10.0,19.0,10.0,4.0,0.7,109.0
汕头,2025-04-27,63.0,good,20.0,30.0,12.0,4.0,0.68,99.0
汕头,2025-04-28,60.0,good,30.0,39.0,14.0,5.0,0.88,91.0
汕头,2025-04-29,93.0,good,18.0,38.0,12.0,5.0,0.71,140.0
汕头,2025-04-30,107.0,lightly_polluted,26.0,48.0,13.0,6.0,0.66,142.0
汕头,2025-05-01,72.0,good,30.0,49.0,14.0,6.0,0.75,97.0
汕头,2025-05-02,68.0,good,41.0,60.0,15.0,6.0,0.84,105.0
汕头,2025-05-03,88.0,good,31.0,49.0,10.0,5.0,0.73,116.0
汕头,2025-05-04,50.0,excellent,21.0,36.0,7.0,4.0,0.59,84.0
汕头,2025-05-05,55.0,good,18.0,37.0,7.0,4.0,0.59,92.0
汕头,2025-05-06,40.0,excellent,16.0,29.0,11.0,5.0,0.67,57.0
汕头,2025-05-07,47.0,excellent,16.0,34.0,8.0,4.0,0.64,90.0
汕头,2025-05-08,52.0,good,21.0,53.0,11.0,4.0,0.6,89.0
汕头,2025-05-09,45.0,excellent,24.0,45.0,12.0,4.0,0.7,52.0
汕头,2025-05-10,43.0,excellent,16.0,29.0,12.0,6.0,0.7,71.0
汕头,2025-05-11,54.0,good,11.0,27.0,10.0,5.0,0.56,90.0
汕头,2025-05-12,74.0,good,21.0,39.0,10.0,6.0,0.59,113.0
汕头,2025-05-13,96.0,good,21.0,36.0,9.0,5.0,0.59,139.0
汕头,2025-05-14,77.0,good,23.0,35.0,10.0,5.0,0.59,107.0
汕头,2025-05-15,45.0,excellent,16.0,24.0,9.0,5.0,0.55,70.0
汕头,2025-05-16,36.0,excellent,10.0,18.0,5.0,4.0,0.49,58.0
汕头,2025-05-17,27.0,excellent,8.0,18.0,6.0,4.0,0.44,46.0
汕头,2025-05-18,30.0,excellent,9.0,19.0,6.0,4.0,0.44,46.0
汕头,2025-05-19,28.0,excellent,13.0,21.0,6.0,4.0,0.46,44.0
汕头,2025-05-20,23.0,excellent,10.0,18.0,6.0,4.0,0.46,40.0
汕头,2025-05-21,26.0,excellent,9.0,17.0,6.0,4.0,0.46,42.0
汕头,2025-05-22,30.0,excellent,10.0,21.0,8.0,4.0,0.5,48.0
汕头,2025-05-23,29.0,excellent,9.0,19.0,6.0,4.0,0.48,47.0
汕头,2025-05-24,42.0,excellent,7.0,22.0,9.0,5.0,0.58,74.0
汕头,2025-05-25,48.0,excellent,12.0,22.0,11.0,4.0,0.63,78.0
汕头,2025-05-26,60.0,good,20.0,35.0,13.0,5.0,0.59,101.0
汕头,2025-05-27,74.0,good,17.0,29.0,10.0,4.0,0.52,110.0
汕头,2025-05-28,49.0,excellent,17.0,25.0,12.0,4.0,0.53,82.0
汕头,2025-05-29,38.0,excellent,8.0,9.0,11.0,3.0,0.55,72.0
汕头,2025-05-30,58.0,good,7.0,21.0,7.0,4.0,0.47,98.0
汕头,2025-05-31,62.0,good,20.0,33.0,7.0,4.0,0.5,106.0
汕头,2025-06-01,46.0,excellent,28.0,35.0,8.0,4.0,0.62,82.0
汕头,2025-06-02,36.0,excellent,14.0,24.0,7.0,3.0,0.54,51.0
汕头,2025-06-03,31.0,excellent,9.0,21.0,6.0,3.0,0.62,57.0
汕头,2025-06-04,53.0,good,6.0,18.0,6.0,4.0,0.6,96.0
汕头,2025-06-05,72.0,good,13.0,31.0,8.0,4.0,0.56,109.0
汕头,2025-06-06,69.0,good,14.0,24.0,7.0,4.0,0.56,100.0
汕头,2025-06-07,62.0,good,23.0,31.0,7.0,7.0,0.64,87.0
汕头,2025-06-08,43.0,excellent,12.0,18.0,6.0,4.0,0.55,64.0
汕头,2025-06-09,34.0,excellent,11.0,21.0,8.0,4.0,0.49,47.0
汕头,2025-06-10,30.0,excellent,9.0,18.0,10.0,5.0,0.52,40.0
汕头,2025-06-11,34.0,excellent,7.0,18.0,5.0,4.0,0.44,56.0
汕头,2025-06-12,46.0,excellent,10.0,22.0,4.0,4.0,0.45,80.0
汕头,2025-06-13,36.0,excellent,5.0,14.0,4.0,4.0,0.45,46.0
汕头,2025-06-14,31.0,excellent,10.0,31.0,2.0,3.0,0.41,46.0
汕头,2025-06-15,31.0,excellent,10.0,31.0,3.0,3.0,0.42,45.0
汕头,2025-06-16,24.0,excellent,7.0,16.0,6.0,3.0,0.49,40.0
汕头,2025-06-17,18.0,excellent,7.0,15.0,14.0,4.0,0.65,24.0
汕头,2025-06-18,23.0,excellent,11.0,23.0,13.0,4.0,0.64,27.0
汕头,2025-06-19,18.0,excellent,5.0,12.0,6.0,4.0,0.48,28.0
汕头,2025-06-20,19.0,excellent,3.0,13.0,5.0,3.0,0.48,31.0
汕头,2025-06-21,20.0,excellent,4.0,11.0,4.0,4.0,0.47,33.0
汕头,2025-06-22,22.0,excellent,6.0,14.0,4.0,4.0,0.46,37.0
汕头,2025-06-23,26.0,excellent,8.0,17.0,4.0,4.0,0.44,45.0
汕头,2025-06-24,32.0,excellent,7.0,15.0,5.0,4.0,0.45,52.0
汕头,2025-06-25,29.0,excellent,7.0,13.0,6.0,4.0,0.45,46.0
汕头,2025-06-26,25.0,excellent,6.0,12.0,6.0,4.0,0.47,36.0
汕头,2025-06-27,22.0,excellent,5.0,12.0,5.0,4.0,0.48,36.0
汕头,2025-06-28,24.0,excellent,4.0,13.0,5.0,4.0,0.46,39.0
汕头,2025-06-29,26.0,excellent,3.0,10.0,5.0,4.0,0.46,44.0
汕头,2025-06-30,28.0,excellent,4.0,12.0,5.0,4.0,0.48,43.0
汕头,2025-07-01,24.0,excellent,5.0,14.0,5.0,4.0,0.49,40.0
汕头,2025-07-02,34.0,excellent,8.0,20.0,6.0,4.0,0.53,52.0
汕头,2025-07-03,40.0,excellent,10.0,22.0,5.0,4.0,0.5,60.0
汕头,2025-07-04,39.0,excellent,11.0,25.0,5.0,4.0,0.53,63.0
汕头,2025-07-05,28.0,excellent,4.0,11.0,4.0,4.0,0.5,45.0
汕头,2025-07-06,31.0,excellent,6.0,19.0,6.0,4.0,0.52,58.0
汕头,2025-07-07,60.0,good,24.0,36.0,9.0,4.0,0.69,95.0
汕头,2025-07-08,62.0,good,20.0,32.0,7.0,4.0,0.64,89.0
汕头,2025-07-09,41.0,excellent,12.0,26.0,8.0,4.0,0.63,68.0
汕头,2025-07-10,45.0,excellent,8.0,12.0,8.0,4.0,0.61,82.0
汕头,2025-07-11,35.0,excellent,6.0,11.0,9.0,3.0,0.65,53.0
汕头,2025-07-12,34.0,excellent,14.0,34.0,7.0,3.0,0.62,45.0
汕头,2025-07-13,35.0,excellent,15.0,35.0,8.0,4.0,0.62,45.0
汕头,2025-07-14,33.0,excellent,14.0,32.0,7.0,4.0,0.64,51.0
汕头,2025-07-15,39.0,excellent,16.0,29.0,9.0,4.0,0.68,61.0
汕头,2025-07-16,35.0,excellent,16.0,31.0,7.0,4.0,0.65,57.0
汕头,2025-07-17,46.0,excellent,21.0,35.0,9.0,4.0,0.69,72.0
汕头,2025-07-18,60.0,good,12.0,22.0,9.0,4.0,0.68,89.0
汕头,2025-07-19,38.0,excellent,8.0,23.0,9.0,5.0,0.63,55.0
汕头,2025-07-20,35.0,excellent,9.0,22.0,4.0,3.0,0.57,63.0
汕头,2025-07-21,31.0,excellent,8.0,22.0,6.0,4.0,0.59,55.0
汕头,2025-07-22,24.0,excellent,6.0,14.0,9.0,4.0,0.62,37.0
汕头,2025-07-23,26.0,excellent,10.0,25.0,13.0,5.0,0.67,38.0
汕头,2025-07-24,32.0,excellent,13.0,32.0,13.0,5.0,0.65,43.0
汕头,2025-07-25,37.0,excellent,12.0,28.0,12.0,6.0,0.64,52.0
汕头,2025-07-26,46.0,excellent,18.0,30.0,10.0,5.0,0.65,73.0
汕头,2025-07-27,67.0,good,25.0,34.0,8.0,4.0,0.64,98.0
汕头,2025-07-28,42.0,excellent,15.0,23.0,8.0,4.0,0.62,71.0
汕头,2025-07-29,40.0,excellent,12.0,19.0,12.0,4.0,0.74,55.0
汕头,2025-07-30,42.0,excellent,20.0,32.0,10.0,4.0,0.75,75.0
汕头,2025-07-31,44.0,excellent,12.0,22.0,8.0,4.0,0.67,70.0
汕头,2025-08-01,39.0,excellent,10.0,22.0,7.0,3.0,0.6,63.0
汕头,2025-08-02,28.0,excellent,8.0,19.0,7.0,4.0,0.61,43.0
汕头,2025-08-03,26.0,excellent,8.0,15.0,7.0,3.0,0.59,44.0
汕头,2025-08-04,28.0,excellent,5.0,9.0,8.0,4.0,0.58,55.0
汕头,2025-08-05,28.0,excellent,5.0,9.0,9.0,3.0,0.6,47.0
汕头,2025-08-06,29.0,excellent,12.0,29.0,10.0,4.0,0.63,38.0
汕头,2025-08-07,35.0,excellent,16.0,35.0,14.0,5.0,0.75,37.0
汕头,2025-08-08,40.0,excellent,19.0,35.0,11.0,5.0,0.66,59.0
汕头,2025-08-09,31.0,excellent,12.0,20.0,7.0,4.0,0.54,48.0
汕头,2025-08-10,22.0,excellent,4.0,11.0,6.0,4.0,0.51,35.0
汕头,2025-08-11,24.0,excellent,4.0,11.0,7.0,4.0,0.55,42.0
汕头,2025-08-12,30.0,excellent,9.0,20.0,8.0,4.0,0.58,47.0
汕头,2025-08-13,40.0,excellent,14.0,31.0,9.0,4.0,0.65,57.0
汕头,2025-08-14,24.0,excellent,4.0,11.0,5.0,4.0,0.51,37.0
汕头,2025-08-15,30.0,excellent,8.0,21.0,7.0,5.0,0.54,45.0
汕头,2025-08-16,34.0,excellent,8.0,25.0,8.0,4.0,0.52,41.0
汕头,2025-08-17,25.0,excellent,7.0,18.0,10.0,4.0,0.5,35.0
汕头,2025-08-18,26.0,excellent,6.0,13.0,6.0,4.0,0.53,41.0
汕头,2025-08-19,22.0,excellent,5.0,14.0,9.0,4.0,0.59,31.0
汕头,2025-08-20,29.0,excellent,13.0,29.0,18.0,6.0,0.78,38.0
汕头,2025-08-21,34.0,excellent,12.0,22.0,11.0,4.0,0.58,44.0
汕头,2025-08-22,50.0,excellent,20.0,38.0,16.0,5.0,0.68,70.0
汕头,2025-08-23,40.0,excellent,16.0,27.0,10.0,4.0,0.56,48.0
汕头,2025-08-24,25.0,excellent,8.0,18.0,5.0,4.0,0.45,45.0
汕头,2025-08-25,40.0,excellent,11.0,25.0,10.0,6.0,0.57,57.0
汕头,2025-08-26,39.0,excellent,9.0,20.0,8.0,5.0,0.53,67.0
汕头,2025-08-27,39.0,excellent,9.0,20.0,9.0,6.0,0.55,62.0
汕头,2025-08-28,38.0,excellent,9.0,21.0,7.0,5.0,0.53,56.0
汕头,2025-08-29,36.0,excellent,9.0,24.0,5.0,5.0,0.52,57.0
汕头,2025-08-30,32.0,excellent,6.0,17.0,5.0,5.0,0.55,45.0
汕头,2025-08-31,40.0,excellent,11.0,24.0,11.0,7.0,0.71,60.0
汕头,2025-09-01,44.0,excellent,12.0,23.0,9.0,6.0,0.61,61.0
汕头,2025-09-02,44.0,excellent,17.0,28.0,9.0,6.0,0.62,68.0
汕头,2025-09-03,40.0,excellent,17.0,28.0,10.0,6.0,0.62,61.0
汕头,2025-09-04,36.0,excellent,12.0,21.0,8.0,5.0,0.57,55.0
汕头,2025-09-05,34.0,excellent,9.0,18.0,8.0,5.0,0.6,54.0
汕头,2025-09-06,40.0,excellent,14.0,25.0,7.0,5.0,0.61,66.0
汕头,2025-09-07,30.0,excellent,6.0,13.0,4.0,4.0,0.53,43.0
汕头,2025-09-08,20.0,excellent,6.0,16.0,4.0,4.0,0.53,32.0
汕头,2025-09-09,24.0,excellent,6.0,15.0,7.0,4.0,0.57,39.0
汕头,2025-09-10,30.0,excellent,9.0,19.0,9.0,4.0,0.63,41.0
汕头,2025-09-11,36.0,excellent,11.0,21.0,10.0,6.0,0.65,53.0
汕头,2025-09-12,38.0,excellent,11.0,21.0,9.0,5.0,0.63,54.0
汕头,2025-09-13,37.0,excellent,8.0,19.0,8.0,6.0,0.6,55.0
汕头,2025-09-14,37.0,excellent,8.0,18.0,8.0,5.0,0.59,54.0
汕头,2025-09-15,35.0,excellent,10.0,17.0,8.0,5.0,0.58,54.0
汕头,2025-09-16,42.0,excellent,12.0,24.0,9.0,7.0,0.66,68.0
汕头,2025-09-17,36.0,excellent,10.0,21.0,8.0,5.0,0.61,56.0
汕头,2025-09-18,26.0,excellent,9.0,20.0,9.0,5.0,0.61,37.0
汕头,2025-09-19,17.0,excellent,4.0,12.0,4.0,4.0,0.51,30.0
汕头,2025-09-20,17.0,excellent,5.0,13.0,6.0,4.0,0.54,31.0
汕头,2025-09-21,30.0,excellent,6.0,16.0,7.0,4.0,0.55,51.0
汕头,2025-09-22,29.0,excellent,12.0,27.0,14.0,7.0,0.68,35.0
汕头,2025-09-23,22.0,excellent,9.0,21.0,8.0,5.0,0.54,36.0
汕头,2025-09-24,26.0,excellent,10.0,26.0,2.0,4.0,0.48,42.0
汕头,2025-09-25,27.0,excellent,8.0,23.0,6.0,4.0,0.53,48.0
汕头,2025-09-26,39.0,excellent,12.0,27.0,11.0,6.0,0.63,51.0
汕头,2025-09-27,37.0,excellent,8.0,24.0,9.0,5.0,0.53,59.0
汕头,2025-09-28,39.0,excellent,10.0,24.0,7.0,5.0,0.56,60.0
汕头,2025-09-29,39.0,excellent,15.0,30.0,13.0,7.0,0.68,53.0
汕头,2025-09-30,46.0,excellent,17.0,31.0,12.0,6.0,0.71,66.0
汕头,2025-10-01,46.0,excellent,15.0,27.0,10.0,5.0,0.63,69.0
汕头,2025-10-02,44.0,excellent,11.0,21.0,7.0,5.0,0.6,66.0
汕头,2025-10-03,44.0,excellent,13.0,26.0,10.0,6.0,0.65,70.0
汕头,2025-10-04,48.0,excellent,16.0,27.0,6.0,6.0,0.64,77.0
汕头,2025-10-05,24.0,excellent,9.0,19.0,4.0,4.0,0.53,31.0
汕头,2025-10-06,22.0,excellent,8.0,19.0,6.0,5.0,0.53,34.0
汕头,2025-10-07,40.0,excellent,24.0,37.0,10.0,7.0,0.65,55.0
汕头,2025-10-08,37.0,excellent,13.0,29.0,10.0,6.0,0.56,60.0
汕头,2025-10-09,53.0,good,15.0,30.0,6.0,5.0,0.6,90.0
汕头,2025-10-10,49.0,excellent,12.0,25.0,6.0,5.0,0.57,85.0
汕头,2025-10-11,49.0,excellent,11.0,25.0,6.0,5.0,0.58,86.0
汕头,2025-10-12,47.0,excellent,13.0,22.0,6.0,5.0,0.61,68.0
汕头,2025-10-13,25.0,excellent,8.0,14.0,6.0,5.0,0.55,41.0
汕头,2025-10-14,30.0,excellent,10.0,22.0,10.0,6.0,0.62,39.0
汕头,2025-10-15,34.0,excellent,12.0,24.0,8.0,6.0,0.62,62.0
汕头,2025-10-16,40.0,excellent,14.0,27.0,7.0,6.0,0.57,62.0
汕头,2025-10-17,40.0,excellent,18.0,32.0,8.0,7.0,0.57,64.0
汕头,2025-10-18,42.0,excellent,18.0,31.0,8.0,6.0,0.6,60.0
汕头,2025-10-19,34.0,excellent,12.0,29.0,11.0,7.0,0.65,54.0
汕头,2025-10-20,34.0,excellent,8.0,22.0,8.0,5.0,0.58,63.0
汕头,2025-10-21,31.0,excellent,8.0,18.0,10.0,6.0,0.62,46.0
汕头,2025-10-22,20.0,excellent,6.0,18.0,12.0,6.0,0.57,35.0
汕头,2025-10-23,27.0,excellent,13.0,27.0,14.0,6.0,0.58,40.0
汕头,2025-10-24,34.0,excellent,20.0,34.0,15.0,8.0,0.6,56.0
汕头,2025-10-25,42.0,excellent,20.0,34.0,14.0,9.0,0.63,76.0
汕头,2025-10-26,65.0,good,26.0,45.0,13.0,7.0,0.67,94.0
汕头,2025-10-27,71.0,good,26.0,43.0,11.0,6.0,0.65,104.0
汕头,2025-10-28,53.0,good,19.0,26.0,15.0,5.0,0.73,73.0
汕头,2025-10-29,44.0,excellent,11.0,25.0,12.0,6.0,0.6,75.0
汕头,2025-10-30,50.0,excellent,16.0,36.0,14.0,7.0,0.6,79.0
汕头,2025-10-31,57.0,good,25.0,37.0,13.0,7.0,0.71,78.0
汕头,2025-11-01,52.0,good,15.0,26.0,11.0,7.0,0.71,81.0
汕头,2025-11-02,61.0,good,20.0,38.0,12.0,8.0,0.6,101.0
汕头,2025-11-03,74.0,good,25.0,43.0,11.0,6.0,0.63,109.0
汕头,2025-11-04,44.0,excellent,15.0,24.0,13.0,7.0,0.62,64.0
汕头,2025-11-05,40.0,excellent,10.0,19.0,11.0,6.0,0.6,68.0
汕头,2025-11-06,44.0,excellent,16.0,27.0,17.0,7.0,0.65,49.0
汕头,2025-11-07,49.0,excellent,13.0,31.0,6.0,6.0,0.54,90.0
汕头,2025-11-08,49.0,excellent,16.0,32.0,10.0,6.0,0.58,81.0
汕头,2025-11-09,63.0,good,26.0,43.0,15.0,8.0,0.7,80.0
汕头,2025-11-10,38.0,excellent,13.0,26.0,12.0,8.0,0.73,50.0
汕头,2025-11-11,28.0,excellent,13.0,28.0,14.0,7.0,0.67,48.0
汕头,2025-11-12,26.0,excellent,9.0,18.0,11.0,6.0,0.6,45.0
汕头,2025-11-13,27.0,excellent,8.0,16.0,12.0,6.0,0.63,40.0
汕头,2025-11-14,40.0,excellent,11.0,24.0,12.0,7.0,0.59,74.0
汕头,2025-11-15,66.0,good,18.0,40.0,12.0,8.0,0.58,104.0
汕头,2025-11-16,61.0,good,19.0,39.0,12.0,8.0,0.6,94.0
汕头,2025-11-17,56.0,good,21.0,39.0,15.0,8.0,0.65,84.0
汕头,2025-11-18,42.0,excellent,21.0,42.0,13.0,7.0,0.57,60.0
汕头,2025-11-19,25.0,excellent,12.0,25.0,14.0,7.0,0.48,44.0
汕头,2025-11-20,45.0,excellent,27.0,45.0,23.0,9.0,0.54,45.0
汕头,2025-11-21,42.0,excellent,24.0,42.0,19.0,9.0,0.57,73.0
汕头,2025-11-22,63.0,good,28.0,47.0,18.0,9.0,0.61,94.0
汕头,2025-11-23,73.0,good,35.0,55.0,20.0,9.0,0.67,97.0
汕头,2025-11-24,74.0,good,38.0,56.0,20.0,8.0,0.73,90.0
汕头,2025-11-25,57.0,good,21.0,42.0,14.0,8.0,0.52,97.0
汕头,2025-11-26,66.0,good,28.0,76.0,16.0,9.0,0.5,100.0
汕头,2025-11-27,58.0,good,30.0,66.0,21.0,10.0,0.57,69.0
汕头,2025-11-28,66.0,good,28.0,81.0,17.0,9.0,0.53,91.0
汕头,2025-11-29,78.0,good,35.0,106.0,18.0,8.0,0.6,92.0
汕头,2025-11-30,64.0,good,39.0,77.0,24.0,9.0,0.7,67.0
汕头,2025-12-01,40.0,excellent,26.0,35.0,17.0,7.0,0.65,63.0
汕头,2025-12-02,55.0,good,19.0,34.0,11.0,7.0,0.6,91.0
汕头,2025-12-03,58.0,good,25.0,43.0,12.0,6.0,0.63,96.0
汕头,2025-12-04,59.0,good,24.0,48.0,13.0,6.0,0.57,95.0
汕头,2025-12-05,52.0,good,18.0,37.0,14.0,8.0,0.51,86.0
汕头,2025-12-06,55.0,good,20.0,38.0,16.0,8.0,0.55,83.0
汕头,2025-12-07,51.0,good,32.0,52.0,23.0,8.0,0.69,69.0
汕头,2025-12-08,54.0,good,37.0,58.0,22.0,8.0,0.75,75.0
汕头,2025-12-09,68.0,good,24.0,47.0,13.0,7.0,0.59,106.0
汕头,2025-12-10,50.0,excellent,20.0,41.0,15.0,8.0,0.58,82.0
汕头,2025-12-11,57.0,good,27.0,44.0,16.0,7.0,0.68,91.0
汕头,2025-12-12,73.0,good,25.0,47.0,12.0,6.0,0.61,111.0
汕头,2025-12-13,48.0,excellent,26.0,44.0,16.0,8.0,0.71,67.0
汕头,2025-12-14,38.0,excellent,13.0,38.0,16.0,7.0,0.69,57.0
汕头,2025-12-15,46.0,excellent,19.0,43.0,14.0,7.0,0.55,81.0
汕头,2025-12-16,56.0,good,31.0,54.0,22.0,9.0,0.65,81.0
汕头,2025-12-17,59.0,good,38.0,60.0,25.0,9.0,0.74,82.0
汕头,2025-12-18,61.0,good,25.0,48.0,17.0,8.0,0.6,93.0
汕头,2025-12-19,55.0,good,39.0,53.0,23.0,8.0,0.75,68.0
汕头,2025-12-20,44.0,excellent,31.0,41.0,24.0,9.0,0.78,52.0
汕头,2025-12-21,78.0,good,57.0,67.0,21.0,8.0,0.9,77.0
汕头,2025-12-22,50.0,excellent,19.0,35.0,14.0,6.0,0.6,77.0
汕头,2025-12-23,48.0,excellent,18.0,37.0,18.0,7.0,0.6,76.0
汕头,2025-12-24,54.0,good,20.0,37.0,17.0,7.0,0.61,80.0
汕头,2025-12-25,29.0,excellent,14.0,26.0,16.0,6.0,0.76,37.0
汕头,2025-12-26,26.0,excellent,16.0,26.0,16.0,7.0,0.67,48.0
汕头,2025-12-27,44.0,excellent,18.0,31.0,18.0,9.0,0.58,71.0
汕头,2025-12-28,46.0,excellent,23.0,37.0,21.0,9.0,0.63,70.0
汕头,2025-12-29,52.0,good,26.0,43.0,23.0,8.0,0.69,75.0
汕头,2025-12-30,53.0,good,31.0,49.0,26.0,9.0,0.75,75.0
汕头,2025-12-31,53.0,good,19.0,34.0,14.0,7.0,0.57,92.0
北京,2024-01-01,91.0,good,66.0,101.0,53.0,2.0,0.77,15.0
北京,2024-01-02,95.0,good,70.0,99.0,53.0,2.0,0.9,14.0
北京,2024-01-03,31.0,excellent,16.0,33.0,32.0,2.0,0.38,38.0
北京,2024-01-04,65.0,good,45.0,71.0,44.0,2.0,0.66,28.0
北京,2024-01-05,41.0,excellent,19.0,44.0,32.0,1.0,0.42,36.0
北京,2024-01-06,18.0,excellent,6.0,14.0,11.0,2.0,0.23,47.0
北京,2024-01-07,25.0,excellent,12.0,25.0,23.0,2.0,0.32,33.0
北京,2024-01-08,61.0,good,40.0,68.0,51.0,2.0,0.64,11.0
北京,2024-01-09,46.0,excellent,30.0,49.0,35.0,2.0,0.5,29.0
北京,2024-01-10,45.0,excellent,29.0,48.0,42.0,2.0,0.53,26.0
北京,2024-01-11,81.0,good,60.0,98.0,61.0,2.0,0.93,14.0
北京,2024-01-12,101.0,lightly_polluted,75.0,120.0,65.0,3.0,1.23,12.0
北京,2024-01-13,74.0,good,52.0,82.0,47.0,2.0,1.01,17.0
北京,2024-01-14,24.0,excellent,7.0,20.0,14.0,2.0,0.26,57.0
北京,2024-01-15,36.0,excellent,17.0,39.0,38.0,2.0,0.46,28.0
北京,2024-01-16,76.0,good,51.0,86.0,55.0,2.0,0.73,11.0
北京,2024-01-17,117.0,lightly_polluted,88.0,131.0,64.0,2.0,0.93,6.0
北京,2024-01-18,101.0,lightly_polluted,75.0,103.0,53.0,3.0,1.0,13.0
北京,2024-01-19,65.0,good,44.0,73.0,54.0,3.0,0.89,12.0
北京,2024-01-20,53.0,good,32.0,60.0,40.0,3.0,0.72,26.0
北京,2024-01-21,20.0,excellent,5.0,16.0,6.0,2.0,0.2,63.0
北京,2024-01-22,19.0,excellent,6.0,13.0,8.0,2.0,0.22,61.0
北京,2024-01-23,19.0,excellent,6.0,16.0,10.0,2.0,0.22,59.0
北京,2024-01-24,27.0,excellent,11.0,27.0,21.0,2.0,0.28,51.0
北京,2024-01-25,27.0,excellent,13.0,26.0,21.0,2.0,0.31,52.0
北京,2024-01-26,38.0,excellent,16.0,38.0,19.0,3.0,0.33,55.0
北京,2024-01-27,36.0,excellent,17.0,37.0,24.0,2.0,0.35,50.0
北京,2024-01-28,48.0,excellent,28.0,51.0,41.0,3.0,0.51,33.0
北京,2024-01-29,86.0,good,61.0,97.0,49.0,5.0,0.96,22.0
北京,2024-01-30,122.0,lightly_polluted,92.0,124.0,40.0,2.0,1.12,23.0
北京,2024-01-31,62.0,good,43.0,60.0,24.0,2.0,0.61,46.0
北京,2024-02-01,34.0,excellent,19.0,34.0,20.0,4.0,0.39,48.0
北京,2024-02-02,58.0,good,39.0,62.0,38.0,2.0,0.63,22.0
北京,2024-02-03,75.0,good,54.0,80.0,43.0,3.0,0.73,23.0
北京,2024-02-04,99.0,good,74.0,103.0,45.0,4.0,1.0,23.0
北京,2024-02-05,92.0,good,68.0,92.0,34.0,4.0,0.83,40.0
北京,2024-02-06,51.0,good,36.0,48.0,19.0,2.0,0.48,52.0
北京,2024-02-07,27.0,excellent,17.0,25.0,9.0,2.0,0.3,73.0
北京,2024-02-08,30.0,excellent,17.0,25.0,11.0,2.0,0.3,69.0
北京,2024-02-09,51.0,good,35.0,47.0,16.0,2.0,0.45,65.0
北京,2024-02-10,39.0,excellent,27.0,39.0,8.0,2.0,0.25,72.0
北京,2024-02-11,71.0,good,51.0,70.0,20.0,3.0,0.44,55.0
北京,2024-02-12,107.0,lightly_polluted,80.0,110.0,30.0,4.0,0.69,58.0
北京,2024-02-13,143.0,lightly_polluted,109.0,152.0,36.0,4.0,0.92,73.0
北京,2024-02-14,66.0,good,43.0,64.0,18.0,2.0,0.48,66.0
北京,2024-02-15,26.0,excellent,9.0,18.0,8.0,2.0,0.25,68.0
北京,2024-02-16,65.0,good,43.0,74.0,21.0,2.0,0.53,52.0
北京,2024-02-17,90.0,good,67.0,101.0,30.0,3.0,0.69,47.0
北京,2024-02-18,88.0,good,64.0,89.0,25.0,3.0,0.96,44.0
北京,2024-02-19,30.0,excellent,7.0,29.0,4.0,2.0,0.2,72.0
北京,2024-02-20,23.0,excellent,9.0,20.0,7.0,2.0,0.27,62.0
北京,2024-02-21,21.0,excellent,11.0,21.0,11.0,2.0,0.29,56.0
北京,2024-02-22,21.0,excellent,5.0,12.0,8.0,2.0,0.24,65.0
北京,2024-02-23,33.0,excellent,19.0,33.0,28.0,3.0,0.53,41.0
北京,2024-02-24,58.0,good,41.0,60.0,32.0,2.0,0.6,44.0
北京,2024-02-25,51.0,good,27.0,52.0,15.0,2.0,0.3,57.0
北京,2024-02-26,70.0,good,48.0,82.0,26.0,5.0,0.72,55.0
北京,2024-02-27,71.0,good,45.0,90.0,31.0,3.0,0.49,46.0
北京,2024-02-28,70.0,good,45.0,86.0,30.0,2.0,0.47,43.0
北京,2024-02-29,30.0,excellent,10.0,28.0,7.0,2.0,0.25,72.0
北京,2024-03-01,34.0,excellent,11.0,34.0,15.0,2.0,0.25,60.0
北京,2024-03-02,74.0,good,28.0,99.0,25.0,2.0,0.35,48.0
北京,2024-03-03,53.0,good,24.0,63.0,23.0,2.0,0.44,55.0
北京,2024-03-04,54.0,good,32.0,60.0,29.0,3.0,0.66,53.0
北京,2024-03-05,75.0,good,54.0,82.0,25.0,2.0,0.67,55.0
北京,2024-03-06,49.0,excellent,32.0,43.0,23.0,2.0,0.41,54.0
北京,2024-03-07,55.0,good,34.0,52.0,25.0,2.0,0.43,50.0
北京,2024-03-08,24.0,excellent,7.0,20.0,15.0,2.0,0.23,64.0
北京,2024-03-09,58.0,good,34.0,68.0,39.0,3.0,0.46,43.0
北京,2024-03-10,110.0,lightly_polluted,82.0,136.0,55.0,4.0,0.73,38.0
北京,2024-03-11,75.0,good,51.0,83.0,32.0,2.0,0.51,55.0
北京,2024-03-12,45.0,excellent,27.0,47.0,19.0,2.0,0.35,75.0
北京,2024-03-13,61.0,good,37.0,72.0,37.0,2.0,0.42,58.0
北京,2024-03-14,59.0,good,35.0,70.0,37.0,2.0,0.45,64.0
北京,2024-03-15,107.0,lightly_polluted,80.0,142.0,37.0,3.0,0.64,87.0
北京,2024-03-16,115.0,lightly_polluted,66.0,142.0,20.0,3.0,0.67,81.0
北京,2024-03-17,39.0,excellent,7.0,42.0,11.0,2.0,0.21,78.0
北京,2024-03-18,112.0,lightly_polluted,40.0,151.0,28.0,2.0,0.38,53.0
北京,2024-03-19,79.0,good,14.0,104.0,6.0,2.0,0.2,74.0
北京,2024-03-20,51.0,good,14.0,57.0,17.0,2.0,0.23,63.0
北京,2024-03-21,82.0,good,46.0,115.0,46.0,4.0,0.5,42.0
北京,2024-03-22,63.0,good,37.0,80.0,32.0,2.0,0.5,63.0
北京,2024-03-23,78.0,good,51.0,101.0,43.0,5.0,0.7,64.0
北京,2024-03-24,84.0,good,62.0,105.0,35.0,5.0,1.05,60.0
北京,2024-03-25,79.0,good,58.0,72.0,24.0,2.0,0.6,59.0
北京,2024-03-26,108.0,lightly_polluted,81.0,106.0,39.0,2.0,0.78,23.0
北京,2024-03-27,137.0,lightly_polluted,104.0,136.0,45.0,2.0,1.0,18.0
北京,2024-03-28,203.0,heavily_polluted,58.0,348.0,14.0,2.0,0.28,74.0
北京,2024-03-29,98.0,good,28.0,147.0,13.0,2.0,0.23,76.0
北京,2024-03-30,46.0,excellent,14.0,50.0,15.0,2.0,0.23,77.0
北京,2024-03-31,81.0,good,44.0,113.0,35.0,5.0,0.74,63.0
北京,2024-04-01,80.0,good,45.0,109.0,28.0,5.0,0.77,78.0
北京,2024-04-02,85.0,good,48.0,121.0,26.0,4.0,0.58,93.0
北京,2024-04-03,72.0,good,45.0,94.0,27.0,3.0,0.53,82.0
北京,2024-04-04,70.0,good,41.0,89.0,31.0,4.0,0.59,55.0
北京,2024-04-05,69.0,good,41.0,84.0,30.0,3.0,0.48,72.0
北京,2024-04-06,83.0,good,57.0,102.0,32.0,2.0,0.5,78.0
北京,2024-04-07,44.0,excellent,14.0,48.0,25.0,2.0,0.28,65.0
北京,2024-04-08,83.0,good,27.0,116.0,30.0,3.0,0.46,62.0
北京,2024-04-09,59.0,good,22.0,69.0,21.0,2.0,0.43,68.0
北京,2024-04-10,62.0,good,39.0,69.0,42.0,2.0,0.56,29.0
北京,2024-04-11,107.0,lightly_polluted,80.0,108.0,38.0,2.0,0.64,60.0
北京,2024-04-12,151.0,moderately_polluted,113.0,162.0,43.0,2.0,0.83,68.0
北京,2024-04-13,81.0,good,58.0,93.0,23.0,2.0,0.62,89.0
北京,2024-04-14,60.0,good,42.0,67.0,22.0,2.0,0.61,52.0
北京,2024-04-15,83.0,good,32.0,114.0,12.0,2.0,0.28,64.0
北京,2024-04-16,56.0,good,15.0,65.0,22.0,2.0,0.22,72.0
北京,2024-04-17,85.0,good,42.0,119.0,35.0,3.0,0.42,87.0
北京,2024-04-18,84.0,good,44.0,118.0,31.0,3.0,0.57,103.0
北京,2024-04-19,64.0,good,19.0,77.0,23.0,5.0,0.58,72.0
北京,2024-04-20,47.0,excellent,16.0,48.0,17.0,2.0,0.32,71.0
北京,2024-04-21,83.0,good,53.0,107.0,28.0,4.0,0.66,107.0
北京,2024-04-22,84.0,good,60.0,106.0,25.0,3.0,0.66,91.0
北京,2024-04-23,25.0,excellent,8.0,18.0,12.0,2.0,0.26,62.0
北京,2024-04-24,50.0,excellent,22.0,58.0,27.0,2.0,0.36,67.0
北京,2024-04-25,93.0,good,59.0,127.0,32.0,3.0,0.62,98.0
北京,2024-04-26,104.0,lightly_polluted,70.0,158.0,37.0,2.0,0.65,88.0
北京,2024-04-27,84.0,good,54.0,112.0,27.0,3.0,0.78,74.0
北京,2024-04-28,26.0,excellent,11.0,26.0,14.0,2.0,0.33,56.0
北京,2024-04-29,20.0,excellent,13.0,20.0,14.0,2.0,0.33,41.0
北京,2024-04-30,27.0,excellent,10.0,22.0,21.0,2.0,0.29,48.0
北京,2024-05-01,42.0,excellent,13.0,43.0,26.0,2.0,0.26,67.0
北京,2024-05-02,62.0,good,28.0,71.0,25.0,3.0,0.38,97.0
北京,2024-05-03,61.0,good,30.0,68.0,21.0,2.0,0.37,113.0
北京,2024-05-04,69.0,good,46.0,88.0,33.0,3.0,0.5,92.0
北京,2024-05-05,86.0,good,63.0,98.0,23.0,2.0,0.63,85.0
北京,2024-05-06,60.0,good,36.0,62.0,21.0,2.0,0.4,88.0
北京,2024-05-07,54.0,good,25.0,59.0,27.0,2.0,0.36,92.0
北京,2024-05-08,72.0,good,35.0,80.0,28.0,2.0,0.47,114.0
北京,2024-05-09,78.0,good,38.0,91.0,22.0,3.0,0.52,133.0
北京,2024-05-10,106.0,lightly_polluted,46.0,140.0,20.0,3.0,0.44,98.0
北京,2024-05-11,132.0,lightly_polluted,39.0,180.0,8.0,3.0,0.15,83.0
北京,2024-05-12,42.0,excellent,13.0,39.0,18.0,2.0,0.21,72.0
北京,2024-05-13,53.0,good,17.0,57.0,26.0,2.0,0.28,95.0
北京,2024-05-14,57.0,good,21.0,72.0,15.0,2.0,0.29,90.0
北京,2024-05-15,34.0,excellent,7.0,30.0,9.0,2.0,0.15,91.0
北京,2024-05-16,59.0,good,22.0,68.0,28.0,2.0,0.35,94.0
北京,2024-05-17,86.0,good,33.0,84.0,29.0,3.0,0.6,146.0
北京,2024-05-18,95.0,good,50.0,102.0,21.0,4.0,0.95,171.0
北京,2024-05-19,64.0,good,46.0,77.0,14.0,2.0,0.85,114.0
北京,2024-05-20,32.0,excellent,13.0,25.0,13.0,2.0,0.44,95.0
北京,2024-05-21,55.0,good,23.0,47.0,21.0,3.0,0.52,110.0
北京,2024-05-22,83.0,good,52.0,89.0,25.0,2.0,0.7,119.0
北京,2024-05-23,72.0,good,47.0,88.0,17.0,2.0,0.63,107.0
北京,2024-05-24,37.0,excellent,15.0,37.0,16.0,3.0,0.46,58.0
北京,2024-05-25,25.0,excellent,15.0,23.0,15.0,3.0,0.49,50.0
北京,2024-05-26,27.0,excellent,9.0,16.0,13.0,2.0,0.35,62.0
北京,2024-05-27,36.0,excellent,16.0,35.0,22.0,2.0,0.23,80.0
北京,2024-05-28,67.0,good,27.0,54.0,26.0,2.0,0.35,119.0
北京,2024-05-29,76.0,good,30.0,78.0,20.0,3.0,0.42,142.0
北京,2024-05-30,44.0,excellent,17.0,41.0,18.0,2.0,0.36,95.0
北京,2024-05-31,28.0,excellent,4.0,13.0,11.0,2.0,0.2,86.0
北京,2024-06-01,40.0,excellent,11.0,34.0,22.0,2.0,0.27,91.0
北京,2024-06-02,46.0,excellent,16.0,42.0,22.0,2.0,0.35,105.0
北京,2024-06-03,65.0,good,22.0,52.0,24.0,2.0,0.45,128.0
北京,2024-06-04,74.0,good,29.0,63.0,24.0,4.0,0.63,140.0
北京,2024-06-05,64.0,good,33.0,71.0,26.0,4.0,0.63,120.0
北京,2024-06-06,74.0,good,36.0,73.0,22.0,3.0,0.53,128.0
北京,2024-06-07,50.0,excellent,28.0,58.0,18.0,2.0,0.44,82.0
北京,2024-06-08,54.0,good,25.0,41.0,16.0,2.0,0.48,109.0
北京,2024-06-09,61.0,good,27.0,43.0,18.0,2.0,0.44,124.0
北京,2024-06-10,67.0,good,29.0,51.0,15.0,3.0,0.66,139.0
北京,2024-06-11,63.0,good,16.0,37.0,23.0,3.0,0.46,134.0
北京,2024-06-12,73.0,good,19.0,52.0,23.0,2.0,0.42,148.0
北京,2024-06-13,69.0,good,27.0,63.0,17.0,2.0,0.59,154.0
北京,2024-06-14,44.0,excellent,20.0,34.0,13.0,2.0,0.48,115.0
北京,2024-06-15,36.0,excellent,11.0,25.0,18.0,2.0,0.3,80.0
北京,2024-06-16,60.0,good,23.0,53.0,22.0,3.0,0.47,115.0
北京,2024-06-17,83.0,good,33.0,73.0,18.0,2.0,0.47,159.0
北京,2024-06-18,90.0,good,34.0,75.0,22.0,3.0,0.51,166.0
北京,2024-06-19,93.0,good,44.0,91.0,20.0,3.0,0.56,167.0
北京,2024-06-20,74.0,good,42.0,76.0,16.0,3.0,0.65,135.0
北京,2024-06-21,50.0,excellent,31.0,51.0,20.0,3.0,0.67,72.0
北京,2024-06-22,97.0,good,45.0,133.0,15.0,3.0,0.43,85.0
北京,2024-06-23,137.0,lightly_polluted,50.0,195.0,13.0,2.0,0.2,64.0
北京,2024-06-24,29.0,excellent,7.0,19.0,11.0,2.0,0.18,78.0
北京,2024-06-25,43.0,excellent,12.0,32.0,19.0,2.0,0.29,110.0
北京,2024-06-26,80.0,good,31.0,72.0,17.0,4.0,0.68,161.0
北京,2024-06-27,71.0,good,26.0,74.0,18.0,2.0,0.38,142.0
北京,2024-06-28,80.0,good,28.0,66.0,20.0,3.0,0.43,160.0
北京,2024-06-29,71.0,good,34.0,72.0,15.0,4.0,0.67,149.0
北京,2024-06-30,55.0,good,25.0,37.0,12.0,2.0,0.5,124.0
北京,2024-07-01,35.0,excellent,14.0,23.0,9.0,3.0,0.43,107.0
北京,2024-07-02,34.0,excellent,23.0,33.0,13.0,3.0,0.45,72.0
北京,2024-07-03,37.0,excellent,22.0,32.0,13.0,3.0,0.38,94.0
北京,2024-07-04,62.0,good,40.0,59.0,19.0,2.0,0.58,115.0
北京,2024-07-05,84.0,good,54.0,74.0,16.0,3.0,0.66,123.0
北京,2024-07-06,45.0,excellent,22.0,31.0,11.0,3.0,0.45,108.0
北京,2024-07-07,40.0,excellent,19.0,34.0,16.0,2.0,0.48,102.0
北京,2024-07-08,37.0,excellent,22.0,32.0,11.0,2.0,0.49,95.0
北京,2024-07-09,64.0,good,44.0,59.0,16.0,2.0,0.63,108.0
北京,2024-07-10,81.0,good,50.0,72.0,18.0,2.0,0.66,131.0
北京,2024-07-11,88.0,good,54.0,85.0,20.0,3.0,0.75,148.0
北京,2024-07-12,45.0,excellent,28.0,44.0,15.0,3.0,0.58,108.0
北京,2024-07-13,52.0,good,36.0,44.0,10.0,3.0,0.64,106.0
北京,2024-07-14,73.0,good,53.0,65.0,12.0,2.0,0.92,98.0
北京,2024-07-15,59.0,good,42.0,56.0,13.0,3.0,0.72,85.0
北京,2024-07-16,44.0,excellent,28.0,35.0,9.0,3.0,0.6,99.0
北京,2024-07-17,29.0,excellent,8.0,15.0,15.0,2.0,0.3,85.0
北京,2024-07-18,32.0,excellent,9.0,24.0,18.0,2.0,0.29,78.0
北京,2024-07-19,61.0,good,20.0,45.0,20.0,2.0,0.5,122.0
北京,2024-07-20,53.0,good,15.0,30.0,12.0,2.0,0.4,128.0
北京,2024-07-21,50.0,excellent,27.0,49.0,11.0,2.0,0.49,124.0
北京,2024-07-22,40.0,excellent,15.0,27.0,9.0,3.0,0.48,121.0
北京,2024-07-23,58.0,good,37.0,61.0,12.0,3.0,0.71,116.0
北京,2024-07-24,48.0,excellent,29.0,46.0,11.0,3.0,0.55,103.0
北京,2024-07-25,26.0,excellent,12.0,17.0,8.0,3.0,0.48,82.0
北京,2024-07-26,31.0,excellent,12.0,17.0,9.0,3.0,0.49,82.0
北京,2024-07-27,37.0,excellent,19.0,28.0,9.0,3.0,0.58,85.0
北京,2024-07-28,31.0,excellent,14.0,25.0,9.0,3.0,0.48,82.0
北京,2024-07-29,40.0,excellent,20.0,38.0,13.0,3.0,0.48,85.0
北京,2024-07-30,19.0,excellent,7.0,11.0,9.0,3.0,0.48,51.0
北京,2024-07-31,32.0,excellent,14.0,19.0,8.0,3.0,0.53,78.0
北京,2024-08-01,27.0,excellent,9.0,16.0,11.0,3.0,0.47,85.0
北京,2024-08-02,34.0,excellent,19.0,34.0,16.0,3.0,0.55,75.0
北京,2024-08-03,31.0,excellent,19.0,29.0,12.0,3.0,0.59,77.0
北京,2024-08-04,37.0,excellent,18.0,24.0,9.0,3.0,0.55,87.0
北京,2024-08-05,30.0,excellent,7.0,12.0,10.0,3.0,0.36,96.0
北京,2024-08-06,45.0,excellent,19.0,38.0,16.0,3.0,0.45,103.0
北京,2024-08-07,50.0,excellent,32.0,50.0,16.0,3.0,0.58,87.0
北京,2024-08-08,43.0,excellent,19.0,33.0,18.0,3.0,0.47,92.0
北京,2024-08-09,49.0,excellent,31.0,47.0,14.0,3.0,0.71,86.0
北京,2024-08-10,29.0,excellent,8.0,21.0,9.0,3.0,0.55,76.0
北京,2024-08-11,27.0,excellent,7.0,19.0,13.0,3.0,0.38,61.0
北京,2024-08-12,18.0,excellent,1.0,6.0,7.0,3.0,0.3,57.0
北京,2024-08-13,18.0,excellent,6.0,13.0,8.0,3.0,0.37,54.0
北京,2024-08-14,27.0,excellent,12.0,24.0,12.0,3.0,0.41,61.0
北京,2024-08-15,43.0,excellent,24.0,42.0,17.0,3.0,0.6,75.0
北京,2024-08-16,43.0,excellent,27.0,42.0,19.0,3.0,0.63,63.0
北京,2024-08-17,38.0,excellent,23.0,34.0,12.0,3.0,0.61,86.0
北京,2024-08-18,30.0,excellent,14.0,18.0,8.0,3.0,0.55,94.0
北京,2024-08-19,26.0,excellent,13.0,19.0,9.0,3.0,0.54,83.0
北京,2024-08-20,18.0,excellent,7.0,12.0,10.0,3.0,0.53,53.0
北京,2024-08-21,23.0,excellent,8.0,14.0,10.0,3.0,0.49,65.0
北京,2024-08-22,28.0,excellent,10.0,21.0,14.0,3.0,0.43,62.0
北京,2024-08-23,42.0,excellent,20.0,38.0,15.0,3.0,0.64,79.0
北京,2024-08-24,33.0,excellent,13.0,25.0,12.0,3.0,0.48,87.0
北京,2024-08-25,30.0,excellent,15.0,29.0,15.0,3.0,0.48,63.0
北京,2024-08-26,26.0,excellent,8.0,13.0,7.0,3.0,0.45,78.0
北京,2024-08-27,21.0,excellent,8.0,15.0,13.0,2.0,0.35,57.0
北京,2024-08-28,31.0,excellent,13.0,26.0,17.0,2.0,0.42,70.0
北京,2024-08-29,43.0,excellent,20.0,37.0,18.0,3.0,0.48,92.0
北京,2024-08-30,58.0,good,28.0,49.0,19.0,2.0,0.6,109.0
北京,2024-08-31,52.0,good,34.0,54.0,15.0,2.0,0.7,99.0
北京,2024-09-01,28.0,excellent,12.0,20.0,13.0,3.0,0.43,58.0
北京,2024-09-02,21.0,excellent,3.0,11.0,11.0,3.0,0.27,64.0
北京,2024-09-03,32.0,excellent,13.0,32.0,18.0,2.0,0.4,61.0
北京,2024-09-04,58.0,good,37.0,62.0,19.0,3.0,0.64,70.0
北京,2024-09-05,23.0,excellent,9.0,12.0,12.0,3.0,0.36,51.0
北京,2024-09-06,23.0,excellent,7.0,17.0,18.0,2.0,0.39,59.0
北京,2024-09-07,22.0,excellent,12.0,21.0,13.0,3.0,0.4,51.0
北京,2024-09-08,26.0,excellent,17.0,26.0,18.0,3.0,0.48,32.0
北京,2024-09-09,58.0,good,40.0,53.0,21.0,3.0,0.93,36.0
北京,2024-09-10,17.0,excellent,4.0,9.0,15.0,3.0,0.37,43.0
北京,2024-09-11,20.0,excellent,6.0,19.0,19.0,3.0,0.4,27.0
北京,2024-09-12,26.0,excellent,8.0,22.0,20.0,3.0,0.39,48.0
北京,2024-09-13,33.0,excellent,12.0,30.0,21.0,3.0,0.47,71.0
北京,2024-09-14,23.0,excellent,7.0,19.0,12.0,3.0,0.35,52.0
北京,2024-09-15,28.0,excellent,11.0,27.0,20.0,3.0,0.4,50.0
北京,2024-09-16,40.0,excellent,18.0,38.0,21.0,3.0,0.47,61.0
北京,2024-09-17,26.0,excellent,12.0,24.0,13.0,3.0,0.44,60.0
北京,2024-09-18,38.0,excellent,20.0,38.0,14.0,3.0,0.71,72.0
北京,2024-09-19,53.0,good,29.0,53.0,20.0,3.0,0.74,86.0
北京,2024-09-20,31.0,excellent,16.0,26.0,13.0,3.0,0.47,46.0
北京,2024-09-21,17.0,excellent,1.0,4.0,9.0,3.0,0.24,55.0
北京,2024-09-22,18.0,excellent,4.0,11.0,15.0,3.0,0.23,50.0
北京,2024-09-23,34.0,excellent,15.0,34.0,24.0,2.0,0.33,55.0
北京,2024-09-24,56.0,good,32.0,60.0,28.0,3.0,0.49,82.0
北京,2024-09-25,43.0,excellent,26.0,35.0,19.0,3.0,0.44,55.0
北京,2024-09-26,34.0,excellent,19.0,34.0,25.0,3.0,0.55,42.0
北京,2024-09-27,46.0,excellent,27.0,47.0,27.0,3.0,0.58,44.0
北京,2024-09-28,52.0,good,32.0,54.0,27.0,3.0,0.74,39.0
北京,2024-09-29,68.0,good,49.0,71.0,21.0,3.0,0.82,58.0
北京,2024-09-30,12.0,excellent,2.0,4.0,13.0,3.0,0.35,33.0
北京,2024-10-01,15.0,excellent,2.0,7.0,10.0,3.0,0.22,47.0
北京,2024-10-02,18.0,excellent,6.0,15.0,16.0,2.0,0.25,37.0
北京,2024-10-03,30.0,excellent,14.0,30.0,21.0,2.0,0.35,49.0
北京,2024-10-04,63.0,good,42.0,71.0,29.0,3.0,0.51,62.0
北京,2024-10-05,81.0,good,59.0,91.0,32.0,3.0,0.58,73.0
北京,2024-10-06,81.0,good,59.0,85.0,31.0,2.0,0.62,46.0
北京,2024-10-07,24.0,excellent,12.0,18.0,17.0,2.0,0.34,37.0
北京,2024-10-08,26.0,excellent,11.0,25.0,24.0,2.0,0.34,40.0
北京,2024-10-09,77.0,good,54.0,89.0,43.0,2.0,0.6,28.0
北京,2024-10-10,22.0,excellent,6.0,14.0,17.0,2.0,0.24,49.0
北京,2024-10-11,48.0,excellent,24.0,55.0,37.0,2.0,0.43,31.0
北京,2024-10-12,84.0,good,59.0,104.0,38.0,4.0,0.74,59.0
北京,2024-10-13,116.0,lightly_polluted,87.0,128.0,28.0,3.0,1.25,48.0
北京,2024-10-14,120.0,lightly_polluted,90.0,120.0,30.0,3.0,1.21,44.0
北京,2024-10-15,40.0,excellent,25.0,39.0,21.0,2.0,0.47,44.0
北京,2024-10-16,45.0,excellent,19.0,45.0,28.0,3.0,0.57,35.0
北京,2024-10-17,57.0,good,33.0,63.0,32.0,3.0,0.62,19.0
北京,2024-10-18,38.0,excellent,24.0,33.0,18.0,3.0,0.55,34.0
北京,2024-10-19,17.0,excellent,2.0,7.0,12.0,2.0,0.22,45.0
北京,2024-10-20,33.0,excellent,14.0,33.0,27.0,3.0,0.39,24.0
北京,2024-10-21,52.0,good,35.0,54.0,30.0,2.0,0.48,19.0
北京,2024-10-22,26.0,excellent,12.0,21.0,20.0,2.0,0.29,39.0
北京,2024-10-23,40.0,excellent,21.0,43.0,36.0,2.0,0.43,20.0
北京,2024-10-24,62.0,good,40.0,70.0,39.0,3.0,0.55,30.0
北京,2024-10-25,148.0,lightly_polluted,111.0,151.0,46.0,3.0,0.81,37.0
北京,2024-10-26,201.0,heavily_polluted,154.0,198.0,44.0,3.0,1.08,28.0
北京,2024-10-27,28.0,excellent,14.0,23.0,22.0,3.0,0.32,39.0
北京,2024-10-28,40.0,excellent,21.0,45.0,34.0,3.0,0.4,31.0
北京,2024-10-29,90.0,good,66.0,103.0,47.0,3.0,0.63,32.0
北京,2024-10-30,89.0,good,65.0,98.0,42.0,3.0,0.82,30.0
北京,2024-10-31,136.0,lightly_polluted,103.0,144.0,49.0,2.0,0.93,18.0
北京,2024-11-01,130.0,lightly_polluted,99.0,136.0,33.0,2.0,0.9,37.0
北京,2024-11-02,123.0,lightly_polluted,93.0,123.0,35.0,2.0,0.94,25.0
北京,2024-11-03,71.0,good,46.0,65.0,19.0,2.0,0.6,45.0
北京,2024-11-04,17.0,excellent,3.0,10.0,15.0,2.0,0.24,38.0
北京,2024-11-05,38.0,excellent,15.0,39.0,34.0,3.0,0.42,19.0
北京,2024-11-06,52.0,good,30.0,60.0,44.0,3.0,0.56,18.0
北京,2024-11-07,93.0,good,68.0,114.0,58.0,4.0,0.78,16.0
北京,2024-11-08,148.0,lightly_polluted,113.0,163.0,57.0,3.0,0.86,25.0
北京,2024-11-09,161.0,moderately_polluted,122.0,160.0,49.0,3.0,0.88,27.0
北京,2024-11-10,125.0,lightly_polluted,93.0,119.0,34.0,3.0,0.68,35.0
北京,2024-11-11,74.0,good,53.0,81.0,38.0,3.0,0.85,14.0
北京,2024-11-12,84.0,good,62.0,97.0,34.0,3.0,0.74,23.0
北京,2024-11-13,81.0,good,60.0,85.0,38.0,3.0,0.88,11.0
北京,2024-11-14,53.0,good,37.0,44.0,33.0,3.0,0.82,19.0
北京,2024-11-15,70.0,good,49.0,68.0,39.0,3.0,0.9,13.0
北京,2024-11-16,43.0,excellent,19.0,42.0,20.0,3.0,0.4,45.0
北京,2024-11-17,29.0,excellent,6.0,28.0,18.0,3.0,0.23,45.0
北京,2024-11-18,41.0,excellent,16.0,42.0,31.0,3.0,0.46,19.0
北京,2024-11-19,57.0,good,34.0,66.0,39.0,3.0,0.61,12.0
北京,2024-11-20,65.0,good,46.0,78.0,40.0,3.0,0.65,16.0
北京,2024-11-21,25.0,excellent,12.0,23.0,26.0,3.0,0.32,36.0
北京,2024-11-22,32.0,excellent,11.0,31.0,36.0,3.0,0.43,25.0
北京,2024-11-23,51.0,good,30.0,54.0,29.0,3.0,0.6,26.0
北京,2024-11-24,88.0,good,65.0,98.0,43.0,3.0,0.86,8.0
北京,2024-11-25,48.0,excellent,30.0,45.0,21.0,3.0,0.45,38.0
北京,2024-11-26,19.0,excellent,2.0,8.0,4.0,3.0,0.2,59.0
北京,2024-11-27,19.0,excellent,4.0,16.0,4.0,3.0,0.2,56.0
北京,2024-11-28,19.0,excellent,5.0,18.0,7.0,3.0,0.2,51.0
北京,2024-11-29,30.0,excellent,12.0,28.0,28.0,3.0,0.31,34.0
北京,2024-11-30,43.0,excellent,19.0,45.0,43.0,3.0,0.51,18.0
北京,2024-12-01,51.0,good,27.0,57.0,36.0,4.0,0.51,25.0
北京,2024-12-02,22.0,excellent,4.0,13.0,10.0,2.0,0.24,53.0
北京,2024-12-03,36.0,excellent,14.0,36.0,30.0,2.0,0.35,27.0
北京,2024-12-04,34.0,excellent,16.0,34.0,31.0,3.0,0.35,32.0
北京,2024-12-05,21.0,excellent,8.0,20.0,15.0,2.0,0.25,46.0
北京,2024-12-06,24.0,excellent,9.0,22.0,22.0,2.0,0.28,35.0
北京,2024-12-07,17.0,excellent,6.0,14.0,6.0,2.0,0.2,54.0
北京,2024-12-08,27.0,excellent,11.0,27.0,26.0,3.0,0.34,34.0
北京,2024-12-09,44.0,excellent,22.0,46.0,41.0,3.0,0.53,17.0
北京,2024-12-10,38.0,excellent,20.0,39.0,35.0,3.0,0.45,25.0
北京,2024-12-11,39.0,excellent,22.0,41.0,32.0,3.0,0.48,28.0
北京,2024-12-12,64.0,good,43.0,76.0,48.0,3.0,0.74,8.0
北京,2024-12-13,25.0,excellent,10.0,25.0,10.0,3.0,0.23,51.0
北京,2024-12-14,26.0,excellent,9.0,26.0,17.0,2.0,0.28,47.0
北京,2024-12-15,34.0,excellent,13.0,35.0,24.0,2.0,0.35,44.0
北京,2024-12-16,35.0,excellent,15.0,35.0,32.0,3.0,0.4,35.0
北京,2024-12-17,20.0,excellent,7.0,17.0,13.0,2.0,0.26,54.0
北京,2024-12-18,22.0,excellent,7.0,17.0,14.0,2.0,0.27,51.0
北京,2024-12-19,44.0,excellent,24.0,48.0,44.0,3.0,0.5,18.0
北京,2024-12-20,40.0,excellent,23.0,43.0,26.0,2.0,0.4,34.0
北京,2024-12-21,19.0,excellent,6.0,17.0,6.0,2.0,0.23,56.0
北京,2024-12-22,27.0,excellent,13.0,27.0,27.0,2.0,0.37,38.0
北京,2024-12-23,40.0,excellent,21.0,41.0,39.0,3.0,0.55,25.0
北京,2024-12-24,66.0,good,43.0,75.0,58.0,4.0,0.81,11.0
北京,2024-12-25,63.0,good,35.0,71.0,34.0,2.0,0.59,35.0
北京,2024-12-26,25.0,excellent,9.0,25.0,14.0,2.0,0.25,48.0
北京,2024-12-27,19.0,excellent,6.0,18.0,5.0,2.0,0.2,56.0
北京,2024-12-28,39.0,excellent,13.0,40.0,24.0,3.0,0.33,40.0
北京,2024-12-29,62.0,good,32.0,75.0,53.0,3.0,0.6,13.0
北京,2024-12-30,65.0,good,24.0,88.0,19.0,3.0,0.35,52.0
北京,2024-12-31,47.0,excellent,22.0,53.0,36.0,3.0,0.47,32.0
上海,2024-01-01,82.0,good,60.0,90.0,40.0,7.0,0.85,54.0
上海,2024-01-02,58.0,good,35.0,66.0,48.0,7.0,0.68,46.0
上海,2024-01-03,103.0,lightly_polluted,77.0,106.0,48.0,7.0,1.05,48.0
上海,2024-01-04,121.0,lightly_polluted,91.0,128.0,64.0,8.0,1.25,46.0
上海,2024-01-05,100.0,good,75.0,105.0,77.0,9.0,1.03,40.0
上海,2024-01-06,165.0,moderately_polluted,125.0,160.0,81.0,10.0,1.43,40.0
上海,2024-01-07,76.0,good,56.0,71.0,38.0,8.0,0.84,51.0
上海,2024-01-08,25.0,excellent,12.0,24.0,44.0,6.0,0.55,34.0
上海,2024-01-09,93.0,good,67.0,95.0,71.0,8.0,0.89,25.0
上海,2024-01-10,123.0,lightly_polluted,93.0,116.0,45.0,7.0,1.06,34.0
上海,2024-01-11,124.0,lightly_polluted,93.0,124.0,69.0,8.0,1.05,34.0
上海,2024-01-12,128.0,lightly_polluted,97.0,133.0,94.0,9.0,1.15,28.0
上海,2024-01-13,158.0,moderately_polluted,120.0,169.0,91.0,11.0,1.34,46.0
上海,2024-01-14,103.0,lightly_polluted,76.0,101.0,45.0,8.0,0.95,81.0
上海,2024-01-15,29.0,excellent,18.0,28.0,24.0,6.0,0.62,62.0
上海,2024-01-16,28.0,excellent,8.0,27.0,37.0,6.0,0.55,48.0
上海,2024-01-17,41.0,excellent,16.0,46.0,50.0,7.0,0.65,49.0
上海,2024-01-18,67.0,good,48.0,68.0,46.0,7.0,0.99,9.0
上海,2024-01-19,47.0,excellent,33.0,44.0,28.0,6.0,0.81,54.0
上海,2024-01-20,45.0,excellent,32.0,36.0,40.0,6.0,1.07,16.0
上海,2024-01-21,58.0,good,42.0,50.0,27.0,5.0,0.83,34.0
上海,2024-01-22,39.0,excellent,27.0,37.0,20.0,6.0,0.67,53.0
上海,2024-01-23,37.0,excellent,22.0,37.0,25.0,7.0,0.76,48.0
上海,2024-01-24,50.0,excellent,30.0,53.0,42.0,9.0,0.88,36.0
上海,2024-01-25,63.0,good,44.0,72.0,66.0,10.0,0.99,25.0
上海,2024-01-26,91.0,good,68.0,103.0,77.0,11.0,1.13,25.0
上海,2024-01-27,113.0,lightly_polluted,85.0,123.0,81.0,11.0,1.16,23.0
上海,2024-01-28,120.0,lightly_polluted,91.0,130.0,71.0,10.0,1.08,37.0
上海,2024-01-29,110.0,lightly_polluted,83.0,112.0,56.0,9.0,0.9,57.0
上海,2024-01-30,38.0,excellent,26.0,33.0,40.0,6.0,0.65,48.0
上海,2024-01-31,28.0,excellent,18.0,20.0,51.0,5.0,0.67,15.0
上海,2024-02-01,24.0,excellent,13.0,16.0,31.0,5.0,0.65,50.0
上海,2024-02-02,27.0,excellent,12.0,27.0,21.0,5.0,0.57,60.0
上海,2024-02-03,20.0,excellent,11.0,14.0,23.0,5.0,0.67,58.0
上海,2024-02-04,30.0,excellent,20.0,26.0,32.0,5.0,0.85,40.0
上海,2024-02-05,48.0,excellent,33.0,37.0,22.0,5.0,0.83,54.0
上海,2024-02-06,75.0,good,54.0,63.0,27.0,6.0,0.87,60.0
上海,2024-02-07,47.0,excellent,32.0,42.0,22.0,6.0,0.81,74.0
上海,2024-02-08,70.0,good,50.0,64.0,23.0,7.0,0.9,88.0
上海,2024-02-09,171.0,moderately_polluted,134.0,151.0,39.0,9.0,1.26,84.0
上海,2024-02-10,200.0,moderately_polluted,163.0,201.0,33.0,11.0,1.07,78.0
上海,2024-02-11,108.0,lightly_polluted,81.0,117.0,31.0,8.0,0.91,74.0
上海,2024-02-12,85.0,good,58.0,109.0,23.0,8.0,0.75,99.0
上海,2024-02-13,53.0,good,29.0,58.0,16.0,7.0,0.6,96.0
上海,2024-02-14,60.0,good,42.0,59.0,27.0,8.0,0.61,70.0
上海,2024-02-15,48.0,excellent,31.0,40.0,23.0,6.0,0.6,64.0
上海,2024-02-16,26.0,excellent,12.0,24.0,14.0,6.0,0.49,81.0
上海,2024-02-17,27.0,excellent,12.0,26.0,19.0,6.0,0.5,80.0
上海,2024-02-18,29.0,excellent,17.0,29.0,20.0,6.0,0.6,65.0
上海,2024-02-19,47.0,excellent,32.0,41.0,28.0,6.0,0.78,36.0
上海,2024-02-20,22.0,excellent,13.0,20.0,17.0,5.0,0.56,59.0
上海,2024-02-21,16.0,excellent,8.0,9.0,21.0,5.0,0.68,45.0
上海,2024-02-22,25.0,excellent,17.0,22.0,21.0,5.0,0.72,46.0
上海,2024-02-23,48.0,excellent,34.0,44.0,28.0,6.0,0.88,43.0
上海,2024-02-24,55.0,good,38.0,44.0,31.0,6.0,1.03,41.0
上海,2024-02-25,84.0,good,62.0,70.0,22.0,6.0,0.85,73.0
上海,2024-02-26,66.0,good,46.0,62.0,23.0,7.0,0.78,88.0
上海,2024-02-27,55.0,good,32.0,59.0,27.0,7.0,0.7,78.0
上海,2024-02-28,36.0,excellent,23.0,32.0,45.0,6.0,0.65,44.0
上海,2024-02-29,24.0,excellent,14.0,15.0,42.0,6.0,0.86,34.0
上海,2024-03-01,39.0,excellent,19.0,39.0,16.0,6.0,0.57,82.0
上海,2024-03-02,58.0,good,36.0,65.0,36.0,7.0,0.64,72.0
上海,2024-03-03,64.0,good,46.0,70.0,36.0,7.0,0.65,82.0
上海,2024-03-04,36.0,excellent,21.0,34.0,36.0,6.0,0.56,68.0
上海,2024-03-05,37.0,excellent,25.0,25.0,48.0,6.0,0.98,27.0
上海,2024-03-06,52.0,good,36.0,53.0,28.0,7.0,0.75,75.0
上海,2024-03-07,47.0,excellent,28.0,48.0,35.0,7.0,0.67,69.0
上海,2024-03-08,78.0,good,56.0,77.0,35.0,6.0,0.72,78.0
上海,2024-03-09,83.0,good,61.0,83.0,44.0,7.0,0.69,74.0
上海,2024-03-10,46.0,excellent,31.0,42.0,28.0,6.0,0.46,90.0
上海,2024-03-11,59.0,good,39.0,60.0,53.0,7.0,0.66,58.0
上海,2024-03-12,99.0,good,74.0,102.0,56.0,7.0,0.85,63.0
上海,2024-03-13,49.0,excellent,32.0,46.0,42.0,7.0,0.6,68.0
上海,2024-03-14,55.0,good,32.0,61.0,65.0,8.0,0.61,36.0
上海,2024-03-15,39.0,excellent,23.0,39.0,48.0,7.0,0.52,51.0
上海,2024-03-16,38.0,excellent,25.0,36.0,39.0,6.0,0.56,58.0
上海,2024-03-17,70.0,good,38.0,79.0,35.0,6.0,0.7,56.0
上海,2024-03-18,60.0,good,19.0,71.0,27.0,7.0,0.52,75.0
上海,2024-03-19,76.0,good,40.0,98.0,37.0,8.0,0.66,64.0
上海,2024-03-20,103.0,lightly_polluted,31.0,157.0,41.0,8.0,0.6,65.0
上海,2024-03-21,64.0,good,26.0,79.0,34.0,8.0,0.57,97.0
上海,2024-03-22,65.0,good,26.0,81.0,31.0,8.0,0.63,119.0
上海,2024-03-23,71.0,good,43.0,93.0,71.0,9.0,0.78,51.0
上海,2024-03-24,83.0,good,61.0,77.0,57.0,8.0,0.99,31.0
上海,2024-03-25,62.0,good,44.0,42.0,39.0,6.0,0.79,52.0
上海,2024-03-26,40.0,excellent,27.0,30.0,27.0,6.0,0.69,80.0
上海,2024-03-27,41.0,excellent,25.0,29.0,25.0,6.0,0.6,90.0
上海,2024-03-28,52.0,good,37.0,42.0,42.0,6.0,0.88,50.0
上海,2024-03-29,60.0,good,40.0,54.0,46.0,7.0,0.87,75.0
上海,2024-03-30,65.0,good,39.0,70.0,59.0,9.0,0.79,92.0
上海,2024-03-31,71.0,good,51.0,75.0,37.0,7.0,0.85,92.0
上海,2024-04-01,62.0,good,39.0,73.0,42.0,7.0,0.75,85.0
上海,2024-04-02,34.0,excellent,19.0,28.0,35.0,7.0,0.7,70.0
上海,2024-04-03,31.0,excellent,21.0,25.0,27.0,6.0,0.74,64.0
上海,2024-04-04,44.0,excellent,28.0,41.0,26.0,8.0,0.69,104.0
上海,2024-04-05,52.0,good,29.0,54.0,22.0,7.0,0.62,118.0
上海,2024-04-06,43.0,excellent,29.0,40.0,26.0,6.0,0.6,88.0
上海,2024-04-07,43.0,excellent,29.0,38.0,37.0,6.0,0.6,73.0
上海,2024-04-08,38.0,excellent,24.0,27.0,37.0,6.0,0.69,80.0
上海,2024-04-09,61.0,good,43.0,56.0,49.0,8.0,0.73,80.0
上海,2024-04-10,61.0,good,40.0,63.0,32.0,7.0,0.62,98.0
上海,2024-04-11,47.0,excellent,26.0,48.0,31.0,7.0,0.57,75.0
上海,2024-04-12,33.0,excellent,20.0,28.0,37.0,6.0,0.55,43.0
上海,2024-04-13,27.0,excellent,18.0,18.0,25.0,6.0,0.5,60.0
上海,2024-04-14,25.0,excellent,14.0,18.0,27.0,6.0,0.58,59.0
上海,2024-04-15,60.0,good,42.0,43.0,32.0,6.0,0.8,72.0
上海,2024-04-16,48.0,excellent,34.0,34.0,37.0,7.0,0.73,75.0
上海,2024-04-17,30.0,excellent,14.0,18.0,29.0,6.0,0.58,82.0
上海,2024-04-18,70.0,good,30.0,89.0,39.0,8.0,0.74,65.0
上海,2024-04-19,109.0,lightly_polluted,39.0,169.0,30.0,7.0,0.5,80.0
上海,2024-04-20,51.0,good,27.0,55.0,23.0,7.0,0.71,85.0
上海,2024-04-21,36.0,excellent,24.0,32.0,26.0,6.0,0.68,81.0
上海,2024-04-22,34.0,excellent,23.0,28.0,29.0,6.0,0.64,74.0
上海,2024-04-23,39.0,excellent,27.0,31.0,32.0,6.0,0.7,79.0
上海,2024-04-24,48.0,excellent,29.0,40.0,33.0,8.0,0.67,91.0
上海,2024-04-25,34.0,excellent,11.0,33.0,30.0,8.0,0.5,87.0
上海,2024-04-26,38.0,excellent,16.0,38.0,21.0,6.0,0.51,102.0
上海,2024-04-27,30.0,excellent,18.0,28.0,23.0,6.0,0.53,84.0
上海,2024-04-28,31.0,excellent,18.0,25.0,27.0,6.0,0.59,57.0
上海,2024-04-29,42.0,excellent,29.0,30.0,29.0,6.0,0.73,57.0
上海,2024-04-30,38.0,excellent,26.0,33.0,27.0,7.0,0.59,87.0
上海,2024-05-01,40.0,excellent,24.0,29.0,24.0,7.0,0.58,95.0
上海,2024-05-02,37.0,excellent,18.0,35.0,25.0,7.0,0.51,86.0
上海,2024-05-03,39.0,excellent,18.0,35.0,21.0,7.0,0.48,99.0
上海,2024-05-04,36.0,excellent,23.0,31.0,22.0,7.0,0.5,86.0
上海,2024-05-05,33.0,excellent,23.0,27.0,25.0,6.0,0.78,65.0
上海,2024-05-06,58.0,good,40.0,45.0,29.0,7.0,0.84,94.0
上海,2024-05-07,70.0,good,47.0,55.0,31.0,7.0,0.77,122.0
上海,2024-05-08,48.0,excellent,29.0,37.0,29.0,7.0,0.7,95.0
上海,2024-05-09,27.0,excellent,12.0,21.0,26.0,7.0,0.45,82.0
上海,2024-05-10,35.0,excellent,12.0,29.0,20.0,7.0,0.48,105.0
上海,2024-05-11,52.0,good,32.0,50.0,29.0,7.0,0.67,69.0
上海,2024-05-12,64.0,good,30.0,72.0,25.0,7.0,0.64,93.0
上海,2024-05-13,65.0,good,24.0,81.0,39.0,8.0,0.63,86.0
上海,2024-05-14,45.0,excellent,17.0,39.0,29.0,8.0,0.5,110.0
上海,2024-05-15,46.0,excellent,21.0,50.0,24.0,7.0,0.55,101.0
上海,2024-05-16,39.0,excellent,15.0,33.0,32.0,8.0,0.45,93.0
上海,2024-05-17,42.0,excellent,14.0,35.0,22.0,8.0,0.47,116.0
上海,2024-05-18,37.0,excellent,14.0,34.0,15.0,7.0,0.5,102.0
上海,2024-05-19,32.0,excellent,15.0,31.0,13.0,7.0,0.44,82.0
上海,2024-05-20,28.0,excellent,14.0,25.0,13.0,6.0,0.48,76.0
上海,2024-05-21,27.0,excellent,16.0,24.0,18.0,8.0,0.48,76.0
上海,2024-05-22,37.0,excellent,22.0,37.0,22.0,8.0,0.49,80.0
上海,2024-05-23,30.0,excellent,15.0,22.0,15.0,6.0,0.48,88.0
上海,2024-05-24,28.0,excellent,14.0,21.0,14.0,6.0,0.49,88.0
上海,2024-05-25,25.0,excellent,14.0,22.0,13.0,6.0,0.5,77.0
上海,2024-05-26,34.0,excellent,19.0,28.0,18.0,7.0,0.58,89.0
上海,2024-05-27,35.0,excellent,17.0,22.0,15.0,7.0,0.55,99.0
上海,2024-05-28,32.0,excellent,11.0,19.0,21.0,7.0,0.45,99.0
上海,2024-05-29,34.0,excellent,13.0,25.0,25.0,7.0,0.44,94.0
上海,2024-05-30,40.0,excellent,18.0,37.0,19.0,7.0,0.5,108.0
上海,2024-05-31,58.0,good,41.0,39.0,31.0,6.0,0.84,76.0
上海,2024-06-01,63.0,good,44.0,37.0,27.0,7.0,0.72,89.0
上海,2024-06-02,31.0,excellent,13.0,15.0,23.0,7.0,0.48,96.0
上海,2024-06-03,58.0,good,22.0,38.0,32.0,9.0,0.58,133.0
上海,2024-06-04,60.0,good,32.0,53.0,19.0,8.0,0.65,144.0
上海,2024-06-05,33.0,excellent,20.0,29.0,19.0,7.0,0.53,100.0
上海,2024-06-06,38.0,excellent,11.0,13.0,18.0,6.0,0.52,120.0
上海,2024-06-07,32.0,excellent,14.0,18.0,22.0,7.0,0.5,91.0
上海,2024-06-08,32.0,excellent,17.0,22.0,18.0,7.0,0.59,92.0
上海,2024-06-09,52.0,good,24.0,27.0,24.0,7.0,0.57,115.0
上海,2024-06-10,41.0,excellent,17.0,22.0,18.0,7.0,0.53,111.0
上海,2024-06-11,29.0,excellent,10.0,14.0,16.0,6.0,0.51,92.0
上海,2024-06-12,34.0,excellent,23.0,28.0,22.0,6.0,0.62,75.0
上海,2024-06-13,58.0,good,41.0,38.0,21.0,6.0,0.65,106.0
上海,2024-06-14,45.0,excellent,28.0,25.0,19.0,7.0,0.61,102.0
上海,2024-06-15,31.0,excellent,18.0,23.0,20.0,7.0,0.6,88.0
上海,2024-06-16,36.0,excellent,19.0,24.0,24.0,7.0,0.55,80.0
上海,2024-06-17,29.0,excellent,11.0,16.0,17.0,6.0,0.5,90.0
上海,2024-06-18,34.0,excellent,12.0,19.0,18.0,6.0,0.5,109.0
上海,2024-06-19,26.0,excellent,11.0,18.0,22.0,6.0,0.58,63.0
上海,2024-06-20,28.0,excellent,19.0,19.0,26.0,5.0,0.71,44.0
上海,2024-06-21,42.0,excellent,29.0,32.0,47.0,6.0,0.82,14.0
上海,2024-06-22,39.0,excellent,27.0,29.0,34.0,5.0,0.7,44.0
上海,2024-06-23,27.0,excellent,15.0,21.0,23.0,5.0,0.64,68.0
上海,2024-06-24,37.0,excellent,25.0,29.0,31.0,6.0,0.66,51.0
上海,2024-06-25,34.0,excellent,23.0,30.0,31.0,5.0,0.64,73.0
上海,2024-06-26,29.0,excellent,16.0,15.0,24.0,5.0,0.59,70.0
上海,2024-06-27,18.0,excellent,10.0,10.0,27.0,5.0,0.63,43.0
上海,2024-06-28,21.0,excellent,14.0,16.0,26.0,5.0,0.62,42.0
上海,2024-06-29,30.0,excellent,20.0,24.0,21.0,5.0,0.6,59.0
上海,2024-06-30,23.0,excellent,15.0,20.0,25.0,5.0,0.6,36.0
上海,2024-07-01,35.0,excellent,24.0,29.0,24.0,5.0,0.61,67.0
上海,2024-07-02,28.0,excellent,16.0,22.0,17.0,6.0,0.55,69.0
上海,2024-07-03,33.0,excellent,16.0,24.0,22.0,6.0,0.62,98.0
上海,2024-07-04,43.0,excellent,24.0,36.0,26.0,6.0,0.61,96.0
上海,2024-07-05,53.0,good,28.0,41.0,29.0,7.0,0.65,104.0
上海,2024-07-06,46.0,excellent,23.0,37.0,20.0,7.0,0.62,107.0
上海,2024-07-07,50.0,excellent,27.0,42.0,20.0,7.0,0.63,113.0
上海,2024-07-08,44.0,excellent,24.0,39.0,21.0,6.0,0.58,106.0
上海,2024-07-09,42.0,excellent,21.0,40.0,24.0,7.0,0.58,98.0
上海,2024-07-10,41.0,excellent,24.0,40.0,27.0,6.0,0.65,69.0
上海,2024-07-11,26.0,excellent,14.0,23.0,25.0,6.0,0.65,67.0
上海,2024-07-12,29.0,excellent,20.0,20.0,29.0,6.0,0.67,59.0
上海,2024-07-13,50.0,excellent,35.0,36.0,31.0,6.0,0.69,60.0
上海,2024-07-14,68.0,good,49.0,42.0,28.0,6.0,0.68,77.0
上海,2024-07-15,49.0,excellent,34.0,36.0,34.0,7.0,0.63,75.0
上海,2024-07-16,25.0,excellent,12.0,19.0,19.0,7.0,0.49,58.0
上海,2024-07-17,34.0,excellent,15.0,31.0,18.0,7.0,0.48,81.0
上海,2024-07-18,39.0,excellent,21.0,35.0,23.0,7.0,0.57,80.0
上海,2024-07-19,49.0,excellent,24.0,38.0,27.0,8.0,0.58,108.0
上海,2024-07-20,37.0,excellent,18.0,31.0,20.0,9.0,0.52,90.0
上海,2024-07-21,36.0,excellent,16.0,31.0,18.0,8.0,0.53,80.0
上海,2024-07-22,27.0,excellent,11.0,23.0,15.0,8.0,0.45,69.0
上海,2024-07-23,22.0,excellent,8.0,20.0,13.0,7.0,0.43,53.0
上海,2024-07-24,25.0,excellent,8.0,25.0,11.0,6.0,0.43,32.0
上海,2024-07-25,29.0,excellent,8.0,28.0,10.0,6.0,0.42,39.0
上海,2024-07-26,34.0,excellent,11.0,34.0,9.0,6.0,0.48,43.0
上海,2024-07-27,27.0,excellent,11.0,27.0,7.0,6.0,0.44,49.0
上海,2024-07-28,23.0,excellent,10.0,23.0,9.0,6.0,0.43,52.0
上海,2024-07-29,21.0,excellent,8.0,18.0,12.0,7.0,0.4,53.0
上海,2024-07-30,21.0,excellent,7.0,18.0,13.0,7.0,0.42,50.0
上海,2024-07-31,35.0,excellent,14.0,27.0,15.0,7.0,0.5,95.0
上海,2024-08-01,40.0,excellent,19.0,33.0,20.0,6.0,0.58,99.0
上海,2024-08-02,69.0,good,28.0,44.0,23.0,7.0,0.71,141.0
上海,2024-08-03,60.0,good,30.0,42.0,20.0,7.0,0.66,143.0
上海,2024-08-04,38.0,excellent,19.0,33.0,19.0,6.0,0.57,93.0
上海,2024-08-05,39.0,excellent,20.0,33.0,17.0,6.0,0.56,94.0
上海,2024-08-06,33.0,excellent,18.0,32.0,14.0,7.0,0.5,72.0
上海,2024-08-07,33.0,excellent,20.0,28.0,14.0,7.0,0.5,67.0
上海,2024-08-08,42.0,excellent,20.0,35.0,22.0,6.0,0.58,85.0
上海,2024-08-09,40.0,excellent,18.0,32.0,21.0,6.0,0.55,87.0
上海,2024-08-10,45.0,excellent,20.0,36.0,17.0,7.0,0.61,101.0
上海,2024-08-11,53.0,good,26.0,42.0,18.0,6.0,0.69,115.0
上海,2024-08-12,53.0,good,31.0,48.0,25.0,6.0,0.8,112.0
上海,2024-08-13,38.0,excellent,26.0,36.0,16.0,6.0,0.7,101.0
上海,2024-08-14,24.0,excellent,11.0,19.0,16.0,6.0,0.58,76.0
上海,2024-08-15,30.0,excellent,14.0,27.0,15.0,6.0,0.57,78.0
上海,2024-08-16,34.0,excellent,23.0,32.0,17.0,6.0,0.53,60.0
上海,2024-08-17,25.0,excellent,14.0,21.0,13.0,6.0,0.5,66.0
上海,2024-08-18,19.0,excellent,9.0,16.0,13.0,6.0,0.5,58.0
上海,2024-08-19,19.0,excellent,9.0,18.0,13.0,6.0,0.5,49.0
上海,2024-08-20,32.0,excellent,14.0,24.0,14.0,6.0,0.55,77.0
上海,2024-08-21,25.0,excellent,10.0,20.0,16.0,6.0,0.62,72.0
上海,2024-08-22,55.0,good,26.0,36.0,19.0,6.0,0.73,122.0
上海,2024-08-23,44.0,excellent,18.0,30.0,21.0,7.0,0.69,113.0
上海,2024-08-24,36.0,excellent,19.0,29.0,14.0,6.0,0.6,98.0
上海,2024-08-25,29.0,excellent,15.0,25.0,15.0,6.0,0.57,77.0
上海,2024-08-26,26.0,excellent,12.0,23.0,16.0,6.0,0.54,68.0
上海,2024-08-27,42.0,excellent,23.0,42.0,26.0,7.0,0.77,81.0
上海,2024-08-28,36.0,excellent,23.0,24.0,18.0,6.0,0.79,68.0
上海,2024-08-29,24.0,excellent,10.0,16.0,13.0,6.0,0.6,74.0
上海,2024-08-30,30.0,excellent,15.0,26.0,19.0,7.0,0.68,77.0
上海,2024-08-31,33.0,excellent,14.0,26.0,19.0,7.0,0.6,96.0
上海,2024-09-01,46.0,excellent,19.0,33.0,18.0,7.0,0.64,128.0
上海,2024-09-02,43.0,excellent,21.0,34.0,19.0,7.0,0.69,112.0
上海,2024-09-03,26.0,excellent,15.0,26.0,19.0,6.0,0.65,71.0
上海,2024-09-04,29.0,excellent,15.0,23.0,17.0,7.0,0.62,80.0
上海,2024-09-05,25.0,excellent,13.0,21.0,15.0,7.0,0.59,73.0
上海,2024-09-06,40.0,excellent,25.0,41.0,17.0,8.0,0.58,58.0
上海,2024-09-07,45.0,excellent,31.0,43.0,17.0,8.0,0.53,59.0
上海,2024-09-08,28.0,excellent,19.0,26.0,16.0,8.0,0.52,50.0
上海,2024-09-09,22.0,excellent,12.0,21.0,15.0,7.0,0.5,43.0
上海,2024-09-10,29.0,excellent,18.0,28.0,16.0,7.0,0.59,55.0
上海,2024-09-11,13.0,excellent,5.0,13.0,14.0,6.0,0.5,27.0
上海,2024-09-12,26.0,excellent,14.0,23.0,15.0,6.0,0.55,71.0
上海,2024-09-13,19.0,excellent,7.0,17.0,15.0,6.0,0.47,41.0
上海,2024-09-14,18.0,excellent,9.0,17.0,17.0,7.0,0.49,32.0
上海,2024-09-15,22.0,excellent,10.0,22.0,9.0,6.0,0.53,52.0
上海,2024-09-16,17.0,excellent,6.0,14.0,7.0,6.0,0.56,44.0
上海,2024-09-17,21.0,excellent,7.0,21.0,9.0,6.0,0.48,32.0
上海,2024-09-18,24.0,excellent,9.0,24.0,12.0,7.0,0.5,34.0
上海,2024-09-19,26.0,excellent,8.0,26.0,11.0,6.0,0.5,22.0
上海,2024-09-20,15.0,excellent,8.0,13.0,20.0,6.0,0.62,35.0
上海,2024-09-21,19.0,excellent,9.0,18.0,17.0,6.0,0.64,41.0
上海,2024-09-22,29.0,excellent,10.0,29.0,16.0,7.0,0.58,75.0
上海,2024-09-23,30.0,excellent,10.0,27.0,22.0,7.0,0.65,75.0
上海,2024-09-24,26.0,excellent,14.0,26.0,30.0,6.0,0.69,58.0
上海,2024-09-25,27.0,excellent,18.0,22.0,38.0,6.0,0.72,34.0
上海,2024-09-26,25.0,excellent,12.0,14.0,34.0,7.0,0.61,48.0
上海,2024-09-27,30.0,excellent,12.0,26.0,22.0,6.0,0.59,89.0
上海,2024-09-28,36.0,excellent,17.0,33.0,20.0,7.0,0.6,100.0
上海,2024-09-29,34.0,excellent,13.0,34.0,19.0,7.0,0.52,71.0
上海,2024-09-30,34.0,excellent,18.0,34.0,16.0,7.0,0.53,64.0
上海,2024-10-01,22.0,excellent,7.0,18.0,14.0,6.0,0.55,61.0
上海,2024-10-02,28.0,excellent,9.0,23.0,14.0,7.0,0.52,85.0
上海,2024-10-03,28.0,excellent,8.0,20.0,14.0,7.0,0.47,84.0
上海,2024-10-04,28.0,excellent,8.0,19.0,15.0,7.0,0.49,90.0
上海,2024-10-05,27.0,excellent,6.0,17.0,14.0,6.0,0.5,85.0
上海,2024-10-06,26.0,excellent,6.0,10.0,17.0,6.0,0.56,80.0
上海,2024-10-07,29.0,excellent,7.0,11.0,15.0,6.0,0.58,89.0
上海,2024-10-08,46.0,excellent,30.0,30.0,22.0,7.0,0.75,70.0
上海,2024-10-09,35.0,excellent,21.0,34.0,36.0,7.0,0.63,71.0
上海,2024-10-10,66.0,good,46.0,64.0,55.0,9.0,0.87,81.0
上海,2024-10-11,72.0,good,52.0,72.0,49.0,7.0,0.81,89.0
上海,2024-10-12,66.0,good,45.0,45.0,33.0,7.0,0.69,96.0
上海,2024-10-13,28.0,excellent,10.0,20.0,25.0,7.0,0.51,86.0
上海,2024-10-14,38.0,excellent,17.0,37.0,32.0,7.0,0.66,69.0
上海,2024-10-15,52.0,good,36.0,46.0,37.0,7.0,0.84,61.0
上海,2024-10-16,32.0,excellent,19.0,19.0,27.0,7.0,0.6,70.0
上海,2024-10-17,34.0,excellent,19.0,31.0,22.0,7.0,0.62,77.0
上海,2024-10-18,42.0,excellent,24.0,39.0,28.0,7.0,0.65,73.0
上海,2024-10-19,27.0,excellent,14.0,26.0,18.0,7.0,0.65,59.0
上海,2024-10-20,36.0,excellent,11.0,36.0,24.0,7.0,0.56,55.0
上海,2024-10-21,40.0,excellent,24.0,40.0,42.0,7.0,0.96,22.0
上海,2024-10-22,51.0,good,36.0,48.0,32.0,7.0,0.99,35.0
上海,2024-10-23,44.0,excellent,31.0,31.0,25.0,8.0,0.73,59.0
上海,2024-10-24,25.0,excellent,11.0,21.0,21.0,7.0,0.52,78.0
上海,2024-10-25,34.0,excellent,11.0,34.0,19.0,7.0,0.55,86.0
上海,2024-10-26,19.0,excellent,5.0,10.0,19.0,6.0,0.51,56.0
上海,2024-10-27,22.0,excellent,8.0,14.0,23.0,6.0,0.57,56.0
上海,2024-10-28,55.0,good,39.0,44.0,26.0,7.0,0.72,76.0
上海,2024-10-29,24.0,excellent,12.0,18.0,32.0,7.0,0.61,62.0
上海,2024-10-30,29.0,excellent,13.0,29.0,22.0,7.0,0.57,82.0
上海,2024-10-31,26.0,excellent,11.0,22.0,24.0,6.0,0.55,71.0
上海,2024-11-01,26.0,excellent,3.0,6.0,11.0,6.0,0.55,81.0
上海,2024-11-02,51.0,good,34.0,49.0,24.0,7.0,0.83,87.0
上海,2024-11-03,75.0,good,55.0,61.0,40.0,8.0,0.91,75.0
上海,2024-11-04,62.0,good,44.0,52.0,36.0,8.0,0.84,80.0
上海,2024-11-05,25.0,excellent,10.0,24.0,20.0,7.0,0.53,72.0
上海,2024-11-06,26.0,excellent,8.0,22.0,25.0,7.0,0.51,67.0
上海,2024-11-07,26.0,excellent,8.0,25.0,27.0,7.0,0.48,62.0
上海,2024-11-08,28.0,excellent,9.0,26.0,29.0,7.0,0.51,66.0
上海,2024-11-09,31.0,excellent,11.0,31.0,25.0,6.0,0.56,64.0
上海,2024-11-10,30.0,excellent,17.0,30.0,24.0,6.0,0.63,71.0
上海,2024-11-11,42.0,excellent,28.0,34.0,33.0,7.0,0.64,77.0
上海,2024-11-12,45.0,excellent,30.0,41.0,40.0,7.0,0.64,68.0
上海,2024-11-13,52.0,good,37.0,41.0,38.0,7.0,0.68,69.0
上海,2024-11-14,35.0,excellent,23.0,34.0,32.0,7.0,0.67,62.0
上海,2024-11-15,52.0,good,37.0,35.0,37.0,7.0,0.76,28.0
上海,2024-11-16,46.0,excellent,32.0,28.0,28.0,6.0,0.67,50.0
上海,2024-11-17,23.0,excellent,11.0,18.0,18.0,6.0,0.53,70.0
上海,2024-11-18,26.0,excellent,7.0,25.0,14.0,7.0,0.4,64.0
上海,2024-11-19,25.0,excellent,7.0,25.0,20.0,7.0,0.42,63.0
上海,2024-11-20,28.0,excellent,11.0,28.0,32.0,7.0,0.5,44.0
上海,2024-11-21,59.0,good,40.0,59.0,43.0,8.0,0.68,37.0
上海,2024-11-22,79.0,good,58.0,71.0,42.0,8.0,0.72,56.0
上海,2024-11-23,21.0,excellent,9.0,16.0,26.0,7.0,0.45,59.0
上海,2024-11-24,24.0,excellent,10.0,23.0,31.0,7.0,0.44,53.0
上海,2024-11-25,30.0,excellent,15.0,30.0,31.0,7.0,0.55,47.0
上海,2024-11-26,38.0,excellent,24.0,34.0,24.0,7.0,0.61,49.0
上海,2024-11-27,57.0,good,20.0,67.0,31.0,8.0,0.58,47.0
上海,2024-11-28,68.0,good,19.0,86.0,33.0,8.0,0.55,44.0
上海,2024-11-29,52.0,good,18.0,56.0,42.0,9.0,0.6,37.0
上海,2024-11-30,62.0,good,38.0,74.0,68.0,10.0,0.78,31.0
上海,2024-12-01,59.0,good,37.0,68.0,61.0,9.0,0.72,47.0
上海,2024-12-02,81.0,good,59.0,92.0,75.0,10.0,0.92,42.0
上海,2024-12-03,75.0,good,53.0,75.0,37.0,7.0,0.75,69.0
上海,2024-12-04,29.0,excellent,17.0,29.0,29.0,7.0,0.55,64.0
上海,2024-12-05,50.0,excellent,33.0,51.0,40.0,7.0,0.71,51.0
上海,2024-12-06,133.0,lightly_polluted,101.0,128.0,56.0,8.0,1.03,44.0
上海,2024-12-07,129.0,lightly_polluted,97.0,116.0,42.0,8.0,0.9,65.0
上海,2024-12-08,26.0,excellent,17.0,24.0,26.0,7.0,0.58,55.0
上海,2024-12-09,31.0,excellent,17.0,31.0,39.0,7.0,0.6,47.0
上海,2024-12-10,36.0,excellent,21.0,35.0,42.0,7.0,0.58,45.0
上海,2024-12-11,54.0,good,38.0,43.0,39.0,7.0,0.82,46.0
上海,2024-12-12,51.0,good,35.0,42.0,38.0,7.0,0.83,38.0
上海,2024-12-13,61.0,good,42.0,62.0,37.0,7.0,0.75,49.0
上海,2024-12-14,72.0,good,52.0,66.0,40.0,8.0,0.87,38.0
上海,2024-12-15,61.0,good,41.0,70.0,51.0,9.0,0.8,33.0
上海,2024-12-16,64.0,good,45.0,77.0,68.0,9.0,0.82,31.0
上海,2024-12-17,77.0,good,56.0,88.0,84.0,9.0,1.0,27.0
上海,2024-12-18,63.0,good,45.0,62.0,45.0,8.0,0.76,47.0
上海,2024-12-19,36.0,excellent,23.0,35.0,37.0,7.0,0.68,36.0
上海,2024-12-20,51.0,good,31.0,54.0,54.0,7.0,0.72,28.0
上海,2024-12-21,85.0,good,62.0,92.0,51.0,9.0,0.85,38.0
上海,2024-12-22,47.0,excellent,32.0,47.0,33.0,8.0,0.73,41.0
上海,2024-12-23,35.0,excellent,20.0,35.0,34.0,7.0,0.57,45.0
上海,2024-12-24,44.0,excellent,28.0,45.0,40.0,7.0,0.62,47.0
上海,2024-12-25,61.0,good,42.0,66.0,71.0,8.0,0.67,20.0
上海,2024-12-26,124.0,lightly_polluted,93.0,118.0,56.0,10.0,1.02,47.0
上海,2024-12-27,44.0,excellent,26.0,46.0,40.0,7.0,0.66,49.0
上海,2024-12-28,57.0,good,35.0,65.0,44.0,10.0,0.8,35.0
上海,2024-12-29,68.0,good,46.0,84.0,59.0,9.0,0.8,36.0
上海,2024-12-30,65.0,good,45.0,73.0,57.0,9.0,0.73,42.0
上海,2024-12-31,74.0,good,46.0,85.0,55.0,9.0,0.82,43.0
广州,2024-01-01,79.0,good,58.0,87.0,43.0,7.0,0.98,69.0
广州,2024-01-02,71.0,good,51.0,86.0,37.0,5.0,0.91,74.0
广州,2024-01-03,31.0,excellent,19.0,32.0,23.0,5.0,0.87,57.0
广州,2024-01-04,42.0,excellent,26.0,46.0,39.0,6.0,0.67,54.0
广州,2024-01-05,69.0,good,49.0,88.0,67.0,7.0,0.9,63.0
广州,2024-01-06,78.0,good,53.0,94.0,66.0,7.0,0.93,76.0
广州,2024-01-07,61.0,good,43.0,69.0,43.0,8.0,0.84,73.0
广州,2024-01-08,65.0,good,46.0,78.0,45.0,6.0,0.85,82.0
广州,2024-01-09,56.0,good,37.0,62.0,50.0,6.0,0.88,44.0
广州,2024-01-10,29.0,excellent,15.0,27.0,24.0,5.0,0.8,54.0
广州,2024-01-11,44.0,excellent,27.0,46.0,37.0,6.0,0.75,56.0
广州,2024-01-12,66.0,good,46.0,79.0,65.0,8.0,0.87,41.0
广州,2024-01-13,87.0,good,63.0,110.0,73.0,8.0,1.0,66.0
广州,2024-01-14,66.0,good,44.0,82.0,66.0,7.0,0.85,61.0
广州,2024-01-15,63.0,good,41.0,76.0,65.0,7.0,0.83,59.0
广州,2024-01-16,57.0,good,33.0,63.0,42.0,6.0,0.7,80.0
广州,2024-01-17,54.0,good,35.0,62.0,46.0,6.0,0.78,63.0
广州,2024-01-18,43.0,excellent,23.0,44.0,46.0,5.0,0.7,54.0
广州,2024-01-19,53.0,good,26.0,56.0,51.0,6.0,0.7,57.0
广州,2024-01-20,42.0,excellent,23.0,44.0,38.0,5.0,0.83,23.0
广州,2024-01-21,24.0,excellent,12.0,24.0,26.0,6.0,0.97,38.0
广州,2024-01-22,18.0,excellent,8.0,17.0,20.0,5.0,0.82,33.0
广州,2024-01-23,31.0,excellent,20.0,29.0,16.0,5.0,0.66,57.0
广州,2024-01-24,32.0,excellent,21.0,31.0,18.0,5.0,0.54,57.0
广州,2024-01-25,37.0,excellent,25.0,37.0,24.0,6.0,0.52,52.0
广州,2024-01-26,44.0,excellent,28.0,45.0,32.0,6.0,0.59,39.0
广州,2024-01-27,48.0,excellent,32.0,47.0,31.0,5.0,0.64,27.0
广州,2024-01-28,41.0,excellent,28.0,34.0,25.0,4.0,0.65,34.0
广州,2024-01-29,55.0,good,39.0,55.0,42.0,6.0,0.82,15.0
广州,2024-01-30,71.0,good,51.0,82.0,50.0,6.0,1.02,10.0
广州,2024-01-31,64.0,good,44.0,75.0,51.0,6.0,1.11,28.0
广州,2024-02-01,40.0,excellent,21.0,40.0,44.0,5.0,0.83,24.0
广州,2024-02-02,30.0,excellent,14.0,29.0,28.0,5.0,0.62,39.0
广州,2024-02-03,28.0,excellent,14.0,27.0,24.0,5.0,0.62,48.0
广州,2024-02-04,26.0,excellent,16.0,26.0,29.0,5.0,0.69,25.0
广州,2024-02-05,16.0,excellent,8.0,16.0,17.0,5.0,0.83,14.0
广州,2024-02-06,23.0,excellent,14.0,23.0,19.0,5.0,0.9,18.0
广州,2024-02-07,11.0,excellent,4.0,7.0,13.0,4.0,0.99,19.0
广州,2024-02-08,11.0,excellent,3.0,6.0,10.0,4.0,0.82,34.0
广州,2024-02-09,25.0,excellent,17.0,20.0,10.0,5.0,0.75,44.0
广州,2024-02-10,66.0,good,47.0,56.0,12.0,8.0,0.74,64.0
广州,2024-02-11,69.0,good,50.0,62.0,18.0,7.0,0.65,58.0
广州,2024-02-12,64.0,good,46.0,59.0,20.0,6.0,0.57,67.0
广州,2024-02-13,51.0,good,34.0,51.0,18.0,5.0,0.56,73.0
广州,2024-02-14,49.0,excellent,31.0,48.0,17.0,5.0,0.57,67.0
广州,2024-02-15,43.0,excellent,28.0,43.0,16.0,5.0,0.59,63.0
广州,2024-02-16,32.0,excellent,19.0,29.0,12.0,5.0,0.78,79.0
广州,2024-02-17,30.0,excellent,19.0,30.0,15.0,6.0,0.58,67.0
广州,2024-02-18,28.0,excellent,15.0,28.0,15.0,5.0,0.54,63.0
广州,2024-02-19,31.0,excellent,17.0,31.0,20.0,5.0,0.57,36.0
广州,2024-02-20,22.0,excellent,13.0,22.0,14.0,5.0,0.5,44.0
广州,2024-02-21,29.0,excellent,18.0,29.0,15.0,5.0,0.53,54.0
广州,2024-02-22,27.0,excellent,14.0,27.0,21.0,5.0,0.61,24.0
广州,2024-02-23,21.0,excellent,10.0,21.0,16.0,5.0,0.7,18.0
广州,2024-02-24,22.0,excellent,14.0,22.0,15.0,5.0,0.73,22.0
广州,2024-02-25,18.0,excellent,12.0,17.0,15.0,5.0,0.79,26.0
广州,2024-02-26,23.0,excellent,15.0,22.0,18.0,5.0,0.83,20.0
广州,2024-02-27,19.0,excellent,11.0,19.0,17.0,5.0,0.74,30.0
广州,2024-02-28,44.0,excellent,27.0,47.0,28.0,5.0,0.84,15.0
广州,2024-02-29,28.0,excellent,15.0,27.0,25.0,5.0,0.92,10.0
广州,2024-03-01,20.0,excellent,11.0,18.0,15.0,5.0,0.79,46.0
广州,2024-03-02,25.0,excellent,17.0,24.0,23.0,5.0,0.73,48.0
广州,2024-03-03,45.0,excellent,30.0,47.0,40.0,5.0,0.84,21.0
广州,2024-03-04,43.0,excellent,29.0,42.0,41.0,5.0,0.9,24.0
广州,2024-03-05,37.0,excellent,22.0,37.0,36.0,5.0,0.77,26.0
广州,2024-03-06,35.0,excellent,19.0,35.0,25.0,5.0,0.92,18.0
广州,2024-03-07,31.0,excellent,18.0,31.0,21.0,5.0,0.87,47.0
广州,2024-03-08,39.0,excellent,24.0,40.0,26.0,6.0,0.7,74.0
广州,2024-03-09,47.0,excellent,32.0,48.0,36.0,5.0,0.77,41.0
广州,2024-03-10,17.0,excellent,10.0,14.0,28.0,4.0,0.77,27.0
广州,2024-03-11,19.0,excellent,11.0,15.0,33.0,5.0,0.88,24.0
广州,2024-03-12,38.0,excellent,19.0,34.0,37.0,6.0,0.8,65.0
广州,2024-03-13,61.0,good,32.0,72.0,57.0,6.0,0.75,52.0
广州,2024-03-14,60.0,good,38.0,71.0,44.0,6.0,0.77,44.0
广州,2024-03-15,56.0,good,34.0,62.0,41.0,6.0,0.82,28.0
广州,2024-03-16,63.0,good,43.0,76.0,49.0,6.0,0.95,25.0
广州,2024-03-17,57.0,good,36.0,65.0,49.0,6.0,0.89,23.0
广州,2024-03-18,53.0,good,32.0,58.0,41.0,5.0,0.79,26.0
广州,2024-03-19,25.0,excellent,7.0,21.0,22.0,5.0,0.75,53.0
广州,2024-03-20,67.0,good,23.0,85.0,28.0,6.0,0.55,85.0
广州,2024-03-21,59.0,good,23.0,68.0,36.0,6.0,0.58,87.0
广州,2024-03-22,57.0,good,24.0,63.0,34.0,5.0,0.63,64.0
广州,2024-03-23,48.0,excellent,20.0,49.0,34.0,5.0,0.63,37.0
广州,2024-03-24,41.0,excellent,22.0,41.0,21.0,5.0,0.6,47.0
广州,2024-03-25,40.0,excellent,21.0,41.0,33.0,5.0,0.65,38.0
广州,2024-03-26,45.0,excellent,25.0,46.0,31.0,6.0,0.74,71.0
广州,2024-03-27,45.0,excellent,24.0,45.0,32.0,6.0,0.72,72.0
广州,2024-03-28,47.0,excellent,25.0,50.0,32.0,5.0,0.67,68.0
广州,2024-03-29,53.0,good,32.0,58.0,42.0,7.0,0.74,70.0
广州,2024-03-30,41.0,excellent,24.0,41.0,40.0,5.0,0.69,43.0
广州,2024-03-31,40.0,excellent,22.0,40.0,30.0,5.0,0.62,26.0
广州,2024-04-01,46.0,excellent,29.0,46.0,23.0,5.0,0.59,20.0
广州,2024-04-02,51.0,good,35.0,48.0,17.0,5.0,0.51,45.0
广州,2024-04-03,32.0,excellent,17.0,32.0,24.0,5.0,0.55,24.0
广州,2024-04-04,29.0,excellent,15.0,29.0,20.0,5.0,0.56,28.0
广州,2024-04-05,22.0,excellent,13.0,20.0,23.0,4.0,0.7,30.0
广州,2024-04-06,26.0,excellent,16.0,20.0,25.0,4.0,0.66,25.0
广州,2024-04-07,17.0,excellent,9.0,15.0,28.0,5.0,0.74,9.0
广州,2024-04-08,21.0,excellent,11.0,21.0,25.0,5.0,0.88,11.0
广州,2024-04-09,24.0,excellent,12.0,24.0,22.0,5.0,0.77,50.0
广州,2024-04-10,44.0,excellent,23.0,41.0,29.0,6.0,0.79,74.0
广州,2024-04-11,57.0,good,30.0,57.0,36.0,6.0,0.73,94.0
广州,2024-04-12,56.0,good,34.0,61.0,40.0,6.0,0.75,66.0
广州,2024-04-13,53.0,good,31.0,55.0,36.0,6.0,0.75,66.0
广州,2024-04-14,37.0,excellent,19.0,37.0,24.0,5.0,0.61,50.0
广州,2024-04-15,42.0,excellent,22.0,42.0,28.0,5.0,0.63,41.0
广州,2024-04-16,42.0,excellent,24.0,42.0,25.0,5.0,0.59,48.0
广州,2024-04-17,37.0,excellent,20.0,38.0,24.0,5.0,0.61,37.0
广州,2024-04-18,34.0,excellent,19.0,33.0,31.0,5.0,0.66,44.0
广州,2024-04-19,28.0,excellent,15.0,28.0,30.0,5.0,0.63,28.0
广州,2024-04-20,25.0,excellent,11.0,20.0,20.0,4.0,0.58,53.0
广州,2024-04-21,20.0,excellent,11.0,16.0,28.0,5.0,0.63,49.0
广州,2024-04-22,32.0,excellent,22.0,32.0,38.0,5.0,0.75,43.0
广州,2024-04-23,27.0,excellent,18.0,26.0,45.0,5.0,0.75,24.0
广州,2024-04-24,36.0,excellent,23.0,36.0,37.0,5.0,0.83,46.0
广州,2024-04-25,23.0,excellent,11.0,21.0,30.0,5.0,0.64,44.0
广州,2024-04-26,29.0,excellent,17.0,28.0,32.0,5.0,0.69,54.0
广州,2024-04-27,33.0,excellent,19.0,33.0,33.0,5.0,0.72,39.0
广州,2024-04-28,22.0,excellent,13.0,21.0,31.0,5.0,0.7,55.0
广州,2024-04-29,26.0,excellent,13.0,26.0,29.0,5.0,0.64,28.0
广州,2024-04-30,28.0,excellent,13.0,24.0,21.0,5.0,0.64,61.0
广州,2024-05-01,19.0,excellent,12.0,19.0,19.0,5.0,0.75,47.0
广州,2024-05-02,25.0,excellent,13.0,25.0,21.0,5.0,0.73,26.0
广州,2024-05-03,38.0,excellent,24.0,38.0,32.0,5.0,0.82,22.0
广州,2024-05-04,25.0,excellent,15.0,23.0,28.0,5.0,0.64,47.0
广州,2024-05-05,32.0,excellent,19.0,28.0,28.0,5.0,0.65,76.0
广州,2024-05-06,54.0,good,28.0,43.0,36.0,5.0,0.79,84.0
广州,2024-05-07,44.0,excellent,22.0,32.0,27.0,5.0,0.78,95.0
广州,2024-05-08,29.0,excellent,18.0,28.0,27.0,5.0,0.73,61.0
广州,2024-05-09,48.0,excellent,28.0,44.0,29.0,5.0,0.76,89.0
广州,2024-05-10,52.0,good,25.0,49.0,31.0,6.0,0.63,104.0
广州,2024-05-11,41.0,excellent,18.0,41.0,26.0,5.0,0.6,80.0
广州,2024-05-12,34.0,excellent,15.0,31.0,26.0,5.0,0.62,52.0
广州,2024-05-13,38.0,excellent,17.0,38.0,23.0,5.0,0.63,77.0
广州,2024-05-14,59.0,good,23.0,49.0,26.0,5.0,0.61,111.0
广州,2024-05-15,68.0,good,26.0,55.0,34.0,6.0,0.63,127.0
广州,2024-05-16,68.0,good,25.0,53.0,35.0,6.0,0.58,125.0
广州,2024-05-17,62.0,good,32.0,63.0,32.0,6.0,0.62,130.0
广州,2024-05-18,43.0,excellent,25.0,43.0,29.0,5.0,0.62,81.0
广州,2024-05-19,30.0,excellent,20.0,29.0,25.0,5.0,0.63,53.0
广州,2024-05-20,14.0,excellent,8.0,13.0,25.0,5.0,0.65,32.0
广州,2024-05-21,12.0,excellent,6.0,9.0,22.0,4.0,0.63,30.0
广州,2024-05-22,27.0,excellent,14.0,23.0,28.0,5.0,0.69,51.0
广州,2024-05-23,30.0,excellent,17.0,27.0,32.0,4.0,0.71,44.0
广州,2024-05-24,16.0,excellent,7.0,12.0,31.0,4.0,0.68,28.0
广州,2024-05-25,27.0,excellent,14.0,21.0,27.0,5.0,0.61,59.0
广州,2024-05-26,23.0,excellent,13.0,22.0,28.0,5.0,0.6,34.0
广州,2024-05-27,23.0,excellent,14.0,23.0,26.0,4.0,0.61,30.0
广州,2024-05-28,21.0,excellent,12.0,18.0,22.0,4.0,0.65,50.0
广州,2024-05-29,36.0,excellent,13.0,25.0,20.0,5.0,0.61,102.0
广州,2024-05-30,34.0,excellent,16.0,33.0,26.0,5.0,0.61,75.0
广州,2024-05-31,19.0,excellent,10.0,17.0,19.0,4.0,0.6,45.0
广州,2024-06-01,17.0,excellent,6.0,10.0,15.0,4.0,0.65,50.0
广州,2024-06-02,28.0,excellent,14.0,20.0,19.0,5.0,0.79,69.0
广州,2024-06-03,25.0,excellent,15.0,25.0,27.0,5.0,0.79,48.0
广州,2024-06-04,27.0,excellent,14.0,25.0,22.0,5.0,0.67,79.0
广州,2024-06-05,29.0,excellent,19.0,27.0,27.0,5.0,0.72,53.0
广州,2024-06-06,17.0,excellent,8.0,16.0,22.0,4.0,0.73,31.0
广州,2024-06-07,22.0,excellent,14.0,22.0,25.0,5.0,0.76,30.0
广州,2024-06-08,20.0,excellent,13.0,19.0,26.0,4.0,0.71,36.0
广州,2024-06-09,18.0,excellent,11.0,18.0,27.0,5.0,0.65,27.0
广州,2024-06-10,21.0,excellent,10.0,19.0,20.0,4.0,0.61,29.0
广州,2024-06-11,22.0,excellent,10.0,21.0,23.0,4.0,0.62,32.0
广州,2024-06-12,31.0,excellent,16.0,29.0,26.0,4.0,0.66,45.0
广州,2024-06-13,31.0,excellent,16.0,31.0,25.0,4.0,0.65,51.0
广州,2024-06-14,26.0,excellent,13.0,26.0,24.0,4.0,0.63,38.0
广州,2024-06-15,19.0,excellent,10.0,19.0,25.0,4.0,0.59,34.0
广州,2024-06-16,23.0,excellent,12.0,22.0,30.0,4.0,0.61,27.0
广州,2024-06-17,27.0,excellent,13.0,26.0,20.0,4.0,0.58,42.0
广州,2024-06-18,24.0,excellent,11.0,24.0,21.0,4.0,0.56,39.0
广州,2024-06-19,28.0,excellent,12.0,27.0,20.0,5.0,0.58,48.0
广州,2024-06-20,26.0,excellent,11.0,25.0,17.0,4.0,0.56,54.0
广州,2024-06-21,23.0,excellent,10.0,21.0,17.0,5.0,0.53,46.0
广州,2024-06-22,33.0,excellent,21.0,31.0,15.0,5.0,0.5,46.0
广州,2024-06-23,17.0,excellent,6.0,14.0,15.0,5.0,0.51,42.0
广州,2024-06-24,17.0,excellent,7.0,16.0,18.0,5.0,0.54,39.0
广州,2024-06-25,19.0,excellent,8.0,18.0,19.0,4.0,0.56,37.0
广州,2024-06-26,24.0,excellent,13.0,23.0,22.0,5.0,0.61,43.0
广州,2024-06-27,28.0,excellent,12.0,25.0,22.0,5.0,0.58,49.0
广州,2024-06-28,24.0,excellent,9.0,21.0,18.0,4.0,0.5,46.0
广州,2024-06-29,21.0,excellent,9.0,20.0,17.0,4.0,0.5,42.0
广州,2024-06-30,24.0,excellent,11.0,24.0,13.0,4.0,0.51,46.0
广州,2024-07-01,29.0,excellent,14.0,29.0,13.0,4.0,0.58,52.0
广州,2024-07-02,25.0,excellent,12.0,25.0,16.0,4.0,0.6,44.0
广州,2024-07-03,21.0,excellent,8.0,19.0,16.0,4.0,0.57,39.0
广州,2024-07-04,22.0,excellent,11.0,21.0,22.0,4.0,0.57,37.0
广州,2024-07-05,31.0,excellent,15.0,27.0,21.0,5.0,0.58,63.0
广州,2024-07-06,25.0,excellent,9.0,20.0,18.0,5.0,0.52,55.0
广州,2024-07-07,20.0,excellent,7.0,17.0,16.0,5.0,0.5,43.0
广州,2024-07-08,24.0,excellent,11.0,21.0,15.0,5.0,0.51,58.0
广州,2024-07-09,26.0,excellent,10.0,21.0,16.0,5.0,0.5,64.0
广州,2024-07-10,24.0,excellent,8.0,18.0,16.0,5.0,0.5,61.0
广州,2024-07-11,21.0,excellent,8.0,18.0,17.0,5.0,0.55,53.0
广州,2024-07-12,21.0,excellent,9.0,18.0,18.0,5.0,0.56,52.0
广州,2024-07-13,20.0,excellent,7.0,17.0,16.0,5.0,0.6,46.0
广州,2024-07-14,25.0,excellent,14.0,24.0,19.0,5.0,0.58,48.0
广州,2024-07-15,22.0,excellent,8.0,19.0,16.0,5.0,0.56,45.0
广州,2024-07-16,19.0,excellent,7.0,17.0,17.0,5.0,0.55,38.0
广州,2024-07-17,21.0,excellent,8.0,18.0,19.0,5.0,0.55,42.0
广州,2024-07-18,19.0,excellent,10.0,19.0,22.0,5.0,0.59,24.0
广州,2024-07-19,23.0,excellent,11.0,22.0,22.0,5.0,0.6,29.0
广州,2024-07-20,24.0,excellent,10.0,23.0,20.0,5.0,0.62,31.0
广州,2024-07-21,22.0,excellent,8.0,21.0,16.0,5.0,0.58,36.0
广州,2024-07-22,24.0,excellent,9.0,23.0,17.0,5.0,0.6,45.0
广州,2024-07-23,30.0,excellent,12.0,25.0,20.0,5.0,0.62,67.0
广州,2024-07-24,35.0,excellent,15.0,29.0,19.0,5.0,0.61,79.0
广州,2024-07-25,41.0,excellent,22.0,39.0,19.0,6.0,0.67,89.0
广州,2024-07-26,38.0,excellent,22.0,38.0,20.0,6.0,0.73,78.0
广州,2024-07-27,23.0,excellent,13.0,20.0,25.0,5.0,0.68,44.0
广州,2024-07-28,13.0,excellent,7.0,12.0,20.0,5.0,0.61,27.0
广州,2024-07-29,16.0,excellent,8.0,15.0,18.0,5.0,0.61,30.0
广州,2024-07-30,15.0,excellent,7.0,14.0,18.0,5.0,0.58,31.0
广州,2024-07-31,18.0,excellent,9.0,18.0,20.0,5.0,0.63,31.0
广州,2024-08-01,28.0,excellent,14.0,27.0,18.0,5.0,0.63,42.0
广州,2024-08-02,33.0,excellent,17.0,33.0,21.0,5.0,0.64,46.0
广州,2024-08-03,36.0,excellent,16.0,31.0,20.0,5.0,0.62,70.0
广州,2024-08-04,51.0,good,23.0,40.0,22.0,5.0,0.63,90.0
广州,2024-08-05,50.0,excellent,28.0,46.0,25.0,6.0,0.67,90.0
广州,2024-08-06,50.0,excellent,26.0,45.0,31.0,6.0,0.69,88.0
广州,2024-08-07,56.0,good,28.0,47.0,41.0,6.0,0.73,87.0
广州,2024-08-08,45.0,excellent,23.0,42.0,28.0,6.0,0.67,80.0
广州,2024-08-09,36.0,excellent,17.0,33.0,19.0,5.0,0.58,79.0
广州,2024-08-10,31.0,excellent,15.0,31.0,18.0,5.0,0.61,62.0
广州,2024-08-11,28.0,excellent,14.0,27.0,19.0,5.0,0.62,52.0
广州,2024-08-12,32.0,excellent,16.0,30.0,29.0,5.0,0.65,52.0
广州,2024-08-13,32.0,excellent,18.0,31.0,26.0,5.0,0.64,63.0
广州,2024-08-14,34.0,excellent,19.0,34.0,35.0,5.0,0.72,37.0
广州,2024-08-15,21.0,excellent,12.0,21.0,29.0,5.0,0.65,26.0
广州,2024-08-16,26.0,excellent,12.0,23.0,26.0,5.0,0.64,41.0
广州,2024-08-17,17.0,excellent,10.0,17.0,22.0,5.0,0.66,42.0
广州,2024-08-18,22.0,excellent,13.0,19.0,23.0,5.0,0.7,49.0
广州,2024-08-19,25.0,excellent,16.0,22.0,26.0,5.0,0.74,45.0
广州,2024-08-20,30.0,excellent,18.0,29.0,24.0,5.0,0.71,46.0
广州,2024-08-21,17.0,excellent,10.0,16.0,29.0,5.0,0.64,16.0
广州,2024-08-22,25.0,excellent,13.0,24.0,29.0,5.0,0.64,28.0
广州,2024-08-23,34.0,excellent,20.0,34.0,32.0,5.0,0.71,37.0
广州,2024-08-24,47.0,excellent,25.0,42.0,28.0,5.0,0.68,73.0
广州,2024-08-25,32.0,excellent,17.0,31.0,23.0,5.0,0.63,61.0
广州,2024-08-26,44.0,excellent,24.0,38.0,29.0,5.0,0.68,78.0
广州,2024-08-27,46.0,excellent,26.0,43.0,26.0,5.0,0.69,77.0
广州,2024-08-28,48.0,excellent,30.0,47.0,28.0,6.0,0.76,71.0
广州,2024-08-29,32.0,excellent,17.0,26.0,22.0,4.0,0.72,68.0
广州,2024-08-30,32.0,excellent,18.0,28.0,24.0,4.0,0.69,76.0
广州,2024-08-31,25.0,excellent,12.0,23.0,24.0,4.0,0.61,43.0
广州,2024-09-01,34.0,excellent,15.0,28.0,23.0,4.0,0.65,67.0
广州,2024-09-02,48.0,excellent,20.0,35.0,22.0,5.0,0.65,97.0
广州,2024-09-03,41.0,excellent,19.0,32.0,24.0,5.0,0.69,97.0
广州,2024-09-04,37.0,excellent,21.0,34.0,24.0,5.0,0.76,86.0
广州,2024-09-05,26.0,excellent,14.0,25.0,21.0,5.0,0.68,45.0
广州,2024-09-06,13.0,excellent,6.0,11.0,13.0,4.0,0.6,36.0
广州,2024-09-07,17.0,excellent,9.0,15.0,14.0,5.0,0.61,46.0
广州,2024-09-08,18.0,excellent,9.0,17.0,17.0,5.0,0.63,39.0
广州,2024-09-09,22.0,excellent,10.0,19.0,21.0,5.0,0.65,45.0
广州,2024-09-10,32.0,excellent,15.0,28.0,28.0,5.0,0.7,54.0
广州,2024-09-11,53.0,good,25.0,43.0,31.0,5.0,0.73,83.0
广州,2024-09-12,49.0,excellent,28.0,47.0,31.0,6.0,0.75,83.0
广州,2024-09-13,39.0,excellent,24.0,38.0,30.0,5.0,0.75,74.0
广州,2024-09-14,34.0,excellent,22.0,32.0,30.0,5.0,0.74,49.0
广州,2024-09-15,25.0,excellent,11.0,19.0,20.0,5.0,0.64,55.0
广州,2024-09-16,27.0,excellent,13.0,25.0,20.0,5.0,0.62,41.0
广州,2024-09-17,30.0,excellent,18.0,30.0,17.0,5.0,0.66,43.0
广州,2024-09-18,21.0,excellent,11.0,18.0,15.0,5.0,0.59,49.0
广州,2024-09-19,34.0,excellent,16.0,32.0,23.0,6.0,0.6,61.0
广州,2024-09-20,29.0,excellent,17.0,27.0,21.0,5.0,0.61,61.0
广州,2024-09-21,17.0,excellent,9.0,16.0,19.0,5.0,0.63,35.0
广州,2024-09-22,19.0,excellent,8.0,18.0,14.0,5.0,0.65,39.0
广州,2024-09-23,20.0,excellent,10.0,17.0,14.0,5.0,0.62,61.0
广州,2024-09-24,18.0,excellent,10.0,16.0,22.0,5.0,0.69,38.0
广州,2024-09-25,37.0,excellent,21.0,34.0,27.0,5.0,0.77,59.0
广州,2024-09-26,48.0,excellent,27.0,46.0,34.0,6.0,0.8,67.0
广州,2024-09-27,43.0,excellent,24.0,42.0,32.0,6.0,0.75,65.0
广州,2024-09-28,46.0,excellent,27.0,45.0,31.0,7.0,0.74,63.0
广州,2024-09-29,41.0,excellent,18.0,35.0,26.0,6.0,0.67,83.0
广州,2024-09-30,37.0,excellent,19.0,34.0,24.0,7.0,0.64,61.0
广州,2024-10-01,30.0,excellent,16.0,30.0,16.0,7.0,0.6,60.0
广州,2024-10-02,27.0,excellent,10.0,25.0,12.0,7.0,0.5,79.0
广州,2024-10-03,39.0,excellent,14.0,38.0,14.0,7.0,0.5,112.0
广州,2024-10-04,37.0,excellent,16.0,34.0,17.0,7.0,0.58,105.0
广州,2024-10-05,39.0,excellent,22.0,37.0,19.0,8.0,0.63,93.0
广州,2024-10-06,41.0,excellent,25.0,40.0,19.0,8.0,0.65,94.0
广州,2024-10-07,46.0,excellent,28.0,46.0,17.0,8.0,0.68,112.0
广州,2024-10-08,66.0,good,47.0,67.0,17.0,8.0,0.78,121.0
广州,2024-10-09,47.0,excellent,31.0,44.0,18.0,7.0,0.69,96.0
广州,2024-10-10,32.0,excellent,18.0,29.0,18.0,6.0,0.63,88.0
广州,2024-10-11,41.0,excellent,25.0,40.0,25.0,7.0,0.68,82.0
广州,2024-10-12,56.0,good,36.0,57.0,33.0,7.0,0.82,95.0
广州,2024-10-13,58.0,good,32.0,55.0,31.0,6.0,0.78,104.0
广州,2024-10-14,50.0,excellent,23.0,45.0,30.0,6.0,0.71,88.0
广州,2024-10-15,50.0,excellent,27.0,47.0,32.0,6.0,0.73,83.0
广州,2024-10-16,40.0,excellent,23.0,40.0,28.0,6.0,0.71,63.0
广州,2024-10-17,38.0,excellent,18.0,35.0,24.0,6.0,0.67,74.0
广州,2024-10-18,44.0,excellent,25.0,47.0,33.0,6.0,0.73,55.0
广州,2024-10-19,46.0,excellent,28.0,47.0,31.0,7.0,0.73,64.0
广州,2024-10-20,33.0,excellent,20.0,33.0,19.0,6.0,0.73,60.0
广州,2024-10-21,29.0,excellent,17.0,28.0,17.0,6.0,0.7,64.0
广州,2024-10-22,27.0,excellent,14.0,26.0,18.0,6.0,0.63,60.0
广州,2024-10-23,25.0,excellent,10.0,23.0,16.0,6.0,0.65,67.0
广州,2024-10-24,34.0,excellent,14.0,33.0,20.0,8.0,0.51,95.0
广州,2024-10-25,39.0,excellent,21.0,39.0,19.0,8.0,0.54,102.0
广州,2024-10-26,39.0,excellent,25.0,39.0,15.0,6.0,0.6,84.0
广州,2024-10-27,27.0,excellent,18.0,27.0,14.0,6.0,0.69,67.0
广州,2024-10-28,21.0,excellent,7.0,16.0,13.0,6.0,0.66,66.0
广州,2024-10-29,24.0,excellent,13.0,23.0,15.0,6.0,0.58,63.0
广州,2024-10-30,38.0,excellent,25.0,38.0,18.0,7.0,0.68,74.0
广州,2024-10-31,38.0,excellent,21.0,37.0,20.0,8.0,0.65,81.0
广州,2024-11-01,40.0,excellent,25.0,40.0,16.0,8.0,0.64,95.0
广州,2024-11-02,33.0,excellent,20.0,33.0,19.0,7.0,0.66,75.0
广州,2024-11-03,47.0,excellent,28.0,46.0,27.0,8.0,0.7,85.0
广州,2024-11-04,47.0,excellent,29.0,47.0,25.0,9.0,0.74,77.0
广州,2024-11-05,37.0,excellent,23.0,37.0,20.0,7.0,0.67,85.0
广州,2024-11-06,54.0,good,36.0,55.0,19.0,7.0,0.78,112.0
广州,2024-11-07,43.0,excellent,22.0,42.0,22.0,7.0,0.58,98.0
广州,2024-11-08,42.0,excellent,21.0,42.0,26.0,8.0,0.52,96.0
广州,2024-11-09,46.0,excellent,27.0,48.0,30.0,8.0,0.56,85.0
广州,2024-11-10,49.0,excellent,32.0,51.0,27.0,9.0,0.69,74.0
广州,2024-11-11,47.0,excellent,31.0,47.0,29.0,8.0,0.68,71.0
广州,2024-11-12,43.0,excellent,26.0,43.0,30.0,7.0,0.65,65.0
广州,2024-11-13,40.0,excellent,25.0,40.0,29.0,7.0,0.67,45.0
广州,2024-11-14,27.0,excellent,16.0,27.0,23.0,6.0,0.67,28.0
广州,2024-11-15,15.0,excellent,10.0,14.0,25.0,5.0,0.69,22.0
广州,2024-11-16,14.0,excellent,7.0,14.0,22.0,5.0,0.72,15.0
广州,2024-11-17,24.0,excellent,13.0,24.0,17.0,6.0,0.66,35.0
广州,2024-11-18,22.0,excellent,12.0,22.0,14.0,6.0,0.78,51.0
广州,2024-11-19,17.0,excellent,10.0,17.0,16.0,5.0,0.65,32.0
广州,2024-11-20,18.0,excellent,12.0,16.0,17.0,5.0,0.62,30.0
广州,2024-11-21,24.0,excellent,16.0,23.0,16.0,6.0,0.6,45.0
广州,2024-11-22,29.0,excellent,19.0,29.0,14.0,5.0,0.59,49.0
广州,2024-11-23,32.0,excellent,22.0,31.0,17.0,5.0,0.58,57.0
广州,2024-11-24,41.0,excellent,28.0,40.0,26.0,6.0,0.65,40.0
广州,2024-11-25,25.0,excellent,17.0,23.0,27.0,5.0,0.7,27.0
广州,2024-11-26,21.0,excellent,7.0,18.0,16.0,5.0,0.67,53.0
广州,2024-11-27,32.0,excellent,12.0,32.0,21.0,6.0,0.45,64.0
广州,2024-11-28,38.0,excellent,15.0,38.0,26.0,7.0,0.46,62.0
广州,2024-11-29,39.0,excellent,17.0,39.0,31.0,6.0,0.49,57.0
广州,2024-11-30,48.0,excellent,23.0,51.0,44.0,7.0,0.53,44.0
广州,2024-12-01,63.0,good,38.0,75.0,58.0,7.0,0.74,55.0
广州,2024-12-02,73.0,good,45.0,87.0,68.0,7.0,0.85,65.0
广州,2024-12-03,66.0,good,43.0,78.0,68.0,7.0,0.84,59.0
广州,2024-12-04,60.0,good,38.0,70.0,59.0,7.0,0.81,55.0
广州,2024-12-05,60.0,good,39.0,68.0,42.0,6.0,0.77,59.0
广州,2024-12-06,65.0,good,46.0,65.0,27.0,6.0,0.78,65.0
广州,2024-12-07,44.0,excellent,30.0,43.0,19.0,5.0,0.75,62.0
广州,2024-12-08,31.0,excellent,19.0,31.0,17.0,6.0,0.64,70.0
广州,2024-12-09,55.0,good,38.0,59.0,32.0,6.0,0.73,56.0
广州,2024-12-10,57.0,good,37.0,63.0,51.0,7.0,0.84,42.0
广州,2024-12-11,56.0,good,37.0,62.0,40.0,8.0,0.87,32.0
广州,2024-12-12,27.0,excellent,14.0,27.0,24.0,6.0,0.81,38.0
广州,2024-12-13,38.0,excellent,23.0,38.0,20.0,7.0,0.8,40.0
广州,2024-12-14,57.0,good,40.0,60.0,17.0,7.0,0.65,81.0
广州,2024-12-15,45.0,excellent,24.0,45.0,20.0,7.0,0.51,75.0
广州,2024-12-16,43.0,excellent,22.0,46.0,35.0,7.0,0.54,59.0
广州,2024-12-17,55.0,good,30.0,60.0,54.0,7.0,0.67,41.0
广州,2024-12-18,44.0,excellent,22.0,45.0,30.0,8.0,0.49,69.0
广州,2024-12-19,55.0,good,38.0,58.0,24.0,7.0,0.52,95.0
广州,2024-12-20,59.0,good,41.0,61.0,41.0,7.0,0.61,76.0
广州,2024-12-21,50.0,excellent,32.0,52.0,39.0,7.0,0.59,68.0
广州,2024-12-22,58.0,good,41.0,61.0,26.0,7.0,0.6,93.0
广州,2024-12-23,67.0,good,48.0,73.0,34.0,8.0,0.69,83.0
广州,2024-12-24,65.0,good,46.0,71.0,32.0,8.0,0.7,80.0
广州,2024-12-25,57.0,good,40.0,63.0,36.0,7.0,0.69,67.0
广州,2024-12-26,60.0,good,43.0,64.0,32.0,8.0,0.75,60.0
广州,2024-12-27,67.0,good,48.0,72.0,31.0,9.0,0.8,75.0
广州,2024-12-28,64.0,good,45.0,70.0,21.0,8.0,0.65,98.0
广州,2024-12-29,76.0,good,56.0,87.0,43.0,8.0,0.73,88.0
广州,2024-12-30,89.0,good,66.0,105.0,70.0,8.0,0.92,60.0
广州,2024-12-31,73.0,good,53.0,84.0,52.0,9.0,0.89,78.0
深圳,2024-01-01,60.0,good,42.0,68.0,19.0,5.0,0.69,119.0
深圳,2024-01-02,58.0,good,37.0,65.0,23.0,5.0,0.7,103.0
深圳,2024-01-03,48.0,excellent,29.0,53.0,29.0,5.0,0.73,60.0
深圳,2024-01-04,40.0,excellent,19.0,41.0,27.0,4.0,0.59,76.0
深圳,2024-01-05,52.0,good,28.0,55.0,42.0,5.0,0.63,77.0
深圳,2024-01-06,76.0,good,47.0,85.0,57.0,5.0,0.73,94.0
深圳,2024-01-07,59.0,good,39.0,64.0,28.0,5.0,0.69,103.0
深圳,2024-01-08,56.0,good,37.0,62.0,22.0,5.0,0.71,114.0
深圳,2024-01-09,55.0,good,34.0,61.0,37.0,5.0,0.65,85.0
深圳,2024-01-10,34.0,excellent,17.0,35.0,22.0,4.0,0.63,67.0
深圳,2024-01-11,45.0,excellent,27.0,48.0,24.0,5.0,0.64,78.0
深圳,2024-01-12,62.0,good,44.0,71.0,32.0,5.0,0.69,102.0
深圳,2024-01-13,51.0,good,32.0,55.0,34.0,5.0,0.62,93.0
深圳,2024-01-14,40.0,excellent,17.0,41.0,36.0,4.0,0.5,64.0
深圳,2024-01-15,49.0,excellent,22.0,50.0,34.0,5.0,0.56,72.0
深圳,2024-01-16,46.0,excellent,25.0,46.0,15.0,4.0,0.59,100.0
深圳,2024-01-17,42.0,excellent,23.0,42.0,26.0,5.0,0.54,72.0
深圳,2024-01-18,40.0,excellent,17.0,40.0,30.0,5.0,0.49,57.0
深圳,2024-01-19,35.0,excellent,13.0,33.0,27.0,4.0,0.5,60.0
深圳,2024-01-20,40.0,excellent,20.0,42.0,24.0,4.0,0.54,69.0
深圳,2024-01-21,34.0,excellent,14.0,34.0,23.0,5.0,0.8,53.0
深圳,2024-01-22,32.0,excellent,13.0,32.0,18.0,4.0,0.73,35.0
深圳,2024-01-23,29.0,excellent,13.0,28.0,14.0,3.0,0.63,43.0
深圳,2024-01-24,40.0,excellent,23.0,40.0,20.0,4.0,0.5,49.0
深圳,2024-01-25,44.0,excellent,25.0,45.0,27.0,4.0,0.5,47.0
深圳,2024-01-26,49.0,excellent,29.0,51.0,33.0,4.0,0.52,38.0
深圳,2024-01-27,53.0,good,34.0,57.0,33.0,4.0,0.55,32.0
深圳,2024-01-28,34.0,excellent,22.0,33.0,25.0,3.0,0.58,24.0
深圳,2024-01-29,44.0,excellent,30.0,44.0,34.0,4.0,0.68,19.0
深圳,2024-01-30,50.0,excellent,33.0,53.0,38.0,4.0,0.74,31.0
深圳,2024-01-31,37.0,excellent,20.0,37.0,22.0,3.0,0.62,50.0
深圳,2024-02-01,24.0,excellent,11.0,23.0,21.0,4.0,0.52,47.0
深圳,2024-02-02,22.0,excellent,10.0,21.0,18.0,4.0,0.51,44.0
深圳,2024-02-03,21.0,excellent,8.0,17.0,12.0,4.0,0.48,65.0
深圳,2024-02-04,22.0,excellent,12.0,22.0,14.0,4.0,0.5,59.0
深圳,2024-02-05,21.0,excellent,12.0,21.0,16.0,4.0,0.58,38.0
深圳,2024-02-06,23.0,excellent,11.0,20.0,9.0,4.0,0.55,71.0
深圳,2024-02-07,15.0,excellent,7.0,13.0,10.0,4.0,0.73,34.0
深圳,2024-02-08,9.0,excellent,1.0,5.0,5.0,3.0,0.72,27.0
深圳,2024-02-09,21.0,excellent,13.0,18.0,4.0,4.0,0.74,38.0
深圳,2024-02-10,65.0,good,47.0,55.0,8.0,5.0,0.69,64.0
深圳,2024-02-11,65.0,good,47.0,57.0,10.0,4.0,0.58,65.0
深圳,2024-02-12,37.0,excellent,22.0,37.0,7.0,4.0,0.42,86.0
深圳,2024-02-13,44.0,excellent,25.0,44.0,8.0,3.0,0.5,90.0
深圳,2024-02-14,39.0,excellent,22.0,38.0,10.0,4.0,0.5,71.0
深圳,2024-02-15,36.0,excellent,20.0,34.0,12.0,4.0,0.49,66.0
深圳,2024-02-16,35.0,excellent,22.0,35.0,12.0,4.0,0.65,66.0
深圳,2024-02-17,26.0,excellent,11.0,22.0,7.0,4.0,0.5,81.0
深圳,2024-02-18,29.0,excellent,14.0,29.0,9.0,4.0,0.51,69.0
深圳,2024-02-19,26.0,excellent,14.0,26.0,15.0,4.0,0.51,36.0
深圳,2024-02-20,19.0,excellent,10.0,19.0,11.0,4.0,0.47,44.0
深圳,2024-02-21,22.0,excellent,12.0,20.0,11.0,4.0,0.47,52.0
深圳,2024-02-22,25.0,excellent,15.0,25.0,12.0,4.0,0.43,40.0
深圳,2024-02-23,35.0,excellent,19.0,35.0,18.0,4.0,0.65,28.0
深圳,2024-02-24,30.0,excellent,15.0,30.0,15.0,4.0,0.69,29.0
深圳,2024-02-25,23.0,excellent,12.0,23.0,13.0,4.0,0.7,32.0
深圳,2024-02-26,40.0,excellent,22.0,40.0,22.0,4.0,0.77,39.0
深圳,2024-02-27,33.0,excellent,17.0,33.0,20.0,4.0,0.75,41.0
深圳,2024-02-28,45.0,excellent,24.0,47.0,29.0,4.0,0.74,45.0
深圳,2024-02-29,51.0,good,35.0,58.0,36.0,4.0,0.82,20.0
深圳,2024-03-01,20.0,excellent,6.0,16.0,15.0,4.0,0.75,49.0
深圳,2024-03-02,24.0,excellent,13.0,24.0,19.0,4.0,0.73,49.0
深圳,2024-03-03,37.0,excellent,21.0,37.0,21.0,4.0,0.74,50.0
深圳,2024-03-04,34.0,excellent,17.0,33.0,15.0,4.0,0.61,76.0
深圳,2024-03-05,34.0,excellent,18.0,34.0,19.0,4.0,0.57,39.0
深圳,2024-03-06,42.0,excellent,27.0,41.0,26.0,5.0,0.73,23.0
深圳,2024-03-07,38.0,excellent,19.0,38.0,18.0,5.0,0.8,44.0
深圳,2024-03-08,36.0,excellent,21.0,36.0,15.0,5.0,0.73,78.0
深圳,2024-03-09,55.0,good,34.0,60.0,21.0,5.0,0.75,90.0
深圳,2024-03-10,23.0,excellent,15.0,23.0,21.0,4.0,0.76,43.0
深圳,2024-03-11,26.0,excellent,17.0,24.0,24.0,4.0,0.72,47.0
深圳,2024-03-12,25.0,excellent,9.0,17.0,19.0,5.0,0.67,71.0
深圳,2024-03-13,63.0,good,26.0,77.0,22.0,5.0,0.55,100.0
深圳,2024-03-14,61.0,good,30.0,72.0,16.0,5.0,0.58,109.0
深圳,2024-03-15,66.0,good,38.0,83.0,21.0,5.0,0.63,77.0
深圳,2024-03-16,56.0,good,32.0,62.0,22.0,5.0,0.63,63.0
深圳,2024-03-17,43.0,excellent,24.0,45.0,27.0,5.0,0.62,40.0
深圳,2024-03-18,41.0,excellent,22.0,41.0,26.0,5.0,0.65,44.0
深圳,2024-03-19,29.0,excellent,11.0,24.0,18.0,5.0,0.7,69.0
深圳,2024-03-20,56.0,good,20.0,62.0,17.0,6.0,0.54,100.0
深圳,2024-03-21,51.0,good,16.0,54.0,14.0,5.0,0.49,117.0
深圳,2024-03-22,52.0,good,18.0,54.0,13.0,5.0,0.54,92.0
深圳,2024-03-23,43.0,excellent,16.0,43.0,14.0,5.0,0.5,61.0
深圳,2024-03-24,29.0,excellent,14.0,28.0,14.0,5.0,0.5,49.0
深圳,2024-03-25,29.0,excellent,15.0,29.0,19.0,6.0,0.5,38.0
深圳,2024-03-26,57.0,good,33.0,57.0,28.0,6.0,0.61,84.0
深圳,2024-03-27,33.0,excellent,15.0,29.0,11.0,5.0,0.61,104.0
深圳,2024-03-28,39.0,excellent,18.0,39.0,25.0,5.0,0.6,71.0
深圳,2024-03-29,55.0,good,31.0,60.0,37.0,5.0,0.68,73.0
深圳,2024-03-30,34.0,excellent,19.0,35.0,21.0,5.0,0.55,59.0
深圳,2024-03-31,26.0,excellent,15.0,26.0,15.0,5.0,0.5,22.0
深圳,2024-04-01,46.0,excellent,31.0,42.0,11.0,5.0,0.45,34.0
深圳,2024-04-02,46.0,excellent,32.0,41.0,10.0,5.0,0.42,50.0
深圳,2024-04-03,19.0,excellent,8.0,19.0,12.0,5.0,0.41,36.0
深圳,2024-04-04,22.0,excellent,10.0,22.0,10.0,4.0,0.41,35.0
深圳,2024-04-05,39.0,excellent,26.0,38.0,10.0,4.0,0.43,49.0
深圳,2024-04-06,26.0,excellent,13.0,24.0,12.0,4.0,0.55,67.0
深圳,2024-04-07,27.0,excellent,15.0,27.0,17.0,4.0,0.58,42.0
深圳,2024-04-08,33.0,excellent,19.0,33.0,24.0,4.0,0.68,29.0
深圳,2024-04-09,20.0,excellent,8.0,20.0,19.0,5.0,0.79,34.0
深圳,2024-04-10,36.0,excellent,16.0,34.0,17.0,5.0,0.6,81.0
深圳,2024-04-11,43.0,excellent,23.0,43.0,18.0,5.0,0.54,107.0
深圳,2024-04-12,44.0,excellent,25.0,44.0,30.0,5.0,0.57,71.0
深圳,2024-04-13,41.0,excellent,24.0,41.0,28.0,5.0,0.6,56.0
深圳,2024-04-14,25.0,excellent,13.0,25.0,13.0,4.0,0.5,49.0
深圳,2024-04-15,31.0,excellent,17.0,31.0,19.0,5.0,0.51,34.0
深圳,2024-04-16,31.0,excellent,19.0,30.0,19.0,5.0,0.45,34.0
深圳,2024-04-17,25.0,excellent,14.0,25.0,13.0,5.0,0.44,35.0
深圳,2024-04-18,25.0,excellent,13.0,25.0,25.0,4.0,0.53,36.0
深圳,2024-04-19,24.0,excellent,11.0,24.0,12.0,4.0,0.5,46.0
深圳,2024-04-20,24.0,excellent,11.0,22.0,10.0,4.0,0.53,53.0
深圳,2024-04-21,18.0,excellent,8.0,16.0,17.0,5.0,0.55,48.0
深圳,2024-04-22,31.0,excellent,18.0,31.0,34.0,5.0,0.67,24.0
深圳,2024-04-23,25.0,excellent,14.0,24.0,28.0,4.0,0.63,32.0
深圳,2024-04-24,38.0,excellent,23.0,38.0,29.0,4.0,0.68,46.0
深圳,2024-04-25,22.0,excellent,6.0,15.0,16.0,4.0,0.55,59.0
深圳,2024-04-26,25.0,excellent,11.0,25.0,21.0,4.0,0.6,37.0
深圳,2024-04-27,32.0,excellent,14.0,32.0,18.0,4.0,0.53,21.0
深圳,2024-04-28,27.0,excellent,4.0,13.0,10.0,4.0,0.52,84.0
深圳,2024-04-29,23.0,excellent,9.0,23.0,12.0,4.0,0.51,42.0
深圳,2024-04-30,28.0,excellent,12.0,28.0,14.0,4.0,0.53,38.0
深圳,2024-05-01,24.0,excellent,9.0,19.0,19.0,4.0,0.66,62.0
深圳,2024-05-02,28.0,excellent,14.0,27.0,13.0,4.0,0.66,62.0
深圳,2024-05-03,33.0,excellent,13.0,27.0,9.0,4.0,0.57,103.0
深圳,2024-05-04,26.0,excellent,9.0,19.0,11.0,4.0,0.58,82.0
深圳,2024-05-05,24.0,excellent,11.0,20.0,19.0,5.0,0.6,67.0
深圳,2024-05-06,29.0,excellent,16.0,29.0,26.0,5.0,0.59,48.0
深圳,2024-05-07,37.0,excellent,23.0,37.0,24.0,5.0,0.65,95.0
深圳,2024-05-08,37.0,excellent,24.0,35.0,19.0,5.0,0.65,89.0
深圳,2024-05-09,44.0,excellent,19.0,34.0,13.0,5.0,0.62,132.0
深圳,2024-05-10,39.0,excellent,15.0,34.0,11.0,5.0,0.5,125.0
深圳,2024-05-11,32.0,excellent,12.0,32.0,12.0,5.0,0.52,82.0
深圳,2024-05-12,37.0,excellent,17.0,37.0,22.0,5.0,0.6,56.0
深圳,2024-05-13,37.0,excellent,16.0,33.0,22.0,5.0,0.68,69.0
深圳,2024-05-14,37.0,excellent,9.0,26.0,13.0,5.0,0.55,118.0
深圳,2024-05-15,46.0,excellent,16.0,38.0,19.0,5.0,0.5,131.0
深圳,2024-05-16,56.0,good,20.0,45.0,17.0,5.0,0.5,147.0
深圳,2024-05-17,44.0,excellent,17.0,43.0,19.0,5.0,0.5,123.0
深圳,2024-05-18,39.0,excellent,18.0,37.0,19.0,6.0,0.53,97.0
深圳,2024-05-19,33.0,excellent,16.0,32.0,12.0,5.0,0.52,92.0
深圳,2024-05-20,18.0,excellent,8.0,16.0,14.0,5.0,0.54,55.0
深圳,2024-05-21,16.0,excellent,7.0,14.0,21.0,4.0,0.58,40.0
深圳,2024-05-22,24.0,excellent,12.0,24.0,23.0,5.0,0.61,42.0
深圳,2024-05-23,18.0,excellent,6.0,14.0,17.0,4.0,0.57,49.0
深圳,2024-05-24,14.0,excellent,4.0,11.0,21.0,4.0,0.58,34.0
深圳,2024-05-25,18.0,excellent,8.0,17.0,17.0,4.0,0.53,35.0
深圳,2024-05-26,19.0,excellent,11.0,19.0,14.0,4.0,0.51,31.0
深圳,2024-05-27,20.0,excellent,11.0,20.0,15.0,4.0,0.51,27.0
深圳,2024-05-28,25.0,excellent,11.0,19.0,17.0,4.0,0.58,70.0
深圳,2024-05-29,36.0,excellent,10.0,25.0,10.0,4.0,0.5,113.0
深圳,2024-05-30,28.0,excellent,11.0,24.0,15.0,4.0,0.55,75.0
深圳,2024-05-31,16.0,excellent,7.0,16.0,12.0,4.0,0.54,46.0
深圳,2024-06-01,19.0,excellent,3.0,12.0,7.0,4.0,0.52,59.0
深圳,2024-06-02,31.0,excellent,17.0,26.0,16.0,4.0,0.71,80.0
深圳,2024-06-03,32.0,excellent,10.0,19.0,15.0,4.0,0.63,76.0
深圳,2024-06-04,31.0,excellent,10.0,22.0,10.0,4.0,0.53,99.0
深圳,2024-06-05,26.0,excellent,12.0,22.0,12.0,5.0,0.59,78.0
深圳,2024-06-06,25.0,excellent,15.0,23.0,20.0,4.0,0.66,55.0
深圳,2024-06-07,23.0,excellent,7.0,13.0,12.0,4.0,0.6,73.0
深圳,2024-06-08,21.0,excellent,5.0,10.0,10.0,4.0,0.55,68.0
深圳,2024-06-09,13.0,excellent,5.0,12.0,12.0,5.0,0.52,33.0
深圳,2024-06-10,14.0,excellent,4.0,12.0,11.0,4.0,0.51,26.0
深圳,2024-06-11,19.0,excellent,8.0,19.0,15.0,4.0,0.51,30.0
深圳,2024-06-12,23.0,excellent,10.0,23.0,14.0,4.0,0.5,37.0
深圳,2024-06-13,24.0,excellent,10.0,24.0,15.0,5.0,0.5,43.0
深圳,2024-06-14,24.0,excellent,10.0,24.0,18.0,4.0,0.51,37.0
深圳,2024-06-15,18.0,excellent,7.0,17.0,14.0,4.0,0.5,41.0
深圳,2024-06-16,21.0,excellent,9.0,21.0,18.0,4.0,0.5,29.0
深圳,2024-06-17,19.0,excellent,7.0,19.0,10.0,4.0,0.43,38.0
深圳,2024-06-18,20.0,excellent,8.0,20.0,12.0,4.0,0.47,39.0
深圳,2024-06-19,18.0,excellent,6.0,18.0,11.0,4.0,0.44,36.0
深圳,2024-06-20,15.0,excellent,5.0,15.0,10.0,5.0,0.43,34.0
深圳,2024-06-21,18.0,excellent,9.0,17.0,10.0,5.0,0.42,31.0
深圳,2024-06-22,24.0,excellent,15.0,22.0,8.0,5.0,0.4,38.0
深圳,2024-06-23,13.0,excellent,3.0,10.0,6.0,5.0,0.4,39.0
深圳,2024-06-24,13.0,excellent,3.0,13.0,7.0,5.0,0.4,39.0
深圳,2024-06-25,15.0,excellent,5.0,15.0,9.0,5.0,0.43,34.0
深圳,2024-06-26,17.0,excellent,8.0,17.0,10.0,5.0,0.45,34.0
深圳,2024-06-27,16.0,excellent,5.0,15.0,9.0,5.0,0.43,33.0
深圳,2024-06-28,15.0,excellent,4.0,13.0,8.0,5.0,0.41,36.0
深圳,2024-06-29,13.0,excellent,3.0,12.0,11.0,5.0,0.42,28.0
深圳,2024-06-30,19.0,excellent,6.0,19.0,8.0,5.0,0.47,32.0
深圳,2024-07-01,23.0,excellent,9.0,23.0,7.0,5.0,0.49,45.0
深圳,2024-07-02,21.0,excellent,8.0,21.0,8.0,5.0,0.47,40.0
深圳,2024-07-03,12.0,excellent,4.0,11.0,7.0,5.0,0.4,31.0
深圳,2024-07-04,14.0,excellent,6.0,14.0,11.0,5.0,0.43,35.0
深圳,2024-07-05,18.0,excellent,8.0,17.0,14.0,5.0,0.46,36.0
深圳,2024-07-06,12.0,excellent,3.0,11.0,9.0,5.0,0.42,25.0
深圳,2024-07-07,13.0,excellent,3.0,12.0,8.0,5.0,0.43,30.0
深圳,2024-07-08,17.0,excellent,9.0,17.0,11.0,5.0,0.47,39.0
深圳,2024-07-09,15.0,excellent,6.0,13.0,11.0,5.0,0.48,43.0
深圳,2024-07-10,13.0,excellent,3.0,10.0,11.0,5.0,0.45,39.0
深圳,2024-07-11,11.0,excellent,3.0,9.0,10.0,5.0,0.43,32.0
深圳,2024-07-12,12.0,excellent,4.0,11.0,11.0,5.0,0.48,37.0
深圳,2024-07-13,12.0,excellent,4.0,11.0,9.0,5.0,0.48,31.0
深圳,2024-07-14,15.0,excellent,6.0,14.0,7.0,5.0,0.48,31.0
深圳,2024-07-15,13.0,excellent,3.0,13.0,7.0,5.0,0.5,27.0
深圳,2024-07-16,13.0,excellent,4.0,13.0,10.0,5.0,0.5,29.0
深圳,2024-07-17,13.0,excellent,4.0,13.0,9.0,5.0,0.5,31.0
深圳,2024-07-18,14.0,excellent,5.0,14.0,12.0,5.0,0.5,25.0
深圳,2024-07-19,16.0,excellent,6.0,16.0,13.0,5.0,0.52,12.0
深圳,2024-07-20,17.0,excellent,6.0,17.0,7.0,5.0,0.5,20.0
深圳,2024-07-21,14.0,excellent,4.0,14.0,6.0,5.0,0.5,26.0
深圳,2024-07-22,13.0,excellent,4.0,13.0,8.0,5.0,0.5,32.0
深圳,2024-07-23,18.0,excellent,7.0,17.0,14.0,5.0,0.5,41.0
深圳,2024-07-24,29.0,excellent,12.0,27.0,17.0,5.0,0.55,75.0
深圳,2024-07-25,39.0,excellent,19.0,36.0,15.0,5.0,0.6,87.0
深圳,2024-07-26,23.0,excellent,11.0,23.0,15.0,5.0,0.59,46.0
深圳,2024-07-27,19.0,excellent,6.0,18.0,13.0,5.0,0.55,38.0
深圳,2024-07-28,11.0,excellent,3.0,10.0,10.0,5.0,0.51,29.0
深圳,2024-07-29,11.0,excellent,4.0,11.0,9.0,5.0,0.5,26.0
深圳,2024-07-30,11.0,excellent,2.0,9.0,11.0,5.0,0.5,29.0
深圳,2024-07-31,15.0,excellent,6.0,15.0,15.0,5.0,0.52,20.0
深圳,2024-08-01,26.0,excellent,12.0,26.0,11.0,5.0,0.49,35.0
深圳,2024-08-02,25.0,excellent,11.0,25.0,12.0,5.0,0.5,35.0
深圳,2024-08-03,23.0,excellent,11.0,23.0,16.0,5.0,0.5,36.0
深圳,2024-08-04,35.0,excellent,16.0,30.0,18.0,5.0,0.57,76.0
深圳,2024-08-05,44.0,excellent,22.0,39.0,26.0,5.0,0.63,83.0
深圳,2024-08-06,37.0,excellent,21.0,36.0,30.0,5.0,0.64,63.0
深圳,2024-08-07,42.0,excellent,23.0,41.0,31.0,5.0,0.65,70.0
深圳,2024-08-08,29.0,excellent,15.0,27.0,21.0,5.0,0.54,56.0
深圳,2024-08-09,22.0,excellent,10.0,21.0,14.0,5.0,0.46,48.0
深圳,2024-08-10,20.0,excellent,8.0,20.0,15.0,5.0,0.48,42.0
深圳,2024-08-11,23.0,excellent,12.0,23.0,14.0,5.0,0.5,42.0
深圳,2024-08-12,19.0,excellent,9.0,19.0,19.0,5.0,0.51,35.0
深圳,2024-08-13,24.0,excellent,12.0,24.0,24.0,5.0,0.56,38.0
深圳,2024-08-14,23.0,excellent,11.0,23.0,29.0,6.0,0.57,13.0
深圳,2024-08-15,23.0,excellent,11.0,23.0,27.0,5.0,0.56,14.0
深圳,2024-08-16,16.0,excellent,6.0,16.0,20.0,5.0,0.53,21.0
深圳,2024-08-17,17.0,excellent,7.0,16.0,18.0,5.0,0.54,29.0
深圳,2024-08-18,18.0,excellent,7.0,18.0,15.0,6.0,0.55,41.0
深圳,2024-08-19,19.0,excellent,9.0,19.0,20.0,5.0,0.55,30.0
深圳,2024-08-20,17.0,excellent,8.0,17.0,17.0,5.0,0.49,30.0
深圳,2024-08-21,15.0,excellent,6.0,15.0,21.0,6.0,0.46,20.0
深圳,2024-08-22,25.0,excellent,11.0,25.0,22.0,6.0,0.48,16.0
深圳,2024-08-23,31.0,excellent,17.0,31.0,24.0,6.0,0.5,29.0
深圳,2024-08-24,29.0,excellent,16.0,28.0,21.0,6.0,0.49,49.0
深圳,2024-08-25,22.0,excellent,10.0,21.0,21.0,6.0,0.48,44.0
深圳,2024-08-26,32.0,excellent,16.0,30.0,23.0,6.0,0.53,62.0
深圳,2024-08-27,29.0,excellent,16.0,28.0,24.0,6.0,0.56,66.0
深圳,2024-08-28,45.0,excellent,24.0,40.0,24.0,6.0,0.65,89.0
深圳,2024-08-29,36.0,excellent,21.0,35.0,25.0,6.0,0.67,59.0
深圳,2024-08-30,30.0,excellent,17.0,27.0,15.0,6.0,0.56,63.0
深圳,2024-08-31,15.0,excellent,5.0,14.0,11.0,6.0,0.49,38.0
深圳,2024-09-01,20.0,excellent,8.0,18.0,16.0,6.0,0.5,46.0
深圳,2024-09-02,27.0,excellent,14.0,27.0,26.0,6.0,0.56,55.0
深圳,2024-09-03,54.0,good,22.0,38.0,23.0,6.0,0.65,108.0
深圳,2024-09-04,32.0,excellent,15.0,28.0,16.0,5.0,0.61,82.0
深圳,2024-09-05,22.0,excellent,10.0,22.0,13.0,6.0,0.53,48.0
深圳,2024-09-06,15.0,excellent,2.0,9.0,7.0,5.0,0.45,48.0
深圳,2024-09-07,17.0,excellent,7.0,17.0,7.0,5.0,0.5,42.0
深圳,2024-09-08,14.0,excellent,5.0,12.0,14.0,6.0,0.5,29.0
深圳,2024-09-09,17.0,excellent,5.0,14.0,15.0,6.0,0.5,42.0
深圳,2024-09-10,27.0,excellent,13.0,26.0,16.0,6.0,0.51,60.0
深圳,2024-09-11,33.0,excellent,21.0,32.0,20.0,6.0,0.5,55.0
深圳,2024-09-12,34.0,excellent,21.0,34.0,36.0,6.0,0.58,45.0
深圳,2024-09-13,33.0,excellent,19.0,32.0,25.0,6.0,0.56,59.0
深圳,2024-09-14,30.0,excellent,17.0,29.0,29.0,6.0,0.6,41.0
深圳,2024-09-15,40.0,excellent,18.0,31.0,23.0,6.0,0.59,85.0
深圳,2024-09-16,19.0,excellent,8.0,17.0,14.0,6.0,0.51,53.0
深圳,2024-09-17,24.0,excellent,13.0,23.0,14.0,6.0,0.53,49.0
深圳,2024-09-18,22.0,excellent,9.0,21.0,12.0,6.0,0.49,53.0
深圳,2024-09-19,32.0,excellent,13.0,32.0,12.0,6.0,0.48,78.0
深圳,2024-09-20,30.0,excellent,15.0,28.0,21.0,6.0,0.53,62.0
深圳,2024-09-21,18.0,excellent,8.0,16.0,20.0,6.0,0.53,27.0
深圳,2024-09-22,18.0,excellent,7.0,18.0,14.0,6.0,0.56,32.0
深圳,2024-09-23,15.0,excellent,6.0,13.0,15.0,6.0,0.61,42.0
深圳,2024-09-24,14.0,excellent,6.0,12.0,22.0,6.0,0.6,18.0
深圳,2024-09-25,23.0,excellent,9.0,21.0,21.0,6.0,0.58,36.0
深圳,2024-09-26,38.0,excellent,21.0,35.0,27.0,6.0,0.66,76.0
深圳,2024-09-27,42.0,excellent,22.0,37.0,26.0,6.0,0.65,84.0
深圳,2024-09-28,39.0,excellent,22.0,36.0,24.0,6.0,0.64,76.0
深圳,2024-09-29,31.0,excellent,12.0,28.0,20.0,6.0,0.55,84.0
深圳,2024-09-30,40.0,excellent,19.0,36.0,25.0,7.0,0.6,78.0
深圳,2024-10-01,28.0,excellent,13.0,28.0,11.0,6.0,0.5,58.0
深圳,2024-10-02,27.0,excellent,9.0,24.0,10.0,7.0,0.5,84.0
深圳,2024-10-03,38.0,excellent,14.0,38.0,11.0,7.0,0.5,112.0
深圳,2024-10-04,36.0,excellent,15.0,34.0,13.0,7.0,0.46,110.0
深圳,2024-10-05,40.0,excellent,20.0,39.0,16.0,7.0,0.52,98.0
深圳,2024-10-06,41.0,excellent,22.0,40.0,22.0,7.0,0.53,87.0
深圳,2024-10-07,40.0,excellent,23.0,39.0,16.0,7.0,0.53,97.0
深圳,2024-10-08,46.0,excellent,28.0,45.0,14.0,7.0,0.6,115.0
深圳,2024-10-09,42.0,excellent,26.0,42.0,19.0,7.0,0.6,76.0
深圳,2024-10-10,36.0,excellent,20.0,35.0,17.0,6.0,0.55,90.0
深圳,2024-10-11,35.0,excellent,20.0,35.0,17.0,7.0,0.58,82.0
深圳,2024-10-12,54.0,good,26.0,45.0,15.0,7.0,0.6,147.0
深圳,2024-10-13,38.0,excellent,17.0,34.0,13.0,6.0,0.5,111.0
深圳,2024-10-14,30.0,excellent,14.0,29.0,12.0,6.0,0.5,82.0
深圳,2024-10-15,32.0,excellent,16.0,30.0,14.0,6.0,0.51,79.0
深圳,2024-10-16,29.0,excellent,12.0,28.0,13.0,6.0,0.46,79.0
深圳,2024-10-17,28.0,excellent,12.0,28.0,10.0,6.0,0.46,78.0
深圳,2024-10-18,29.0,excellent,14.0,29.0,13.0,6.0,0.48,67.0
深圳,2024-10-19,47.0,excellent,25.0,43.0,24.0,6.0,0.57,92.0
深圳,2024-10-20,28.0,excellent,13.0,26.0,12.0,6.0,0.55,76.0
深圳,2024-10-21,40.0,excellent,21.0,39.0,17.0,5.0,0.6,76.0
深圳,2024-10-22,31.0,excellent,15.0,29.0,14.0,6.0,0.56,74.0
深圳,2024-10-23,28.0,excellent,10.0,26.0,12.0,6.0,0.57,71.0
深圳,2024-10-24,39.0,excellent,16.0,39.0,19.0,7.0,0.53,97.0
深圳,2024-10-25,45.0,excellent,23.0,45.0,18.0,7.0,0.51,103.0
深圳,2024-10-26,45.0,excellent,25.0,45.0,16.0,7.0,0.53,78.0
深圳,2024-10-27,44.0,excellent,27.0,44.0,17.0,6.0,0.63,75.0
深圳,2024-10-28,22.0,excellent,7.0,20.0,18.0,6.0,0.67,55.0
深圳,2024-10-29,28.0,excellent,13.0,28.0,16.0,6.0,0.56,61.0
深圳,2024-10-30,40.0,excellent,22.0,40.0,19.0,6.0,0.59,71.0
深圳,2024-10-31,40.0,excellent,20.0,39.0,19.0,7.0,0.58,87.0
深圳,2024-11-01,31.0,excellent,12.0,28.0,14.0,6.0,0.53,87.0
深圳,2024-11-02,31.0,excellent,11.0,28.0,20.0,5.0,0.57,70.0
深圳,2024-11-03,48.0,excellent,25.0,49.0,29.0,6.0,0.62,76.0
深圳,2024-11-04,50.0,excellent,28.0,51.0,23.0,6.0,0.63,101.0
深圳,2024-11-05,45.0,excellent,27.0,46.0,17.0,7.0,0.63,90.0
深圳,2024-11-06,53.0,good,36.0,57.0,18.0,7.0,0.7,115.0
深圳,2024-11-07,43.0,excellent,21.0,43.0,20.0,7.0,0.55,103.0
深圳,2024-11-08,42.0,excellent,19.0,42.0,23.0,7.0,0.5,99.0
深圳,2024-11-09,45.0,excellent,23.0,46.0,23.0,7.0,0.53,84.0
深圳,2024-11-10,48.0,excellent,27.0,49.0,24.0,7.0,0.6,61.0
深圳,2024-11-11,50.0,excellent,31.0,51.0,23.0,7.0,0.6,81.0
深圳,2024-11-12,48.0,excellent,29.0,48.0,30.0,6.0,0.62,83.0
深圳,2024-11-13,40.0,excellent,24.0,41.0,32.0,6.0,0.62,43.0
深圳,2024-11-14,16.0,excellent,7.0,14.0,15.0,5.0,0.5,37.0
深圳,2024-11-15,17.0,excellent,9.0,15.0,20.0,5.0,0.55,34.0
深圳,2024-11-16,23.0,excellent,13.0,23.0,27.0,5.0,0.6,19.0
深圳,2024-11-17,24.0,excellent,11.0,24.0,20.0,5.0,0.57,31.0
深圳,2024-11-18,30.0,excellent,16.0,30.0,16.0,6.0,0.68,45.0
深圳,2024-11-19,16.0,excellent,7.0,14.0,17.0,5.0,0.59,24.0
深圳,2024-11-20,9.0,excellent,3.0,7.0,17.0,5.0,0.55,24.0
深圳,2024-11-21,17.0,excellent,9.0,16.0,15.0,5.0,0.54,36.0
深圳,2024-11-22,26.0,excellent,16.0,26.0,15.0,6.0,0.53,44.0
深圳,2024-11-23,35.0,excellent,20.0,35.0,23.0,6.0,0.6,38.0
深圳,2024-11-24,44.0,excellent,28.0,45.0,31.0,6.0,0.65,29.0
深圳,2024-11-25,34.0,excellent,22.0,34.0,30.0,5.0,0.63,32.0
深圳,2024-11-26,21.0,excellent,6.0,16.0,18.0,5.0,0.61,53.0
深圳,2024-11-27,32.0,excellent,10.0,32.0,21.0,6.0,0.48,66.0
深圳,2024-11-28,35.0,excellent,11.0,35.0,21.0,6.0,0.44,72.0
深圳,2024-11-29,37.0,excellent,13.0,38.0,26.0,6.0,0.47,69.0
深圳,2024-11-30,48.0,excellent,21.0,50.0,41.0,6.0,0.55,70.0
深圳,2024-12-01,53.0,good,28.0,58.0,46.0,6.0,0.66,79.0
深圳,2024-12-02,59.0,good,34.0,61.0,46.0,6.0,0.72,93.0
深圳,2024-12-03,50.0,excellent,27.0,51.0,36.0,6.0,0.65,91.0
深圳,2024-12-04,45.0,excellent,22.0,44.0,28.0,6.0,0.62,80.0
深圳,2024-12-05,55.0,good,31.0,60.0,31.0,6.0,0.65,79.0
深圳,2024-12-06,62.0,good,45.0,66.0,27.0,6.0,0.71,71.0
深圳,2024-12-07,53.0,good,36.0,54.0,21.0,6.0,0.72,65.0
深圳,2024-12-08,31.0,excellent,18.0,31.0,18.0,6.0,0.7,59.0
深圳,2024-12-09,37.0,excellent,20.0,37.0,27.0,6.0,0.72,53.0
深圳,2024-12-10,43.0,excellent,22.0,43.0,31.0,7.0,0.65,69.0
深圳,2024-12-11,50.0,excellent,27.0,53.0,30.0,7.0,0.66,74.0
深圳,2024-12-12,31.0,excellent,15.0,31.0,25.0,6.0,0.78,53.0
深圳,2024-12-13,36.0,excellent,18.0,36.0,19.0,7.0,0.71,66.0
深圳,2024-12-14,55.0,good,36.0,60.0,20.0,7.0,0.71,80.0
深圳,2024-12-15,45.0,excellent,22.0,45.0,21.0,7.0,0.56,79.0
深圳,2024-12-16,45.0,excellent,22.0,49.0,35.0,6.0,0.53,69.0
深圳,2024-12-17,59.0,good,32.0,68.0,58.0,7.0,0.65,58.0
深圳,2024-12-18,51.0,good,27.0,55.0,39.0,8.0,0.55,72.0
深圳,2024-12-19,54.0,good,34.0,59.0,24.0,8.0,0.55,96.0
深圳,2024-12-20,60.0,good,42.0,67.0,36.0,8.0,0.64,95.0
深圳,2024-12-21,53.0,good,33.0,58.0,39.0,7.0,0.63,79.0
深圳,2024-12-22,54.0,good,36.0,59.0,27.0,8.0,0.6,96.0
深圳,2024-12-23,61.0,good,43.0,71.0,33.0,8.0,0.7,80.0
深圳,2024-12-24,61.0,good,42.0,68.0,30.0,8.0,0.7,84.0
深圳,2024-12-25,59.0,good,40.0,64.0,35.0,7.0,0.7,62.0
深圳,2024-12-26,45.0,excellent,29.0,46.0,31.0,6.0,0.65,53.0
深圳,2024-12-27,62.0,good,44.0,69.0,35.0,8.0,0.75,80.0
深圳,2024-12-28,61.0,good,42.0,68.0,24.0,8.0,0.68,99.0
深圳,2024-12-29,69.0,good,49.0,81.0,33.0,8.0,0.75,110.0
深圳,2024-12-30,66.0,good,45.0,80.0,57.0,6.0,0.81,85.0
深圳,2024-12-31,66.0,good,46.0,80.0,50.0,7.0,0.83,90.0
杭州,2024-01-01,154.0,moderately_polluted,117.0,161.0,40.0,7.0,1.04,53.0
杭州,2024-01-02,147.0,lightly_polluted,112.0,162.0,58.0,7.0,1.01,32.0
杭州,2024-01-03,90.0,good,67.0,89.0,35.0,6.0,0.92,53.0
杭州,2024-01-04,101.0,lightly_polluted,76.0,107.0,54.0,7.0,0.95,30.0
杭州,2024-01-05,71.0,good,51.0,75.0,62.0,7.0,0.86,23.0
杭州,2024-01-06,123.0,lightly_polluted,93.0,129.0,63.0,9.0,1.08,35.0
杭州,2024-01-07,181.0,moderately_polluted,139.0,177.0,45.0,8.0,1.16,55.0
杭州,2024-01-08,88.0,good,65.0,95.0,50.0,7.0,0.77,26.0
杭州,2024-01-09,115.0,lightly_polluted,87.0,116.0,55.0,7.0,1.03,21.0
杭州,2024-01-10,151.0,moderately_polluted,115.0,147.0,36.0,7.0,0.97,52.0
杭州,2024-01-11,146.0,lightly_polluted,111.0,142.0,57.0,7.0,1.01,27.0
杭州,2024-01-12,79.0,good,58.0,85.0,64.0,7.0,0.9,27.0
杭州,2024-01-13,110.0,lightly_polluted,82.0,125.0,76.0,9.0,0.95,35.0
杭州,2024-01-14,124.0,lightly_polluted,93.0,135.0,62.0,8.0,0.95,44.0
杭州,2024-01-15,72.0,good,49.0,79.0,33.0,6.0,0.8,40.0
杭州,2024-01-16,51.0,good,28.0,53.0,38.0,6.0,0.59,38.0
杭州,2024-01-17,67.0,good,45.0,77.0,54.0,7.0,0.75,32.0
杭州,2024-01-18,73.0,good,53.0,79.0,51.0,7.0,1.0,4.0
杭州,2024-01-19,26.0,excellent,17.0,23.0,42.0,6.0,0.94,12.0
杭州,2024-01-20,25.0,excellent,17.0,19.0,28.0,6.0,0.92,25.0
杭州,2024-01-21,69.0,good,50.0,59.0,27.0,6.0,0.84,24.0
杭州,2024-01-22,44.0,excellent,30.0,43.0,18.0,6.0,0.6,51.0
杭州,2024-01-23,29.0,excellent,17.0,29.0,16.0,7.0,0.56,56.0
杭州,2024-01-24,39.0,excellent,26.0,39.0,25.0,8.0,0.6,49.0
杭州,2024-01-25,63.0,good,45.0,62.0,37.0,9.0,0.7,42.0
杭州,2024-01-26,79.0,good,58.0,78.0,47.0,9.0,0.78,34.0
杭州,2024-01-27,112.0,lightly_polluted,84.0,112.0,57.0,10.0,0.97,28.0
杭州,2024-01-28,104.0,lightly_polluted,78.0,106.0,53.0,9.0,0.96,35.0
杭州,2024-01-29,118.0,lightly_polluted,89.0,127.0,71.0,9.0,1.0,18.0
杭州,2024-01-30,91.0,good,68.0,86.0,44.0,7.0,0.87,27.0
杭州,2024-01-31,60.0,good,43.0,57.0,47.0,6.0,0.86,7.0
杭州,2024-02-01,22.0,excellent,10.0,12.0,34.0,6.0,0.78,35.0
杭州,2024-02-02,25.0,excellent,15.0,21.0,22.0,5.0,0.58,46.0
杭州,2024-02-03,19.0,excellent,11.0,14.0,21.0,6.0,0.68,44.0
杭州,2024-02-04,31.0,excellent,21.0,23.0,20.0,6.0,0.86,39.0
杭州,2024-02-05,41.0,excellent,29.0,31.0,14.0,6.0,0.8,55.0
杭州,2024-02-06,75.0,good,55.0,62.0,17.0,6.0,0.84,53.0
杭州,2024-02-07,78.0,good,57.0,70.0,18.0,6.0,0.9,53.0
杭州,2024-02-08,96.0,good,71.0,88.0,17.0,6.0,0.89,71.0
杭州,2024-02-09,145.0,lightly_polluted,114.0,132.0,21.0,8.0,0.98,67.0
杭州,2024-02-10,222.0,heavily_polluted,185.0,207.0,19.0,9.0,0.85,56.0
杭州,2024-02-11,83.0,good,60.0,79.0,14.0,7.0,0.69,63.0
杭州,2024-02-12,60.0,good,41.0,61.0,14.0,6.0,0.56,59.0
杭州,2024-02-13,42.0,excellent,29.0,42.0,11.0,6.0,0.47,68.0
杭州,2024-02-14,37.0,excellent,25.0,35.0,13.0,6.0,0.47,58.0
杭州,2024-02-15,44.0,excellent,28.0,37.0,14.0,5.0,0.58,46.0
杭州,2024-02-16,25.0,excellent,14.0,22.0,9.0,6.0,0.5,72.0
杭州,2024-02-17,36.0,excellent,24.0,36.0,17.0,6.0,0.62,42.0
杭州,2024-02-18,41.0,excellent,29.0,40.0,20.0,6.0,0.72,35.0
杭州,2024-02-19,52.0,good,36.0,49.0,22.0,6.0,0.72,36.0
杭州,2024-02-20,13.0,excellent,6.0,10.0,17.0,5.0,0.65,37.0
杭州,2024-02-21,13.0,excellent,5.0,7.0,15.0,5.0,0.62,42.0
杭州,2024-02-22,17.0,excellent,11.0,13.0,13.0,5.0,0.65,42.0
杭州,2024-02-23,32.0,excellent,22.0,27.0,13.0,6.0,0.62,52.0
杭州,2024-02-24,40.0,excellent,28.0,33.0,15.0,6.0,0.73,51.0
杭州,2024-02-25,66.0,good,47.0,54.0,11.0,6.0,0.66,77.0
杭州,2024-02-26,102.0,lightly_polluted,76.0,93.0,25.0,7.0,0.91,69.0
杭州,2024-02-27,79.0,good,58.0,84.0,28.0,7.0,0.84,71.0
杭州,2024-02-28,49.0,excellent,35.0,53.0,39.0,6.0,0.69,40.0
杭州,2024-02-29,26.0,excellent,18.0,23.0,21.0,5.0,0.73,46.0
杭州,2024-03-01,43.0,excellent,26.0,42.0,21.0,6.0,0.67,63.0
杭州,2024-03-02,57.0,good,36.0,62.0,33.0,6.0,0.67,47.0
杭州,2024-03-03,58.0,good,40.0,64.0,32.0,6.0,0.69,62.0
杭州,2024-03-04,58.0,good,40.0,66.0,46.0,6.0,0.78,32.0
杭州,2024-03-05,35.0,excellent,23.0,35.0,39.0,6.0,0.92,15.0
杭州,2024-03-06,48.0,excellent,33.0,48.0,22.0,6.0,0.65,61.0
杭州,2024-03-07,84.0,good,62.0,94.0,37.0,6.0,0.82,59.0
杭州,2024-03-08,68.0,good,48.0,78.0,30.0,6.0,0.64,78.0
杭州,2024-03-09,82.0,good,60.0,90.0,42.0,7.0,0.66,79.0
杭州,2024-03-10,91.0,good,67.0,96.0,36.0,7.0,0.61,89.0
杭州,2024-03-11,61.0,good,42.0,67.0,45.0,6.0,0.66,44.0
杭州,2024-03-12,73.0,good,53.0,86.0,35.0,7.0,0.73,75.0
杭州,2024-03-13,62.0,good,44.0,70.0,44.0,7.0,0.59,59.0
杭州,2024-03-14,84.0,good,61.0,107.0,83.0,7.0,0.79,11.0
杭州,2024-03-15,81.0,good,59.0,96.0,55.0,8.0,0.67,58.0
杭州,2024-03-16,49.0,excellent,31.0,52.0,39.0,7.0,0.62,52.0
杭州,2024-03-17,69.0,good,45.0,85.0,45.0,6.0,0.78,40.0
杭州,2024-03-18,66.0,good,27.0,83.0,37.0,6.0,0.61,38.0
杭州,2024-03-19,58.0,good,28.0,69.0,27.0,6.0,0.6,58.0
杭州,2024-03-20,76.0,good,25.0,102.0,39.0,7.0,0.54,60.0
杭州,2024-03-21,73.0,good,37.0,97.0,43.0,7.0,0.58,66.0
杭州,2024-03-22,53.0,good,25.0,58.0,28.0,7.0,0.6,88.0
杭州,2024-03-23,60.0,good,39.0,71.0,53.0,7.0,0.87,33.0
杭州,2024-03-24,69.0,good,49.0,77.0,39.0,7.0,0.89,44.0
杭州,2024-03-25,52.0,good,34.0,57.0,29.0,6.0,0.92,46.0
杭州,2024-03-26,29.0,excellent,16.0,24.0,21.0,5.0,0.64,76.0
杭州,2024-03-27,54.0,good,36.0,54.0,39.0,6.0,0.68,65.0
杭州,2024-03-28,34.0,excellent,19.0,32.0,29.0,6.0,0.74,54.0
杭州,2024-03-29,35.0,excellent,16.0,33.0,27.0,6.0,0.67,71.0
杭州,2024-03-30,47.0,excellent,23.0,48.0,38.0,6.0,0.63,66.0
杭州,2024-03-31,87.0,good,63.0,115.0,46.0,6.0,0.91,69.0
杭州,2024-04-01,72.0,good,43.0,72.0,39.0,6.0,0.85,83.0
杭州,2024-04-02,23.0,excellent,9.0,16.0,16.0,5.0,0.59,72.0
杭州,2024-04-03,25.0,excellent,10.0,16.0,15.0,5.0,0.66,71.0
杭州,2024-04-04,36.0,excellent,24.0,35.0,26.0,5.0,0.65,72.0
杭州,2024-04-05,48.0,excellent,30.0,49.0,25.0,7.0,0.59,100.0
杭州,2024-04-06,44.0,excellent,29.0,44.0,27.0,5.0,0.6,74.0
杭州,2024-04-07,35.0,excellent,22.0,34.0,27.0,5.0,0.62,62.0
杭州,2024-04-08,23.0,excellent,14.0,20.0,28.0,5.0,0.65,53.0
杭州,2024-04-09,44.0,excellent,28.0,47.0,31.0,6.0,0.67,83.0
杭州,2024-04-10,70.0,good,41.0,81.0,38.0,7.0,0.7,100.0
杭州,2024-04-11,63.0,good,38.0,76.0,39.0,6.0,0.72,69.0
杭州,2024-04-12,71.0,good,50.0,81.0,40.0,5.0,0.77,46.0
杭州,2024-04-13,45.0,excellent,30.0,46.0,31.0,5.0,0.67,59.0
杭州,2024-04-14,27.0,excellent,10.0,18.0,24.0,5.0,0.67,53.0
杭州,2024-04-15,49.0,excellent,31.0,49.0,25.0,5.0,0.89,81.0
杭州,2024-04-16,82.0,good,59.0,90.0,34.0,6.0,1.01,102.0
杭州,2024-04-17,22.0,excellent,10.0,16.0,25.0,5.0,0.66,60.0
杭州,2024-04-18,44.0,excellent,21.0,43.0,26.0,6.0,0.63,99.0
杭州,2024-04-19,57.0,good,27.0,65.0,45.0,7.0,0.69,50.0
杭州,2024-04-20,38.0,excellent,23.0,37.0,25.0,5.0,0.73,60.0
杭州,2024-04-21,39.0,excellent,26.0,38.0,20.0,5.0,0.6,92.0
杭州,2024-04-22,29.0,excellent,16.0,23.0,23.0,5.0,0.59,79.0
杭州,2024-04-23,33.0,excellent,18.0,28.0,26.0,5.0,0.63,63.0
杭州,2024-04-24,44.0,excellent,16.0,44.0,30.0,6.0,0.55,83.0
杭州,2024-04-25,51.0,good,26.0,54.0,42.0,6.0,0.58,56.0
杭州,2024-04-26,52.0,good,32.0,55.0,24.0,5.0,0.64,84.0
杭州,2024-04-27,47.0,excellent,27.0,47.0,19.0,5.0,0.58,91.0
杭州,2024-04-28,47.0,excellent,29.0,47.0,31.0,6.0,0.7,52.0
杭州,2024-04-29,28.0,excellent,15.0,25.0,20.0,5.0,0.72,67.0
杭州,2024-04-30,31.0,excellent,15.0,23.0,20.0,5.0,0.57,79.0
杭州,2024-05-01,34.0,excellent,19.0,26.0,20.0,5.0,0.54,98.0
杭州,2024-05-02,40.0,excellent,22.0,38.0,27.0,6.0,0.57,88.0
杭州,2024-05-03,44.0,excellent,22.0,42.0,19.0,6.0,0.5,100.0
杭州,2024-05-04,40.0,excellent,25.0,40.0,31.0,6.0,0.61,45.0
杭州,2024-05-05,28.0,excellent,17.0,27.0,27.0,5.0,0.82,31.0
杭州,2024-05-06,32.0,excellent,15.0,22.0,20.0,5.0,0.82,67.0
杭州,2024-05-07,59.0,good,36.0,59.0,34.0,6.0,0.86,90.0
杭州,2024-05-08,66.0,good,34.0,55.0,25.0,6.0,0.73,115.0
杭州,2024-05-09,38.0,excellent,17.0,34.0,25.0,6.0,0.48,92.0
杭州,2024-05-10,57.0,good,32.0,55.0,31.0,6.0,0.62,93.0
杭州,2024-05-11,49.0,excellent,33.0,49.0,22.0,5.0,0.74,61.0
杭州,2024-05-12,50.0,excellent,23.0,55.0,21.0,5.0,0.69,82.0
杭州,2024-05-13,69.0,good,26.0,78.0,27.0,6.0,0.62,100.0
杭州,2024-05-14,71.0,good,29.0,65.0,30.0,6.0,0.57,121.0
杭州,2024-05-15,66.0,good,32.0,69.0,28.0,6.0,0.59,112.0
杭州,2024-05-16,38.0,excellent,12.0,32.0,24.0,6.0,0.43,91.0
杭州,2024-05-17,58.0,good,28.0,49.0,31.0,6.0,0.55,105.0
杭州,2024-05-18,66.0,good,30.0,55.0,26.0,6.0,0.59,117.0
杭州,2024-05-19,53.0,good,27.0,52.0,19.0,6.0,0.54,94.0
杭州,2024-05-20,54.0,good,30.0,54.0,24.0,6.0,0.56,88.0
杭州,2024-05-21,35.0,excellent,20.0,35.0,22.0,6.0,0.53,64.0
杭州,2024-05-22,43.0,excellent,25.0,40.0,22.0,9.0,0.48,78.0
杭州,2024-05-23,67.0,good,40.0,59.0,22.0,7.0,0.56,116.0
杭州,2024-05-24,55.0,good,29.0,44.0,21.0,6.0,0.59,99.0
杭州,2024-05-25,50.0,excellent,27.0,40.0,19.0,6.0,0.59,93.0
杭州,2024-05-26,26.0,excellent,12.0,23.0,17.0,5.0,0.61,58.0
杭州,2024-05-27,28.0,excellent,12.0,19.0,17.0,5.0,0.66,74.0
杭州,2024-05-28,35.0,excellent,11.0,19.0,18.0,6.0,0.51,104.0
杭州,2024-05-29,40.0,excellent,18.0,30.0,25.0,6.0,0.48,103.0
杭州,2024-05-30,50.0,excellent,30.0,49.0,26.0,6.0,0.59,93.0
杭州,2024-05-31,31.0,excellent,15.0,20.0,16.0,5.0,0.7,82.0
杭州,2024-06-01,31.0,excellent,10.0,16.0,15.0,5.0,0.49,89.0
杭州,2024-06-02,39.0,excellent,17.0,27.0,14.0,6.0,0.49,109.0
杭州,2024-06-03,42.0,excellent,20.0,32.0,23.0,6.0,0.52,99.0
杭州,2024-06-04,59.0,good,29.0,51.0,24.0,6.0,0.64,119.0
杭州,2024-06-05,50.0,excellent,30.0,47.0,16.0,5.0,0.65,109.0
杭州,2024-06-06,32.0,excellent,15.0,21.0,15.0,5.0,0.52,99.0
杭州,2024-06-07,35.0,excellent,19.0,28.0,16.0,6.0,0.55,90.0
杭州,2024-06-08,43.0,excellent,21.0,33.0,18.0,5.0,0.63,93.0
杭州,2024-06-09,48.0,excellent,30.0,42.0,20.0,5.0,0.69,93.0
杭州,2024-06-10,31.0,excellent,15.0,21.0,14.0,5.0,0.6,79.0
杭州,2024-06-11,24.0,excellent,15.0,22.0,18.0,5.0,0.7,47.0
杭州,2024-06-12,31.0,excellent,14.0,23.0,20.0,5.0,0.71,53.0
杭州,2024-06-13,52.0,good,25.0,40.0,18.0,6.0,0.68,106.0
杭州,2024-06-14,67.0,good,36.0,57.0,23.0,6.0,0.76,116.0
杭州,2024-06-15,70.0,good,31.0,47.0,19.0,6.0,0.69,131.0
杭州,2024-06-16,70.0,good,32.0,48.0,21.0,6.0,0.66,131.0
杭州,2024-06-17,40.0,excellent,13.0,21.0,12.0,5.0,0.49,123.0
杭州,2024-06-18,35.0,excellent,15.0,24.0,17.0,5.0,0.52,95.0
杭州,2024-06-19,16.0,excellent,9.0,15.0,21.0,5.0,0.6,26.0
杭州,2024-06-20,13.0,excellent,6.0,10.0,16.0,5.0,0.65,23.0
杭州,2024-06-21,27.0,excellent,17.0,27.0,16.0,5.0,0.69,43.0
杭州,2024-06-22,28.0,excellent,16.0,27.0,12.0,5.0,0.61,47.0
杭州,2024-06-23,24.0,excellent,9.0,15.0,10.0,5.0,0.51,72.0
杭州,2024-06-24,19.0,excellent,10.0,16.0,16.0,5.0,0.6,48.0
杭州,2024-06-25,25.0,excellent,10.0,14.0,16.0,5.0,0.54,74.0
杭州,2024-06-26,18.0,excellent,9.0,12.0,22.0,5.0,0.63,37.0
杭州,2024-06-27,11.0,excellent,6.0,8.0,20.0,5.0,0.65,22.0
杭州,2024-06-28,14.0,excellent,10.0,14.0,18.0,5.0,0.6,22.0
杭州,2024-06-29,21.0,excellent,12.0,19.0,17.0,5.0,0.65,33.0
杭州,2024-06-30,30.0,excellent,20.0,29.0,21.0,5.0,0.73,21.0
杭州,2024-07-01,24.0,excellent,16.0,22.0,21.0,5.0,0.72,21.0
杭州,2024-07-02,24.0,excellent,13.0,21.0,16.0,5.0,0.62,38.0
杭州,2024-07-03,25.0,excellent,11.0,21.0,16.0,5.0,0.54,48.0
杭州,2024-07-04,26.0,excellent,13.0,24.0,14.0,5.0,0.5,56.0
杭州,2024-07-05,27.0,excellent,14.0,24.0,16.0,5.0,0.5,62.0
杭州,2024-07-06,28.0,excellent,14.0,26.0,16.0,5.0,0.53,60.0
杭州,2024-07-07,26.0,excellent,13.0,23.0,14.0,5.0,0.5,63.0
杭州,2024-07-08,28.0,excellent,15.0,25.0,15.0,5.0,0.52,67.0
杭州,2024-07-09,28.0,excellent,15.0,27.0,14.0,6.0,0.51,74.0
杭州,2024-07-10,27.0,excellent,17.0,26.0,12.0,5.0,0.53,67.0
杭州,2024-07-11,39.0,excellent,24.0,40.0,19.0,5.0,0.75,81.0
杭州,2024-07-12,34.0,excellent,21.0,30.0,20.0,5.0,0.75,55.0
杭州,2024-07-13,29.0,excellent,16.0,29.0,32.0,5.0,0.78,20.0
杭州,2024-07-14,28.0,excellent,17.0,28.0,18.0,5.0,0.69,48.0
杭州,2024-07-15,40.0,excellent,22.0,36.0,22.0,5.0,0.71,74.0
杭州,2024-07-16,34.0,excellent,16.0,30.0,18.0,5.0,0.58,61.0
杭州,2024-07-17,32.0,excellent,16.0,32.0,16.0,5.0,0.55,66.0
杭州,2024-07-18,29.0,excellent,13.0,26.0,16.0,6.0,0.53,57.0
杭州,2024-07-19,29.0,excellent,12.0,26.0,19.0,6.0,0.52,55.0
杭州,2024-07-20,31.0,excellent,14.0,28.0,15.0,6.0,0.53,72.0
杭州,2024-07-21,36.0,excellent,19.0,33.0,19.0,6.0,0.58,73.0
杭州,2024-07-22,35.0,excellent,16.0,29.0,14.0,6.0,0.51,89.0
杭州,2024-07-23,35.0,excellent,13.0,27.0,14.0,6.0,0.49,92.0
杭州,2024-07-24,27.0,excellent,10.0,25.0,10.0,5.0,0.45,58.0
杭州,2024-07-25,26.0,excellent,9.0,26.0,9.0,5.0,0.5,46.0
杭州,2024-07-26,20.0,excellent,8.0,19.0,11.0,5.0,0.56,40.0
杭州,2024-07-27,18.0,excellent,5.0,14.0,7.0,5.0,0.5,51.0
杭州,2024-07-28,19.0,excellent,7.0,16.0,7.0,5.0,0.5,54.0
杭州,2024-07-29,23.0,excellent,7.0,16.0,9.0,5.0,0.5,63.0
杭州,2024-07-30,22.0,excellent,7.0,15.0,10.0,5.0,0.5,64.0
杭州,2024-07-31,27.0,excellent,12.0,21.0,12.0,5.0,0.55,81.0
杭州,2024-08-01,25.0,excellent,11.0,20.0,12.0,5.0,0.57,68.0
杭州,2024-08-02,29.0,excellent,13.0,21.0,14.0,6.0,0.57,82.0
杭州,2024-08-03,50.0,excellent,25.0,39.0,19.0,6.0,0.64,115.0
杭州,2024-08-04,45.0,excellent,22.0,37.0,21.0,5.0,0.64,91.0
杭州,2024-08-05,46.0,excellent,18.0,32.0,21.0,5.0,0.64,90.0
杭州,2024-08-06,50.0,excellent,19.0,34.0,18.0,6.0,0.63,110.0
杭州,2024-08-07,61.0,good,29.0,46.0,19.0,6.0,0.63,114.0
杭州,2024-08-08,57.0,good,23.0,38.0,16.0,6.0,0.64,130.0
杭州,2024-08-09,55.0,good,24.0,38.0,18.0,6.0,0.7,134.0
杭州,2024-08-10,50.0,excellent,27.0,43.0,21.0,6.0,0.77,109.0
杭州,2024-08-11,46.0,excellent,23.0,35.0,16.0,6.0,0.69,116.0
杭州,2024-08-12,38.0,excellent,15.0,26.0,11.0,6.0,0.67,112.0
杭州,2024-08-13,37.0,excellent,15.0,23.0,13.0,5.0,0.7,106.0
杭州,2024-08-14,28.0,excellent,16.0,24.0,14.0,6.0,0.71,86.0
杭州,2024-08-15,32.0,excellent,17.0,28.0,16.0,6.0,0.63,80.0
杭州,2024-08-16,41.0,excellent,28.0,38.0,14.0,6.0,0.57,75.0
杭州,2024-08-17,35.0,excellent,19.0,29.0,14.0,6.0,0.53,83.0
杭州,2024-08-18,42.0,excellent,25.0,37.0,18.0,6.0,0.59,90.0
杭州,2024-08-19,25.0,excellent,13.0,21.0,14.0,6.0,0.53,64.0
杭州,2024-08-20,26.0,excellent,12.0,20.0,13.0,6.0,0.6,73.0
杭州,2024-08-21,20.0,excellent,9.0,14.0,14.0,5.0,0.66,61.0
杭州,2024-08-22,29.0,excellent,14.0,23.0,16.0,6.0,0.73,76.0
杭州,2024-08-23,50.0,excellent,23.0,38.0,21.0,6.0,0.73,100.0
杭州,2024-08-24,66.0,good,27.0,43.0,23.0,6.0,0.7,123.0
杭州,2024-08-25,57.0,good,27.0,42.0,16.0,6.0,0.71,127.0
杭州,2024-08-26,64.0,good,31.0,49.0,20.0,6.0,0.74,121.0
杭州,2024-08-27,45.0,excellent,31.0,45.0,19.0,6.0,0.78,82.0
杭州,2024-08-28,28.0,excellent,15.0,26.0,16.0,6.0,0.78,77.0
杭州,2024-08-29,27.0,excellent,15.0,24.0,17.0,6.0,0.72,70.0
杭州,2024-08-30,38.0,excellent,18.0,30.0,18.0,6.0,0.63,90.0
杭州,2024-08-31,60.0,good,25.0,42.0,24.0,7.0,0.7,115.0
杭州,2024-09-01,66.0,good,30.0,49.0,21.0,6.0,0.75,124.0
杭州,2024-09-02,62.0,good,35.0,52.0,20.0,6.0,0.81,118.0
杭州,2024-09-03,39.0,excellent,26.0,37.0,15.0,6.0,0.81,94.0
杭州,2024-09-04,42.0,excellent,21.0,33.0,17.0,6.0,0.72,95.0
杭州,2024-09-05,40.0,excellent,19.0,31.0,18.0,6.0,0.67,97.0
杭州,2024-09-06,38.0,excellent,25.0,37.0,16.0,7.0,0.59,78.0
杭州,2024-09-07,52.0,good,36.0,49.0,17.0,7.0,0.58,76.0
杭州,2024-09-08,35.0,excellent,24.0,34.0,16.0,7.0,0.57,64.0
杭州,2024-09-09,31.0,excellent,17.0,27.0,16.0,7.0,0.55,63.0
杭州,2024-09-10,40.0,excellent,27.0,38.0,17.0,7.0,0.61,60.0
杭州,2024-09-11,18.0,excellent,9.0,14.0,14.0,6.0,0.65,52.0
杭州,2024-09-12,37.0,excellent,23.0,33.0,19.0,6.0,0.7,79.0
杭州,2024-09-13,27.0,excellent,12.0,20.0,15.0,6.0,0.56,67.0
杭州,2024-09-14,26.0,excellent,13.0,24.0,19.0,7.0,0.59,54.0
杭州,2024-09-15,24.0,excellent,13.0,23.0,15.0,6.0,0.61,50.0
杭州,2024-09-16,18.0,excellent,10.0,16.0,9.0,6.0,0.7,49.0
杭州,2024-09-17,17.0,excellent,8.0,16.0,13.0,6.0,0.62,33.0
杭州,2024-09-18,23.0,excellent,10.0,22.0,11.0,6.0,0.56,43.0
杭州,2024-09-19,20.0,excellent,9.0,20.0,14.0,6.0,0.6,20.0
杭州,2024-09-20,18.0,excellent,8.0,16.0,14.0,6.0,0.63,39.0
杭州,2024-09-21,16.0,excellent,9.0,16.0,14.0,6.0,0.63,36.0
杭州,2024-09-22,28.0,excellent,9.0,24.0,13.0,6.0,0.6,90.0
杭州,2024-09-23,30.0,excellent,14.0,29.0,22.0,6.0,0.64,81.0
杭州,2024-09-24,39.0,excellent,23.0,39.0,26.0,6.0,0.71,73.0
杭州,2024-09-25,55.0,good,33.0,53.0,27.0,6.0,0.82,99.0
杭州,2024-09-26,55.0,good,38.0,58.0,34.0,6.0,0.87,49.0
杭州,2024-09-27,27.0,excellent,13.0,24.0,24.0,6.0,0.63,58.0
杭州,2024-09-28,41.0,excellent,20.0,34.0,22.0,6.0,0.63,94.0
杭州,2024-09-29,36.0,excellent,19.0,34.0,20.0,6.0,0.57,69.0
杭州,2024-09-30,30.0,excellent,18.0,30.0,18.0,6.0,0.57,57.0
杭州,2024-10-01,20.0,excellent,9.0,18.0,15.0,6.0,0.61,42.0
杭州,2024-10-02,30.0,excellent,8.0,24.0,15.0,7.0,0.53,95.0
杭州,2024-10-03,30.0,excellent,12.0,27.0,19.0,7.0,0.54,84.0
杭州,2024-10-04,33.0,excellent,15.0,28.0,22.0,7.0,0.52,78.0
杭州,2024-10-05,26.0,excellent,16.0,26.0,22.0,6.0,0.57,62.0
杭州,2024-10-06,20.0,excellent,8.0,11.0,17.0,6.0,0.58,63.0
杭州,2024-10-07,22.0,excellent,7.0,9.0,15.0,6.0,0.68,70.0
杭州,2024-10-08,32.0,excellent,18.0,26.0,19.0,6.0,0.65,84.0
杭州,2024-10-09,42.0,excellent,26.0,41.0,33.0,7.0,0.66,66.0
杭州,2024-10-10,53.0,good,33.0,53.0,38.0,7.0,0.72,78.0
杭州,2024-10-11,75.0,good,48.0,74.0,42.0,7.0,0.81,98.0
杭州,2024-10-12,62.0,good,41.0,64.0,35.0,6.0,0.68,86.0
杭州,2024-10-13,36.0,excellent,18.0,35.0,26.0,6.0,0.56,63.0
杭州,2024-10-14,51.0,good,32.0,53.0,31.0,6.0,0.68,56.0
杭州,2024-10-15,45.0,excellent,30.0,47.0,32.0,6.0,0.93,41.0
杭州,2024-10-16,35.0,excellent,22.0,33.0,30.0,5.0,0.75,43.0
杭州,2024-10-17,35.0,excellent,19.0,34.0,32.0,5.0,0.68,41.0
杭州,2024-10-18,35.0,excellent,20.0,33.0,28.0,5.0,0.73,37.0
杭州,2024-10-19,21.0,excellent,9.0,20.0,15.0,5.0,0.62,57.0
杭州,2024-10-20,39.0,excellent,13.0,39.0,21.0,6.0,0.55,65.0
杭州,2024-10-21,50.0,excellent,26.0,52.0,29.0,6.0,0.63,61.0
杭州,2024-10-22,33.0,excellent,19.0,33.0,26.0,5.0,0.78,42.0
杭州,2024-10-23,45.0,excellent,29.0,44.0,24.0,5.0,0.68,72.0
杭州,2024-10-24,40.0,excellent,23.0,40.0,38.0,6.0,0.61,54.0
杭州,2024-10-25,39.0,excellent,20.0,39.0,32.0,6.0,0.57,64.0
杭州,2024-10-26,19.0,excellent,10.0,17.0,25.0,5.0,0.7,39.0
杭州,2024-10-27,15.0,excellent,7.0,9.0,21.0,5.0,0.6,38.0
杭州,2024-10-28,46.0,excellent,32.0,46.0,25.0,6.0,0.68,64.0
杭州,2024-10-29,49.0,excellent,32.0,52.0,36.0,6.0,0.72,62.0
杭州,2024-10-30,43.0,excellent,23.0,43.0,46.0,6.0,0.6,40.0
杭州,2024-10-31,32.0,excellent,17.0,31.0,31.0,5.0,0.54,49.0
杭州,2024-11-01,24.0,excellent,3.0,5.0,15.0,5.0,0.51,75.0
杭州,2024-11-02,35.0,excellent,17.0,30.0,24.0,5.0,0.57,79.0
杭州,2024-11-03,56.0,good,38.0,58.0,42.0,6.0,0.83,56.0
杭州,2024-11-04,72.0,good,52.0,77.0,40.0,7.0,0.91,85.0
杭州,2024-11-05,36.0,excellent,16.0,36.0,25.0,6.0,0.55,74.0
杭州,2024-11-06,37.0,excellent,18.0,36.0,37.0,6.0,0.48,52.0
杭州,2024-11-07,34.0,excellent,17.0,33.0,39.0,6.0,0.48,45.0
杭州,2024-11-08,41.0,excellent,23.0,40.0,41.0,7.0,0.5,42.0
杭州,2024-11-09,41.0,excellent,21.0,42.0,35.0,6.0,0.49,46.0
杭州,2024-11-10,42.0,excellent,22.0,43.0,37.0,6.0,0.6,35.0
杭州,2024-11-11,49.0,excellent,31.0,49.0,41.0,6.0,0.69,61.0
杭州,2024-11-12,51.0,good,34.0,53.0,41.0,6.0,0.63,63.0
杭州,2024-11-13,52.0,good,34.0,55.0,37.0,6.0,0.63,56.0
杭州,2024-11-14,50.0,excellent,33.0,51.0,47.0,6.0,0.76,21.0
杭州,2024-11-15,42.0,excellent,28.0,40.0,43.0,5.0,0.83,12.0
杭州,2024-11-16,34.0,excellent,21.0,34.0,31.0,5.0,0.67,21.0
杭州,2024-11-17,22.0,excellent,10.0,19.0,20.0,5.0,0.6,53.0
杭州,2024-11-18,25.0,excellent,5.0,25.0,20.0,6.0,0.42,55.0
杭州,2024-11-19,35.0,excellent,12.0,35.0,30.0,6.0,0.5,38.0
杭州,2024-11-20,43.0,excellent,21.0,43.0,41.0,6.0,0.64,21.0
杭州,2024-11-21,50.0,excellent,30.0,52.0,36.0,7.0,0.71,28.0
杭州,2024-11-22,80.0,good,57.0,87.0,38.0,6.0,0.77,47.0
杭州,2024-11-23,41.0,excellent,24.0,42.0,38.0,6.0,0.56,44.0
杭州,2024-11-24,36.0,excellent,18.0,36.0,35.0,6.0,0.48,43.0
杭州,2024-11-25,33.0,excellent,21.0,33.0,32.0,6.0,0.59,25.0
杭州,2024-11-26,29.0,excellent,11.0,29.0,18.0,6.0,0.53,55.0
杭州,2024-11-27,42.0,excellent,15.0,43.0,27.0,6.0,0.47,45.0
杭州,2024-11-28,52.0,good,16.0,56.0,23.0,6.0,0.45,48.0
杭州,2024-11-29,44.0,excellent,16.0,46.0,29.0,6.0,0.47,43.0
杭州,2024-11-30,52.0,good,28.0,58.0,45.0,7.0,0.59,29.0
杭州,2024-12-01,55.0,good,33.0,62.0,49.0,7.0,0.69,30.0
杭州,2024-12-02,57.0,good,36.0,64.0,51.0,7.0,0.69,31.0
杭州,2024-12-03,102.0,lightly_polluted,76.0,126.0,57.0,6.0,0.84,26.0
杭州,2024-12-04,55.0,good,35.0,61.0,43.0,6.0,0.6,40.0
杭州,2024-12-05,53.0,good,35.0,55.0,40.0,5.0,0.69,25.0
杭州,2024-12-06,81.0,good,60.0,83.0,39.0,6.0,0.85,33.0
杭州,2024-12-07,140.0,lightly_polluted,106.0,142.0,41.0,7.0,0.99,53.0
杭州,2024-12-08,36.0,excellent,24.0,35.0,31.0,7.0,0.58,47.0
杭州,2024-12-09,54.0,good,35.0,58.0,51.0,7.0,0.62,28.0
杭州,2024-12-10,44.0,excellent,29.0,42.0,52.0,6.0,0.57,12.0
杭州,2024-12-11,27.0,excellent,18.0,22.0,28.0,5.0,0.64,44.0
杭州,2024-12-12,77.0,good,57.0,72.0,39.0,6.0,0.81,26.0
杭州,2024-12-13,81.0,good,60.0,78.0,36.0,6.0,0.75,38.0
杭州,2024-12-14,87.0,good,64.0,88.0,31.0,6.0,0.74,44.0
杭州,2024-12-15,56.0,good,38.0,57.0,40.0,6.0,0.68,33.0
杭州,2024-12-16,53.0,good,35.0,59.0,49.0,6.0,0.65,25.0
杭州,2024-12-17,56.0,good,38.0,63.0,55.0,6.0,0.68,24.0
杭州,2024-12-18,80.0,good,58.0,86.0,43.0,8.0,0.71,47.0
杭州,2024-12-19,38.0,excellent,25.0,38.0,33.0,6.0,0.53,41.0
杭州,2024-12-20,52.0,good,35.0,55.0,48.0,6.0,0.62,25.0
杭州,2024-12-21,81.0,good,59.0,88.0,44.0,8.0,0.76,42.0
杭州,2024-12-22,61.0,good,43.0,65.0,38.0,7.0,0.72,36.0
杭州,2024-12-23,69.0,good,49.0,76.0,61.0,7.0,0.81,9.0
杭州,2024-12-24,62.0,good,44.0,67.0,51.0,7.0,0.75,26.0
杭州,2024-12-25,90.0,good,67.0,95.0,54.0,7.0,0.77,30.0
杭州,2024-12-26,139.0,lightly_polluted,105.0,139.0,52.0,10.0,0.99,56.0
杭州,2024-12-27,65.0,good,43.0,67.0,41.0,8.0,0.68,52.0
杭州,2024-12-28,59.0,good,38.0,67.0,35.0,8.0,0.66,49.0
杭州,2024-12-29,67.0,good,47.0,79.0,55.0,7.0,0.74,28.0
杭州,2024-12-30,81.0,good,59.0,96.0,68.0,7.0,0.92,14.0
杭州,2024-12-31,77.0,good,53.0,92.0,50.0,7.0,0.8,38.0
成都,2024-01-01,190.0,moderately_polluted,144.0,166.0,42.0,2.0,1.17,14.0
成都,2024-01-02,111.0,lightly_polluted,84.0,104.0,37.0,2.0,1.05,20.0
成都,2024-01-03,92.0,good,68.0,87.0,37.0,2.0,0.98,33.0
成都,2024-01-04,80.0,good,59.0,74.0,28.0,2.0,0.81,21.0
成都,2024-01-05,99.0,good,74.0,100.0,49.0,2.0,1.08,4.0
成都,2024-01-06,97.0,good,72.0,99.0,50.0,2.0,1.02,16.0
成都,2024-01-07,104.0,lightly_polluted,78.0,103.0,52.0,2.0,1.03,24.0
成都,2024-01-08,139.0,lightly_polluted,106.0,134.0,48.0,2.0,1.12,25.0
成都,2024-01-09,115.0,lightly_polluted,87.0,111.0,33.0,2.0,0.9,48.0
成都,2024-01-10,109.0,lightly_polluted,81.0,105.0,45.0,2.0,1.1,32.0
成都,2024-01-11,130.0,lightly_polluted,99.0,122.0,46.0,2.0,1.13,25.0
成都,2024-01-12,144.0,lightly_polluted,109.0,135.0,47.0,2.0,1.19,32.0
成都,2024-01-13,188.0,moderately_polluted,142.0,175.0,58.0,3.0,1.18,8.0
成都,2024-01-14,140.0,lightly_polluted,106.0,132.0,42.0,2.0,1.06,25.0
成都,2024-01-15,113.0,lightly_polluted,85.0,115.0,49.0,3.0,1.05,18.0
成都,2024-01-16,47.0,excellent,30.0,47.0,26.0,2.0,0.74,36.0
成都,2024-01-17,47.0,excellent,30.0,49.0,40.0,2.0,0.88,19.0
成都,2024-01-18,72.0,good,52.0,78.0,48.0,2.0,0.96,23.0
成都,2024-01-19,51.0,good,34.0,51.0,30.0,2.0,0.78,21.0
成都,2024-01-20,37.0,excellent,21.0,37.0,25.0,2.0,0.67,26.0
成都,2024-01-21,30.0,excellent,18.0,29.0,12.0,2.0,0.61,47.0
成都,2024-01-22,35.0,excellent,17.0,35.0,16.0,2.0,0.48,50.0
成都,2024-01-23,38.0,excellent,24.0,37.0,18.0,2.0,0.53,28.0
成都,2024-01-24,30.0,excellent,20.0,27.0,18.0,2.0,0.5,29.0
成都,2024-01-25,38.0,excellent,26.0,36.0,27.0,2.0,0.56,26.0
成都,2024-01-26,57.0,good,40.0,54.0,29.0,2.0,0.63,28.0
成都,2024-01-27,53.0,good,37.0,49.0,27.0,3.0,0.63,35.0
成都,2024-01-28,62.0,good,44.0,59.0,34.0,3.0,0.7,30.0
成都,2024-01-29,91.0,good,67.0,86.0,40.0,2.0,0.83,18.0
成都,2024-01-30,99.0,good,74.0,97.0,40.0,2.0,0.84,12.0
成都,2024-01-31,117.0,lightly_polluted,88.0,112.0,42.0,3.0,0.94,22.0
成都,2024-02-01,80.0,good,59.0,77.0,33.0,2.0,0.8,34.0
成都,2024-02-02,52.0,good,37.0,48.0,23.0,2.0,0.72,19.0
成都,2024-02-03,26.0,excellent,16.0,25.0,20.0,2.0,0.82,23.0
成都,2024-02-04,23.0,excellent,15.0,22.0,14.0,3.0,0.71,44.0
成都,2024-02-05,32.0,excellent,22.0,31.0,18.0,3.0,0.7,26.0
成都,2024-02-06,48.0,excellent,33.0,44.0,20.0,3.0,0.75,29.0
成都,2024-02-07,47.0,excellent,32.0,41.0,19.0,2.0,0.74,37.0
成都,2024-02-08,76.0,good,56.0,65.0,25.0,2.0,0.86,32.0
成都,2024-02-09,73.0,good,53.0,62.0,17.0,3.0,0.76,56.0
成都,2024-02-10,131.0,lightly_polluted,98.0,109.0,18.0,4.0,0.8,67.0
成都,2024-02-11,111.0,lightly_polluted,83.0,94.0,23.0,3.0,0.87,57.0
成都,2024-02-12,109.0,lightly_polluted,82.0,94.0,25.0,3.0,0.88,57.0
成都,2024-02-13,108.0,lightly_polluted,81.0,93.0,30.0,3.0,0.91,59.0
成都,2024-02-14,90.0,good,63.0,84.0,26.0,4.0,0.74,48.0
成都,2024-02-15,37.0,excellent,18.0,37.0,10.0,2.0,0.37,60.0
成都,2024-02-16,29.0,excellent,14.0,28.0,13.0,2.0,0.4,63.0
成都,2024-02-17,47.0,excellent,32.0,46.0,23.0,2.0,0.49,60.0
成都,2024-02-18,62.0,good,44.0,61.0,27.0,3.0,0.58,58.0
成都,2024-02-19,157.0,moderately_polluted,83.0,253.0,18.0,2.0,0.46,56.0
成都,2024-02-20,278.0,heavily_polluted,137.0,399.0,16.0,2.0,0.48,48.0
成都,2024-02-21,43.0,excellent,15.0,48.0,8.0,2.0,0.48,36.0
成都,2024-02-22,48.0,excellent,21.0,54.0,10.0,2.0,0.48,39.0
成都,2024-02-23,21.0,excellent,10.0,20.0,12.0,2.0,0.49,40.0
成都,2024-02-24,41.0,excellent,27.0,41.0,15.0,2.0,0.55,46.0
成都,2024-02-25,56.0,good,38.0,60.0,28.0,2.0,0.66,33.0
成都,2024-02-26,54.0,good,37.0,58.0,28.0,2.0,0.62,35.0
成都,2024-02-27,63.0,good,44.0,66.0,27.0,2.0,0.61,30.0
成都,2024-02-28,71.0,good,52.0,72.0,32.0,2.0,0.65,15.0
成都,2024-02-29,44.0,excellent,30.0,43.0,26.0,2.0,0.62,35.0
成都,2024-03-01,59.0,good,42.0,53.0,26.0,2.0,0.69,35.0
成都,2024-03-02,56.0,good,40.0,53.0,27.0,2.0,0.7,38.0
成都,2024-03-03,83.0,good,61.0,83.0,41.0,2.0,0.8,20.0
成都,2024-03-04,87.0,good,64.0,88.0,39.0,2.0,0.81,27.0
成都,2024-03-05,70.0,good,48.0,72.0,38.0,2.0,0.83,31.0
成都,2024-03-06,59.0,good,33.0,68.0,40.0,2.0,0.67,39.0
成都,2024-03-07,70.0,good,44.0,91.0,45.0,3.0,0.7,39.0
成都,2024-03-08,77.0,good,53.0,99.0,45.0,3.0,0.72,39.0
成都,2024-03-09,87.0,good,64.0,89.0,32.0,2.0,0.79,37.0
成都,2024-03-10,83.0,good,61.0,81.0,36.0,2.0,0.81,28.0
成都,2024-03-11,50.0,excellent,31.0,48.0,25.0,2.0,0.75,61.0
成都,2024-03-12,68.0,good,48.0,78.0,51.0,3.0,0.83,38.0
成都,2024-03-13,38.0,excellent,19.0,35.0,21.0,2.0,0.48,83.0
成都,2024-03-14,36.0,excellent,20.0,34.0,20.0,2.0,0.48,74.0
成都,2024-03-15,64.0,good,46.0,64.0,22.0,3.0,0.6,77.0
成都,2024-03-16,72.0,good,47.0,85.0,23.0,3.0,0.63,57.0
成都,2024-03-17,86.0,good,40.0,123.0,14.0,2.0,0.45,74.0
成都,2024-03-18,50.0,excellent,22.0,53.0,15.0,2.0,0.48,71.0
成都,2024-03-19,53.0,good,25.0,58.0,23.0,2.0,0.51,58.0
成都,2024-03-20,62.0,good,36.0,75.0,26.0,4.0,0.54,67.0
成都,2024-03-21,63.0,good,33.0,75.0,31.0,4.0,0.6,83.0
成都,2024-03-22,79.0,good,51.0,96.0,50.0,4.0,0.85,86.0
成都,2024-03-23,87.0,good,63.0,105.0,41.0,4.0,0.8,85.0
成都,2024-03-24,45.0,excellent,24.0,47.0,15.0,3.0,0.55,70.0
成都,2024-03-25,27.0,excellent,10.0,21.0,17.0,2.0,0.5,74.0
成都,2024-03-26,36.0,excellent,18.0,35.0,26.0,3.0,0.53,65.0
成都,2024-03-27,46.0,excellent,29.0,48.0,39.0,3.0,0.64,25.0
成都,2024-03-28,38.0,excellent,20.0,36.0,25.0,3.0,0.57,57.0
成都,2024-03-29,58.0,good,29.0,58.0,42.0,4.0,0.73,79.0
成都,2024-03-30,50.0,excellent,28.0,49.0,35.0,3.0,0.59,73.0
成都,2024-03-31,42.0,excellent,22.0,39.0,29.0,3.0,0.54,76.0
成都,2024-04-01,47.0,excellent,29.0,47.0,26.0,3.0,0.56,84.0
成都,2024-04-02,58.0,good,34.0,65.0,19.0,3.0,0.53,81.0
成都,2024-04-03,66.0,good,39.0,82.0,18.0,2.0,0.5,65.0
成都,2024-04-04,55.0,good,28.0,60.0,15.0,2.0,0.45,60.0
成都,2024-04-05,33.0,excellent,15.0,29.0,10.0,2.0,0.5,59.0
成都,2024-04-06,32.0,excellent,14.0,32.0,15.0,2.0,0.45,54.0
成都,2024-04-07,29.0,excellent,16.0,29.0,20.0,2.0,0.48,48.0
成都,2024-04-08,32.0,excellent,17.0,31.0,24.0,3.0,0.57,40.0
成都,2024-04-09,38.0,excellent,23.0,38.0,24.0,2.0,0.56,44.0
成都,2024-04-10,33.0,excellent,17.0,29.0,17.0,3.0,0.5,53.0
成都,2024-04-11,30.0,excellent,14.0,26.0,15.0,2.0,0.5,74.0
成都,2024-04-12,38.0,excellent,22.0,37.0,22.0,3.0,0.55,78.0
成都,2024-04-13,56.0,good,36.0,56.0,29.0,3.0,0.63,85.0
成都,2024-04-14,71.0,good,44.0,67.0,29.0,3.0,0.7,92.0
成都,2024-04-15,72.0,good,48.0,75.0,35.0,5.0,0.7,87.0
成都,2024-04-16,52.0,good,29.0,54.0,17.0,3.0,0.5,85.0
成都,2024-04-17,52.0,good,31.0,55.0,18.0,2.0,0.55,68.0
成都,2024-04-18,31.0,excellent,18.0,28.0,20.0,2.0,0.58,56.0
成都,2024-04-19,29.0,excellent,11.0,22.0,18.0,2.0,0.55,68.0
成都,2024-04-20,53.0,good,29.0,67.0,20.0,2.0,0.48,65.0
成都,2024-04-21,83.0,good,44.0,116.0,20.0,2.0,0.48,65.0
成都,2024-04-22,55.0,good,31.0,62.0,13.0,2.0,0.48,81.0
成都,2024-04-23,31.0,excellent,12.0,30.0,21.0,2.0,0.43,60.0
成都,2024-04-24,28.0,excellent,11.0,26.0,14.0,3.0,0.38,70.0
成都,2024-04-25,33.0,excellent,15.0,30.0,17.0,2.0,0.45,79.0
成都,2024-04-26,60.0,good,41.0,58.0,26.0,3.0,0.63,86.0
成都,2024-04-27,66.0,good,39.0,57.0,25.0,3.0,0.66,99.0
成都,2024-04-28,104.0,lightly_polluted,78.0,98.0,24.0,5.0,0.83,109.0
成都,2024-04-29,54.0,good,34.0,47.0,14.0,3.0,0.57,69.0
成都,2024-04-30,26.0,excellent,6.0,15.0,16.0,2.0,0.33,78.0
成都,2024-05-01,45.0,excellent,31.0,42.0,20.0,3.0,0.52,51.0
成都,2024-05-02,29.0,excellent,20.0,28.0,15.0,2.0,0.48,46.0
成都,2024-05-03,21.0,excellent,11.0,19.0,11.0,2.0,0.48,53.0
成都,2024-05-04,30.0,excellent,13.0,23.0,18.0,2.0,0.53,59.0
成都,2024-05-05,42.0,excellent,22.0,39.0,19.0,3.0,0.55,83.0
成都,2024-05-06,59.0,good,39.0,59.0,31.0,4.0,0.68,84.0
成都,2024-05-07,64.0,good,45.0,68.0,43.0,3.0,0.76,46.0
成都,2024-05-08,45.0,excellent,28.0,45.0,29.0,2.0,0.58,47.0
成都,2024-05-09,40.0,excellent,24.0,39.0,16.0,3.0,0.47,82.0
成都,2024-05-10,60.0,good,43.0,57.0,22.0,2.0,0.61,61.0
成都,2024-05-11,58.0,good,34.0,59.0,23.0,2.0,0.57,53.0
成都,2024-05-12,52.0,good,20.0,54.0,20.0,4.0,0.46,62.0
成都,2024-05-13,43.0,excellent,15.0,43.0,15.0,3.0,0.43,89.0
成都,2024-05-14,56.0,good,24.0,56.0,23.0,3.0,0.48,103.0
成都,2024-05-15,64.0,good,36.0,63.0,29.0,4.0,0.6,103.0
成都,2024-05-16,62.0,good,35.0,60.0,21.0,3.0,0.59,118.0
成都,2024-05-17,69.0,good,48.0,77.0,27.0,4.0,0.68,114.0
成都,2024-05-18,64.0,good,45.0,65.0,23.0,5.0,0.63,86.0
成都,2024-05-19,52.0,good,25.0,39.0,15.0,3.0,0.5,109.0
成都,2024-05-20,43.0,excellent,12.0,27.0,18.0,3.0,0.47,113.0
成都,2024-05-21,42.0,excellent,17.0,32.0,14.0,3.0,0.49,110.0
成都,2024-05-22,57.0,good,25.0,43.0,18.0,3.0,0.56,123.0
成都,2024-05-23,66.0,good,31.0,51.0,20.0,3.0,0.6,129.0
成都,2024-05-24,67.0,good,30.0,49.0,19.0,3.0,0.61,139.0
成都,2024-05-25,53.0,good,27.0,47.0,14.0,3.0,0.58,123.0
成都,2024-05-26,44.0,excellent,17.0,36.0,12.0,3.0,0.49,113.0
成都,2024-05-27,43.0,excellent,22.0,41.0,15.0,3.0,0.55,112.0
成都,2024-05-28,28.0,excellent,14.0,24.0,15.0,2.0,0.54,66.0
成都,2024-05-29,29.0,excellent,9.0,15.0,8.0,2.0,0.46,88.0
成都,2024-05-30,35.0,excellent,10.0,28.0,15.0,3.0,0.39,92.0
成都,2024-05-31,50.0,excellent,18.0,52.0,23.0,4.0,0.45,90.0
成都,2024-06-01,47.0,excellent,22.0,51.0,19.0,3.0,0.43,92.0
成都,2024-06-02,32.0,excellent,15.0,28.0,8.0,3.0,0.41,86.0
成都,2024-06-03,38.0,excellent,24.0,37.0,18.0,2.0,0.55,64.0
成都,2024-06-04,31.0,excellent,14.0,24.0,9.0,3.0,0.44,98.0
成都,2024-06-05,31.0,excellent,14.0,26.0,10.0,2.0,0.46,94.0
成都,2024-06-06,36.0,excellent,21.0,34.0,15.0,2.0,0.54,80.0
成都,2024-06-07,34.0,excellent,21.0,32.0,16.0,2.0,0.59,70.0
成都,2024-06-08,39.0,excellent,23.0,35.0,18.0,3.0,0.62,54.0
成都,2024-06-09,34.0,excellent,20.0,34.0,16.0,3.0,0.5,64.0
成都,2024-06-10,50.0,excellent,31.0,49.0,21.0,3.0,0.6,78.0
成都,2024-06-11,39.0,excellent,16.0,27.0,12.0,2.0,0.44,99.0
成都,2024-06-12,38.0,excellent,15.0,28.0,12.0,3.0,0.49,110.0
成都,2024-06-13,51.0,good,24.0,40.0,22.0,3.0,0.6,110.0
成都,2024-06-14,78.0,good,40.0,60.0,26.0,4.0,0.7,129.0
成都,2024-06-15,65.0,good,36.0,57.0,25.0,3.0,0.67,122.0
成都,2024-06-16,47.0,excellent,30.0,45.0,17.0,2.0,0.61,84.0
成都,2024-06-17,37.0,excellent,9.0,20.0,11.0,2.0,0.47,105.0
成都,2024-06-18,37.0,excellent,22.0,37.0,19.0,2.0,0.55,81.0
成都,2024-06-19,37.0,excellent,20.0,31.0,13.0,2.0,0.52,89.0
成都,2024-06-20,31.0,excellent,20.0,31.0,15.0,2.0,0.57,67.0
成都,2024-06-21,36.0,excellent,19.0,30.0,17.0,2.0,0.55,69.0
成都,2024-06-22,38.0,excellent,10.0,26.0,18.0,2.0,0.43,105.0
成都,2024-06-23,45.0,excellent,23.0,46.0,26.0,6.0,0.56,97.0
成都,2024-06-24,43.0,excellent,22.0,41.0,22.0,4.0,0.54,88.0
成都,2024-06-25,35.0,excellent,14.0,26.0,13.0,3.0,0.44,103.0
成都,2024-06-26,26.0,excellent,13.0,23.0,12.0,2.0,0.44,72.0
成都,2024-06-27,24.0,excellent,13.0,22.0,12.0,2.0,0.46,66.0
成都,2024-06-28,29.0,excellent,18.0,27.0,14.0,2.0,0.5,73.0
成都,2024-06-29,44.0,excellent,23.0,35.0,16.0,3.0,0.58,90.0
成都,2024-06-30,46.0,excellent,25.0,39.0,15.0,3.0,0.55,99.0
成都,2024-07-01,38.0,excellent,9.0,19.0,11.0,2.0,0.36,113.0
成都,2024-07-02,37.0,excellent,13.0,27.0,18.0,4.0,0.45,104.0
成都,2024-07-03,31.0,excellent,10.0,17.0,7.0,2.0,0.42,98.0
成都,2024-07-04,26.0,excellent,10.0,20.0,12.0,3.0,0.43,75.0
成都,2024-07-05,43.0,excellent,24.0,35.0,13.0,2.0,0.53,92.0
成都,2024-07-06,42.0,excellent,24.0,39.0,13.0,3.0,0.59,95.0
成都,2024-07-07,35.0,excellent,22.0,35.0,10.0,2.0,0.53,68.0
成都,2024-07-08,16.0,excellent,7.0,12.0,7.0,2.0,0.41,42.0
成都,2024-07-09,16.0,excellent,4.0,9.0,7.0,2.0,0.48,50.0
成都,2024-07-10,20.0,excellent,8.0,15.0,15.0,2.0,0.58,50.0
成都,2024-07-11,31.0,excellent,10.0,24.0,15.0,2.0,0.51,75.0
成都,2024-07-12,36.0,excellent,12.0,25.0,16.0,3.0,0.56,93.0
成都,2024-07-13,26.0,excellent,11.0,17.0,9.0,2.0,0.52,83.0
成都,2024-07-14,19.0,excellent,5.0,9.0,5.0,2.0,0.51,61.0
成都,2024-07-15,17.0,excellent,7.0,14.0,9.0,2.0,0.57,46.0
成都,2024-07-16,23.0,excellent,12.0,21.0,10.0,2.0,0.57,52.0
成都,2024-07-17,21.0,excellent,13.0,20.0,8.0,2.0,0.45,39.0
成都,2024-07-18,18.0,excellent,9.0,15.0,9.0,2.0,0.44,50.0
成都,2024-07-19,23.0,excellent,11.0,20.0,11.0,2.0,0.47,51.0
成都,2024-07-20,19.0,excellent,10.0,18.0,9.0,2.0,0.45,38.0
成都,2024-07-21,25.0,excellent,14.0,25.0,13.0,2.0,0.52,43.0
成都,2024-07-22,28.0,excellent,11.0,21.0,12.0,2.0,0.53,69.0
成都,2024-07-23,34.0,excellent,18.0,31.0,12.0,3.0,0.55,73.0
成都,2024-07-24,27.0,excellent,15.0,24.0,9.0,2.0,0.45,60.0
成都,2024-07-25,38.0,excellent,17.0,40.0,18.0,3.0,0.5,49.0
成都,2024-07-26,57.0,good,26.0,63.0,20.0,3.0,0.54,83.0
成都,2024-07-27,51.0,good,22.0,53.0,21.0,3.0,0.53,53.0
成都,2024-07-28,25.0,excellent,12.0,24.0,13.0,2.0,0.48,54.0
成都,2024-07-29,24.0,excellent,11.0,21.0,13.0,2.0,0.48,67.0
成都,2024-07-30,29.0,excellent,11.0,24.0,16.0,3.0,0.53,74.0
成都,2024-07-31,36.0,excellent,18.0,30.0,15.0,3.0,0.57,92.0
成都,2024-08-01,41.0,excellent,23.0,37.0,15.0,3.0,0.54,108.0
成都,2024-08-02,42.0,excellent,21.0,36.0,16.0,3.0,0.56,103.0
成都,2024-08-03,33.0,excellent,16.0,27.0,11.0,3.0,0.48,100.0
成都,2024-08-04,27.0,excellent,7.0,15.0,9.0,2.0,0.45,87.0
成都,2024-08-05,30.0,excellent,13.0,22.0,9.0,2.0,0.5,87.0
成都,2024-08-06,37.0,excellent,20.0,32.0,13.0,2.0,0.52,96.0
成都,2024-08-07,35.0,excellent,15.0,26.0,11.0,2.0,0.52,106.0
成都,2024-08-08,36.0,excellent,19.0,31.0,11.0,2.0,0.52,103.0
成都,2024-08-09,36.0,excellent,20.0,35.0,15.0,2.0,0.5,56.0
成都,2024-08-10,31.0,excellent,13.0,31.0,19.0,3.0,0.52,48.0
成都,2024-08-11,50.0,excellent,18.0,51.0,21.0,3.0,0.51,82.0
成都,2024-08-12,61.0,good,22.0,62.0,24.0,3.0,0.57,100.0
成都,2024-08-13,61.0,good,24.0,55.0,26.0,3.0,0.59,106.0
成都,2024-08-14,69.0,good,30.0,63.0,28.0,5.0,0.61,109.0
成都,2024-08-15,41.0,excellent,19.0,37.0,16.0,3.0,0.5,108.0
成都,2024-08-16,52.0,good,26.0,43.0,25.0,3.0,0.58,97.0
成都,2024-08-17,57.0,good,22.0,39.0,23.0,4.0,0.57,108.0
成都,2024-08-18,43.0,excellent,19.0,31.0,16.0,3.0,0.5,105.0
成都,2024-08-19,43.0,excellent,19.0,31.0,14.0,3.0,0.55,117.0
成都,2024-08-20,60.0,good,30.0,45.0,21.0,3.0,0.64,122.0
成都,2024-08-21,77.0,good,41.0,60.0,23.0,4.0,0.69,128.0
成都,2024-08-22,77.0,good,42.0,61.0,20.0,4.0,0.71,138.0
成都,2024-08-23,66.0,good,37.0,55.0,18.0,4.0,0.69,123.0
成都,2024-08-24,58.0,good,22.0,38.0,16.0,3.0,0.63,139.0
成都,2024-08-25,60.0,good,31.0,48.0,19.0,3.0,0.68,123.0
成都,2024-08-26,56.0,good,24.0,39.0,17.0,3.0,0.61,128.0
成都,2024-08-27,59.0,good,26.0,44.0,19.0,4.0,0.62,110.0
成都,2024-08-28,62.0,good,34.0,52.0,19.0,4.0,0.65,113.0
成都,2024-08-29,38.0,excellent,21.0,37.0,9.0,3.0,0.6,97.0
成都,2024-08-30,37.0,excellent,20.0,37.0,12.0,4.0,0.62,79.0
成都,2024-08-31,37.0,excellent,23.0,37.0,13.0,4.0,0.63,84.0
成都,2024-09-01,51.0,good,20.0,33.0,13.0,3.0,0.6,116.0
成都,2024-09-02,52.0,good,25.0,41.0,19.0,3.0,0.63,102.0
成都,2024-09-03,46.0,excellent,17.0,29.0,13.0,3.0,0.53,117.0
成都,2024-09-04,57.0,good,25.0,40.0,18.0,4.0,0.58,115.0
成都,2024-09-05,35.0,excellent,12.0,24.0,12.0,3.0,0.4,103.0
成都,2024-09-06,51.0,good,21.0,35.0,19.0,4.0,0.48,103.0
成都,2024-09-07,47.0,excellent,18.0,28.0,11.0,3.0,0.53,127.0
成都,2024-09-08,39.0,excellent,21.0,34.0,14.0,3.0,0.6,106.0
成都,2024-09-09,39.0,excellent,20.0,32.0,13.0,5.0,0.56,101.0
成都,2024-09-10,30.0,excellent,8.0,15.0,11.0,3.0,0.42,94.0
成都,2024-09-11,35.0,excellent,10.0,19.0,16.0,3.0,0.45,97.0
成都,2024-09-12,34.0,excellent,16.0,29.0,19.0,2.0,0.53,87.0
成都,2024-09-13,37.0,excellent,20.0,33.0,12.0,3.0,0.52,98.0
成都,2024-09-14,34.0,excellent,16.0,26.0,17.0,3.0,0.55,83.0
成都,2024-09-15,28.0,excellent,9.0,17.0,15.0,2.0,0.54,80.0
成都,2024-09-16,35.0,excellent,19.0,35.0,20.0,3.0,0.63,52.0
成都,2024-09-17,34.0,excellent,16.0,31.0,17.0,3.0,0.6,60.0
成都,2024-09-18,45.0,excellent,26.0,42.0,23.0,3.0,0.67,69.0
成都,2024-09-19,49.0,excellent,28.0,48.0,26.0,4.0,0.65,75.0
成都,2024-09-20,49.0,excellent,25.0,43.0,23.0,4.0,0.65,72.0
成都,2024-09-21,27.0,excellent,5.0,18.0,15.0,3.0,0.4,80.0
成都,2024-09-22,32.0,excellent,11.0,25.0,17.0,3.0,0.46,85.0
成都,2024-09-23,37.0,excellent,19.0,35.0,17.0,3.0,0.58,79.0
成都,2024-09-24,47.0,excellent,27.0,48.0,28.0,3.0,0.66,83.0
成都,2024-09-25,78.0,good,50.0,75.0,28.0,4.0,0.77,102.0
成都,2024-09-26,70.0,good,50.0,69.0,28.0,3.0,0.77,90.0
成都,2024-09-27,76.0,good,49.0,70.0,33.0,4.0,0.78,99.0
成都,2024-09-28,84.0,good,62.0,83.0,24.0,5.0,0.78,79.0
成都,2024-09-29,43.0,excellent,27.0,35.0,13.0,3.0,0.58,55.0
成都,2024-09-30,19.0,excellent,4.0,9.0,15.0,2.0,0.39,54.0
成都,2024-10-01,24.0,excellent,9.0,20.0,21.0,3.0,0.45,48.0
成都,2024-10-02,30.0,excellent,14.0,30.0,17.0,3.0,0.45,60.0
成都,2024-10-03,24.0,excellent,9.0,18.0,10.0,2.0,0.41,66.0
成都,2024-10-04,25.0,excellent,13.0,24.0,14.0,2.0,0.45,57.0
成都,2024-10-05,34.0,excellent,20.0,34.0,20.0,2.0,0.52,51.0
成都,2024-10-06,47.0,excellent,32.0,44.0,21.0,2.0,0.57,49.0
成都,2024-10-07,32.0,excellent,21.0,28.0,17.0,2.0,0.53,54.0
成都,2024-10-08,35.0,excellent,22.0,35.0,26.0,2.0,0.58,42.0
成都,2024-10-09,53.0,good,36.0,54.0,31.0,2.0,0.69,34.0
成都,2024-10-10,39.0,excellent,24.0,38.0,26.0,2.0,0.6,49.0
成都,2024-10-11,31.0,excellent,19.0,30.0,20.0,2.0,0.54,49.0
成都,2024-10-12,34.0,excellent,23.0,32.0,18.0,2.0,0.6,56.0
成都,2024-10-13,42.0,excellent,29.0,41.0,25.0,2.0,0.65,42.0
成都,2024-10-14,51.0,good,34.0,53.0,36.0,3.0,0.83,33.0
成都,2024-10-15,57.0,good,39.0,55.0,33.0,3.0,0.89,56.0
成都,2024-10-16,58.0,good,41.0,56.0,37.0,3.0,0.84,39.0
成都,2024-10-17,26.0,excellent,13.0,21.0,17.0,2.0,0.52,75.0
成都,2024-10-18,35.0,excellent,22.0,34.0,29.0,2.0,0.67,38.0
成都,2024-10-19,25.0,excellent,16.0,22.0,22.0,2.0,0.57,35.0
成都,2024-10-20,13.0,excellent,4.0,8.0,13.0,2.0,0.58,40.0
成都,2024-10-21,15.0,excellent,7.0,14.0,18.0,2.0,0.55,32.0
成都,2024-10-22,32.0,excellent,15.0,32.0,24.0,2.0,0.59,44.0
成都,2024-10-23,48.0,excellent,26.0,49.0,35.0,3.0,0.68,47.0
成都,2024-10-24,58.0,good,40.0,61.0,39.0,3.0,0.69,36.0
成都,2024-10-25,50.0,excellent,30.0,51.0,28.0,3.0,0.64,47.0
成都,2024-10-26,31.0,excellent,17.0,32.0,30.0,3.0,0.53,33.0
成都,2024-10-27,32.0,excellent,16.0,29.0,27.0,3.0,0.5,44.0
成都,2024-10-28,40.0,excellent,22.0,37.0,30.0,3.0,0.59,56.0
成都,2024-10-29,58.0,good,40.0,60.0,42.0,3.0,0.63,30.0
成都,2024-10-30,51.0,good,33.0,51.0,30.0,2.0,0.55,42.0
成都,2024-10-31,45.0,excellent,28.0,44.0,27.0,3.0,0.55,35.0
成都,2024-11-01,38.0,excellent,22.0,36.0,28.0,3.0,0.63,41.0
成都,2024-11-02,40.0,excellent,26.0,40.0,25.0,3.0,0.61,55.0
成都,2024-11-03,43.0,excellent,28.0,43.0,24.0,3.0,0.57,50.0
成都,2024-11-04,33.0,excellent,18.0,31.0,24.0,2.0,0.51,47.0
成都,2024-11-05,35.0,excellent,21.0,35.0,28.0,2.0,0.5,45.0
成都,2024-11-06,46.0,excellent,30.0,45.0,30.0,3.0,0.52,31.0
成都,2024-11-07,59.0,good,42.0,58.0,29.0,3.0,0.57,24.0
成都,2024-11-08,81.0,good,59.0,77.0,31.0,2.0,0.68,18.0
成都,2024-11-09,50.0,excellent,35.0,45.0,18.0,2.0,0.58,27.0
成都,2024-11-10,29.0,excellent,18.0,28.0,19.0,2.0,0.39,41.0
成都,2024-11-11,42.0,excellent,28.0,42.0,34.0,3.0,0.6,12.0
成都,2024-11-12,37.0,excellent,25.0,36.0,29.0,2.0,0.61,14.0
成都,2024-11-13,25.0,excellent,15.0,25.0,22.0,2.0,0.56,16.0
成都,2024-11-14,52.0,good,36.0,52.0,35.0,2.0,0.81,10.0
成都,2024-11-15,63.0,good,45.0,62.0,35.0,3.0,0.73,9.0
成都,2024-11-16,35.0,excellent,18.0,34.0,23.0,2.0,0.52,24.0
成都,2024-11-17,24.0,excellent,7.0,23.0,18.0,2.0,0.35,44.0
成都,2024-11-18,15.0,excellent,3.0,8.0,13.0,2.0,0.37,47.0
成都,2024-11-19,13.0,excellent,4.0,12.0,17.0,2.0,0.4,29.0
成都,2024-11-20,24.0,excellent,12.0,24.0,25.0,2.0,0.51,29.0
成都,2024-11-21,33.0,excellent,20.0,33.0,29.0,3.0,0.59,30.0
成都,2024-11-22,46.0,excellent,31.0,45.0,29.0,3.0,0.62,24.0
成都,2024-11-23,51.0,good,35.0,48.0,29.0,3.0,0.63,25.0
成都,2024-11-24,37.0,excellent,25.0,35.0,23.0,2.0,0.57,21.0
成都,2024-11-25,20.0,excellent,7.0,17.0,20.0,2.0,0.4,47.0
成都,2024-11-26,33.0,excellent,13.0,33.0,34.0,2.0,0.4,25.0
成都,2024-11-27,39.0,excellent,19.0,39.0,29.0,3.0,0.43,30.0
成都,2024-11-28,51.0,good,33.0,54.0,39.0,3.0,0.6,22.0
成都,2024-11-29,54.0,good,37.0,57.0,37.0,3.0,0.66,28.0
成都,2024-11-30,60.0,good,43.0,63.0,39.0,3.0,0.64,42.0
成都,2024-12-01,74.0,good,54.0,77.0,47.0,3.0,0.68,44.0
成都,2024-12-02,108.0,lightly_polluted,81.0,108.0,55.0,4.0,0.84,21.0
成都,2024-12-03,108.0,lightly_polluted,81.0,105.0,41.0,3.0,0.73,31.0
成都,2024-12-04,72.0,good,52.0,72.0,36.0,3.0,0.63,25.0
成都,2024-12-05,51.0,good,32.0,53.0,38.0,3.0,0.59,33.0
成都,2024-12-06,38.0,excellent,21.0,38.0,33.0,3.0,0.46,36.0
成都,2024-12-07,29.0,excellent,16.0,29.0,22.0,3.0,0.4,45.0
成都,2024-12-08,17.0,excellent,10.0,16.0,20.0,3.0,0.41,40.0
成都,2024-12-09,28.0,excellent,17.0,25.0,21.0,2.0,0.46,40.0
成都,2024-12-10,48.0,excellent,33.0,47.0,28.0,3.0,0.48,33.0
成都,2024-12-11,56.0,good,40.0,56.0,39.0,3.0,0.64,23.0
成都,2024-12-12,59.0,good,42.0,55.0,32.0,2.0,0.54,32.0
成都,2024-12-13,45.0,excellent,29.0,43.0,25.0,2.0,0.42,51.0
成都,2024-12-14,47.0,excellent,31.0,46.0,28.0,2.0,0.48,47.0
成都,2024-12-15,61.0,good,43.0,60.0,33.0,3.0,0.6,41.0
成都,2024-12-16,73.0,good,53.0,73.0,43.0,3.0,0.73,42.0
成都,2024-12-17,101.0,lightly_polluted,76.0,99.0,57.0,3.0,0.83,36.0
成都,2024-12-18,140.0,lightly_polluted,107.0,133.0,56.0,3.0,0.97,18.0
成都,2024-12-19,100.0,good,75.0,90.0,37.0,2.0,0.7,34.0
成都,2024-12-20,94.0,good,69.0,84.0,35.0,2.0,0.7,23.0
成都,2024-12-21,95.0,good,70.0,86.0,38.0,2.0,0.78,17.0
成都,2024-12-22,57.0,good,40.0,50.0,25.0,2.0,0.7,20.0
成都,2024-12-23,53.0,good,37.0,46.0,22.0,2.0,0.7,19.0
成都,2024-12-24,63.0,good,45.0,57.0,28.0,2.0,0.62,31.0
成都,2024-12-25,72.0,good,52.0,71.0,48.0,2.0,0.83,10.0
成都,2024-12-26,78.0,good,57.0,75.0,37.0,2.0,0.85,32.0
成都,2024-12-27,105.0,lightly_polluted,79.0,101.0,50.0,2.0,0.79,22.0
成都,2024-12-28,90.0,good,67.0,93.0,47.0,2.0,0.77,19.0
成都,2024-12-29,68.0,good,49.0,78.0,44.0,3.0,0.6,31.0
成都,2024-12-30,66.0,good,46.0,69.0,38.0,3.0,0.72,37.0
成都,2024-12-31,71.0,good,51.0,72.0,43.0,3.0,0.75,58.0
武汉,2024-01-01,122.0,lightly_polluted,92.0,109.0,37.0,10.0,1.17,66.0
武汉,2024-01-02,117.0,lightly_polluted,88.0,97.0,37.0,7.0,0.98,47.0
武汉,2024-01-03,71.0,good,51.0,60.0,31.0,6.0,0.73,52.0
武汉,2024-01-04,72.0,good,52.0,71.0,56.0,9.0,0.98,30.0
武汉,2024-01-05,86.0,good,63.0,83.0,73.0,11.0,1.25,27.0
武汉,2024-01-06,107.0,lightly_polluted,80.0,96.0,62.0,9.0,0.88,45.0
武汉,2024-01-07,167.0,moderately_polluted,126.0,135.0,36.0,10.0,1.07,66.0
武汉,2024-01-08,176.0,moderately_polluted,132.0,143.0,49.0,9.0,1.24,41.0
武汉,2024-01-09,153.0,moderately_polluted,116.0,147.0,61.0,8.0,1.3,30.0
武汉,2024-01-10,134.0,lightly_polluted,101.0,118.0,48.0,11.0,1.22,52.0
武汉,2024-01-11,132.0,lightly_polluted,100.0,119.0,69.0,10.0,1.14,39.0
武汉,2024-01-12,126.0,lightly_polluted,95.0,123.0,87.0,11.0,1.47,27.0
武汉,2024-01-13,107.0,lightly_polluted,80.0,105.0,75.0,12.0,1.35,38.0
武汉,2024-01-14,188.0,moderately_polluted,152.0,167.0,58.0,10.0,1.37,37.0
武汉,2024-01-15,138.0,lightly_polluted,105.0,128.0,35.0,8.0,1.06,37.0
武汉,2024-01-16,54.0,good,37.0,44.0,31.0,7.0,0.69,25.0
武汉,2024-01-17,29.0,excellent,19.0,19.0,31.0,6.0,0.78,7.0
武汉,2024-01-18,39.0,excellent,27.0,23.0,23.0,6.0,0.78,26.0
武汉,2024-01-19,23.0,excellent,16.0,15.0,28.0,6.0,0.88,12.0
武汉,2024-01-20,55.0,good,39.0,39.0,24.0,6.0,0.58,37.0
武汉,2024-01-21,79.0,good,58.0,60.0,21.0,7.0,0.68,52.0
武汉,2024-01-22,43.0,excellent,30.0,38.0,15.0,7.0,0.56,58.0
武汉,2024-01-23,29.0,excellent,18.0,24.0,19.0,7.0,0.49,59.0
武汉,2024-01-24,48.0,excellent,34.0,39.0,46.0,8.0,0.63,36.0
武汉,2024-01-25,68.0,good,49.0,57.0,61.0,8.0,0.64,35.0
武汉,2024-01-26,82.0,good,60.0,72.0,75.0,9.0,0.88,22.0
武汉,2024-01-27,100.0,good,75.0,88.0,72.0,8.0,0.96,31.0
武汉,2024-01-28,89.0,good,66.0,82.0,71.0,10.0,0.98,41.0
武汉,2024-01-29,96.0,good,71.0,90.0,61.0,13.0,0.99,48.0
武汉,2024-01-30,114.0,lightly_polluted,86.0,97.0,55.0,10.0,1.2,27.0
武汉,2024-01-31,104.0,lightly_polluted,78.0,86.0,46.0,7.0,1.22,24.0
武汉,2024-02-01,40.0,excellent,28.0,29.0,25.0,5.0,0.99,25.0
武汉,2024-02-02,33.0,excellent,23.0,20.0,16.0,5.0,0.59,42.0
武汉,2024-02-03,62.0,good,45.0,37.0,18.0,5.0,0.73,45.0
武汉,2024-02-04,108.0,lightly_polluted,81.0,65.0,22.0,6.0,0.97,54.0
武汉,2024-02-05,83.0,good,61.0,52.0,19.0,6.0,0.71,73.0
武汉,2024-02-06,93.0,good,69.0,58.0,21.0,6.0,0.81,76.0
武汉,2024-02-07,110.0,lightly_polluted,83.0,76.0,23.0,6.0,0.9,95.0
武汉,2024-02-08,117.0,lightly_polluted,88.0,83.0,34.0,8.0,1.18,91.0
武汉,2024-02-09,118.0,lightly_polluted,88.0,86.0,32.0,7.0,0.95,85.0
武汉,2024-02-10,151.0,moderately_polluted,114.0,122.0,28.0,10.0,0.95,69.0
武汉,2024-02-11,122.0,lightly_polluted,91.0,115.0,37.0,8.0,0.95,53.0
武汉,2024-02-12,69.0,good,50.0,70.0,22.0,10.0,0.97,80.0
武汉,2024-02-13,50.0,excellent,35.0,47.0,24.0,10.0,0.91,70.0
武汉,2024-02-14,56.0,good,39.0,56.0,30.0,11.0,1.02,52.0
武汉,2024-02-15,60.0,good,43.0,56.0,10.0,7.0,0.73,80.0
武汉,2024-02-16,30.0,excellent,19.0,23.0,15.0,7.0,0.66,70.0
武汉,2024-02-17,43.0,excellent,29.0,34.0,22.0,9.0,1.01,42.0
武汉,2024-02-18,46.0,excellent,31.0,47.0,30.0,8.0,1.02,41.0
武汉,2024-02-19,72.0,good,50.0,75.0,15.0,7.0,0.91,47.0
武汉,2024-02-20,15.0,excellent,4.0,6.0,13.0,6.0,0.55,49.0
武汉,2024-02-21,31.0,excellent,20.0,21.0,12.0,6.0,0.56,54.0
武汉,2024-02-22,47.0,excellent,32.0,32.0,11.0,6.0,0.6,64.0
武汉,2024-02-23,57.0,good,40.0,38.0,14.0,6.0,0.55,76.0
武汉,2024-02-24,64.0,good,46.0,42.0,18.0,6.0,0.5,76.0
武汉,2024-02-25,84.0,good,62.0,56.0,30.0,7.0,0.69,69.0
武汉,2024-02-26,108.0,lightly_polluted,81.0,76.0,53.0,7.0,0.83,38.0
武汉,2024-02-27,98.0,good,73.0,75.0,39.0,8.0,0.82,81.0
武汉,2024-02-28,124.0,lightly_polluted,94.0,105.0,59.0,8.0,0.99,36.0
武汉,2024-02-29,93.0,good,69.0,78.0,24.0,6.0,0.66,68.0
武汉,2024-03-01,57.0,good,40.0,42.0,22.0,6.0,0.64,67.0
武汉,2024-03-02,62.0,good,44.0,47.0,38.0,6.0,0.74,55.0
武汉,2024-03-03,55.0,good,39.0,51.0,40.0,9.0,0.78,61.0
武汉,2024-03-04,40.0,excellent,27.0,32.0,33.0,7.0,0.92,38.0
武汉,2024-03-05,104.0,lightly_polluted,78.0,90.0,25.0,6.0,0.79,49.0
武汉,2024-03-06,79.0,good,58.0,64.0,23.0,6.0,0.84,47.0
武汉,2024-03-07,80.0,good,58.0,61.0,31.0,7.0,0.86,58.0
武汉,2024-03-08,77.0,good,47.0,79.0,45.0,7.0,0.73,58.0
武汉,2024-03-09,69.0,good,48.0,79.0,46.0,9.0,0.74,70.0
武汉,2024-03-10,87.0,good,64.0,95.0,57.0,10.0,0.95,72.0
武汉,2024-03-11,86.0,good,63.0,93.0,35.0,10.0,0.69,96.0
武汉,2024-03-12,77.0,good,53.0,88.0,53.0,10.0,0.82,82.0
武汉,2024-03-13,58.0,good,39.0,66.0,33.0,9.0,0.72,94.0
武汉,2024-03-14,48.0,excellent,32.0,47.0,45.0,7.0,0.7,70.0
武汉,2024-03-15,68.0,good,49.0,70.0,29.0,9.0,0.82,90.0
武汉,2024-03-16,99.0,good,74.0,109.0,52.0,9.0,0.93,58.0
武汉,2024-03-17,71.0,good,49.0,75.0,24.0,6.0,0.81,77.0
武汉,2024-03-18,57.0,good,19.0,66.0,25.0,6.0,0.49,56.0
武汉,2024-03-19,62.0,good,28.0,73.0,33.0,7.0,0.49,62.0
武汉,2024-03-20,75.0,good,34.0,99.0,48.0,8.0,0.73,64.0
武汉,2024-03-21,66.0,good,29.0,83.0,48.0,10.0,0.74,63.0
武汉,2024-03-22,60.0,good,34.0,69.0,37.0,10.0,0.78,76.0
武汉,2024-03-23,50.0,excellent,29.0,54.0,27.0,10.0,0.84,72.0
武汉,2024-03-24,37.0,excellent,24.0,36.0,20.0,7.0,0.9,47.0
武汉,2024-03-25,25.0,excellent,14.0,20.0,15.0,6.0,0.59,67.0
武汉,2024-03-26,41.0,excellent,27.0,37.0,28.0,8.0,0.78,86.0
武汉,2024-03-27,48.0,excellent,33.0,44.0,41.0,9.0,1.03,46.0
武汉,2024-03-28,59.0,good,39.0,55.0,33.0,7.0,0.81,62.0
武汉,2024-03-29,44.0,excellent,20.0,44.0,32.0,8.0,0.59,88.0
武汉,2024-03-30,53.0,good,30.0,55.0,43.0,10.0,0.79,83.0
武汉,2024-03-31,52.0,good,34.0,50.0,25.0,7.0,0.7,103.0
武汉,2024-04-01,39.0,excellent,23.0,37.0,28.0,9.0,0.8,79.0
武汉,2024-04-02,20.0,excellent,13.0,17.0,21.0,6.0,0.79,48.0
武汉,2024-04-03,58.0,good,39.0,62.0,18.0,7.0,0.71,97.0
武汉,2024-04-04,63.0,good,45.0,65.0,17.0,7.0,0.68,50.0
武汉,2024-04-05,49.0,excellent,33.0,51.0,23.0,9.0,0.8,78.0
武汉,2024-04-06,40.0,excellent,27.0,36.0,23.0,7.0,0.7,88.0
武汉,2024-04-07,56.0,good,39.0,57.0,41.0,7.0,0.65,53.0
武汉,2024-04-08,43.0,excellent,28.0,44.0,30.0,6.0,0.62,63.0
武汉,2024-04-09,38.0,excellent,18.0,33.0,26.0,8.0,0.63,82.0
武汉,2024-04-10,44.0,excellent,26.0,46.0,35.0,8.0,0.66,79.0
武汉,2024-04-11,56.0,good,37.0,61.0,50.0,7.0,0.95,43.0
武汉,2024-04-12,50.0,excellent,29.0,49.0,35.0,6.0,0.69,76.0
武汉,2024-04-13,47.0,excellent,30.0,51.0,39.0,8.0,1.03,50.0
武汉,2024-04-14,42.0,excellent,27.0,42.0,22.0,6.0,0.81,73.0
武汉,2024-04-15,57.0,good,33.0,60.0,33.0,7.0,0.99,78.0
武汉,2024-04-16,40.0,excellent,24.0,40.0,23.0,7.0,0.73,72.0
武汉,2024-04-17,42.0,excellent,22.0,40.0,16.0,6.0,0.53,94.0
武汉,2024-04-18,45.0,excellent,26.0,43.0,22.0,8.0,0.7,100.0
武汉,2024-04-19,31.0,excellent,17.0,26.0,20.0,6.0,0.78,70.0
武汉,2024-04-20,52.0,good,32.0,53.0,20.0,7.0,0.65,102.0
武汉,2024-04-21,69.0,good,50.0,86.0,26.0,8.0,0.83,108.0
武汉,2024-04-22,60.0,good,34.0,63.0,32.0,8.0,0.75,106.0
武汉,2024-04-23,48.0,excellent,27.0,55.0,19.0,7.0,0.44,113.0
武汉,2024-04-24,98.0,good,46.0,146.0,36.0,10.0,0.63,92.0
武汉,2024-04-25,94.0,good,60.0,138.0,48.0,11.0,0.91,79.0
武汉,2024-04-26,87.0,good,59.0,109.0,50.0,9.0,1.05,90.0
武汉,2024-04-27,57.0,good,33.0,57.0,37.0,9.0,0.86,93.0
武汉,2024-04-28,39.0,excellent,24.0,37.0,18.0,6.0,0.66,83.0
武汉,2024-04-29,27.0,excellent,17.0,26.0,16.0,7.0,0.6,78.0
武汉,2024-04-30,35.0,excellent,23.0,29.0,14.0,6.0,0.53,74.0
武汉,2024-05-01,46.0,excellent,32.0,41.0,18.0,7.0,0.7,71.0
武汉,2024-05-02,43.0,excellent,24.0,37.0,23.0,8.0,0.65,82.0
武汉,2024-05-03,31.0,excellent,20.0,28.0,23.0,8.0,0.61,90.0
武汉,2024-05-04,28.0,excellent,18.0,20.0,16.0,6.0,0.49,70.0
武汉,2024-05-05,40.0,excellent,25.0,34.0,19.0,6.0,0.5,76.0
武汉,2024-05-06,41.0,excellent,23.0,37.0,30.0,8.0,0.69,73.0
武汉,2024-05-07,53.0,good,31.0,53.0,36.0,9.0,1.01,84.0
武汉,2024-05-08,55.0,good,28.0,45.0,27.0,9.0,0.6,117.0
武汉,2024-05-09,63.0,good,31.0,52.0,26.0,10.0,0.56,139.0
武汉,2024-05-10,60.0,good,42.0,58.0,23.0,9.0,0.62,100.0
武汉,2024-05-11,62.0,good,36.0,71.0,21.0,6.0,0.66,63.0
武汉,2024-05-12,102.0,lightly_polluted,42.0,154.0,23.0,8.0,0.48,115.0
武汉,2024-05-13,85.0,good,38.0,108.0,25.0,10.0,0.53,132.0
武汉,2024-05-14,68.0,good,36.0,75.0,28.0,11.0,0.62,133.0
武汉,2024-05-15,69.0,good,38.0,83.0,30.0,11.0,0.71,119.0
武汉,2024-05-16,64.0,good,28.0,57.0,20.0,9.0,0.52,141.0
武汉,2024-05-17,63.0,good,36.0,64.0,23.0,8.0,0.53,134.0
武汉,2024-05-18,57.0,good,37.0,56.0,21.0,8.0,0.53,134.0
武汉,2024-05-19,70.0,good,47.0,74.0,26.0,10.0,0.75,115.0
武汉,2024-05-20,49.0,excellent,32.0,49.0,17.0,7.0,0.59,113.0
武汉,2024-05-21,46.0,excellent,29.0,45.0,18.0,7.0,0.69,116.0
武汉,2024-05-22,30.0,excellent,18.0,25.0,16.0,6.0,0.62,80.0
武汉,2024-05-23,34.0,excellent,16.0,24.0,22.0,6.0,0.55,82.0
武汉,2024-05-24,47.0,excellent,24.0,38.0,30.0,7.0,0.68,95.0
武汉,2024-05-25,43.0,excellent,24.0,36.0,18.0,7.0,0.65,103.0
武汉,2024-05-26,39.0,excellent,26.0,37.0,16.0,6.0,0.69,89.0
武汉,2024-05-27,35.0,excellent,15.0,27.0,11.0,6.0,0.64,97.0
武汉,2024-05-28,46.0,excellent,11.0,23.0,20.0,9.0,0.61,124.0
武汉,2024-05-29,55.0,good,18.0,30.0,18.0,8.0,0.59,147.0
武汉,2024-05-30,94.0,good,69.0,72.0,20.0,6.0,0.79,109.0
武汉,2024-05-31,67.0,good,46.0,62.0,24.0,6.0,0.77,106.0
武汉,2024-06-01,40.0,excellent,22.0,33.0,22.0,9.0,0.8,101.0
武汉,2024-06-02,41.0,excellent,23.0,35.0,24.0,7.0,0.7,104.0
武汉,2024-06-03,42.0,excellent,19.0,30.0,22.0,8.0,0.65,107.0
武汉,2024-06-04,35.0,excellent,14.0,24.0,19.0,7.0,0.51,109.0
武汉,2024-06-05,38.0,excellent,20.0,25.0,16.0,7.0,0.59,117.0
武汉,2024-06-06,57.0,good,28.0,39.0,19.0,7.0,0.64,126.0
武汉,2024-06-07,48.0,excellent,23.0,33.0,18.0,8.0,0.68,129.0
武汉,2024-06-08,52.0,good,27.0,40.0,21.0,7.0,0.73,121.0
武汉,2024-06-09,32.0,excellent,16.0,22.0,15.0,7.0,0.59,100.0
武汉,2024-06-10,26.0,excellent,13.0,20.0,12.0,6.0,0.66,82.0
武汉,2024-06-11,29.0,excellent,12.0,19.0,16.0,6.0,0.61,90.0
武汉,2024-06-12,43.0,excellent,19.0,30.0,22.0,6.0,0.56,110.0
武汉,2024-06-13,49.0,excellent,20.0,36.0,29.0,7.0,0.63,103.0
武汉,2024-06-14,49.0,excellent,20.0,36.0,18.0,8.0,0.71,109.0
武汉,2024-06-15,54.0,good,20.0,38.0,19.0,7.0,0.8,112.0
武汉,2024-06-16,50.0,excellent,23.0,41.0,18.0,7.0,0.79,119.0
武汉,2024-06-17,58.0,good,25.0,38.0,15.0,7.0,0.65,148.0
武汉,2024-06-18,39.0,excellent,18.0,31.0,15.0,8.0,0.63,107.0
武汉,2024-06-19,16.0,excellent,7.0,11.0,14.0,5.0,0.62,51.0
武汉,2024-06-20,24.0,excellent,14.0,23.0,20.0,6.0,0.78,56.0
武汉,2024-06-21,21.0,excellent,11.0,19.0,11.0,5.0,0.55,57.0
武汉,2024-06-22,25.0,excellent,7.0,13.0,11.0,5.0,0.48,80.0
武汉,2024-06-23,28.0,excellent,11.0,21.0,14.0,5.0,0.61,76.0
武汉,2024-06-24,37.0,excellent,17.0,37.0,24.0,6.0,0.8,53.0
武汉,2024-06-25,29.0,excellent,9.0,17.0,13.0,6.0,0.4,92.0
武汉,2024-06-26,32.0,excellent,16.0,30.0,18.0,6.0,0.43,99.0
武汉,2024-06-27,27.0,excellent,12.0,18.0,15.0,6.0,0.47,82.0
武汉,2024-06-28,13.0,excellent,6.0,7.0,15.0,6.0,0.53,38.0
武汉,2024-06-29,17.0,excellent,4.0,7.0,16.0,6.0,0.45,53.0
武汉,2024-06-30,28.0,excellent,12.0,22.0,21.0,6.0,0.53,66.0
武汉,2024-07-01,28.0,excellent,14.0,24.0,25.0,6.0,0.62,56.0
武汉,2024-07-02,36.0,excellent,15.0,21.0,12.0,6.0,0.48,113.0
武汉,2024-07-03,28.0,excellent,16.0,26.0,21.0,6.0,0.51,64.0
武汉,2024-07-04,20.0,excellent,12.0,17.0,15.0,6.0,0.4,53.0
武汉,2024-07-05,23.0,excellent,11.0,18.0,11.0,6.0,0.34,68.0
武汉,2024-07-06,23.0,excellent,10.0,18.0,10.0,6.0,0.34,71.0
武汉,2024-07-07,25.0,excellent,10.0,19.0,10.0,6.0,0.34,77.0
武汉,2024-07-08,26.0,excellent,11.0,20.0,10.0,6.0,0.5,80.0
武汉,2024-07-09,26.0,excellent,15.0,25.0,12.0,6.0,0.44,73.0
武汉,2024-07-10,27.0,excellent,15.0,27.0,15.0,6.0,0.64,69.0
武汉,2024-07-11,34.0,excellent,20.0,32.0,18.0,6.0,0.82,78.0
武汉,2024-07-12,40.0,excellent,23.0,40.0,19.0,5.0,0.88,69.0
武汉,2024-07-13,23.0,excellent,11.0,19.0,17.0,5.0,0.55,56.0
武汉,2024-07-14,26.0,excellent,14.0,26.0,20.0,5.0,0.73,44.0
武汉,2024-07-15,36.0,excellent,19.0,37.0,27.0,5.0,0.8,48.0
武汉,2024-07-16,42.0,excellent,22.0,40.0,15.0,5.0,0.58,73.0
武汉,2024-07-17,30.0,excellent,15.0,24.0,12.0,5.0,0.44,76.0
武汉,2024-07-18,26.0,excellent,10.0,19.0,12.0,6.0,0.4,83.0
武汉,2024-07-19,22.0,excellent,7.0,16.0,12.0,6.0,0.4,67.0
武汉,2024-07-20,21.0,excellent,8.0,18.0,12.0,6.0,0.41,60.0
武汉,2024-07-21,27.0,excellent,10.0,21.0,12.0,6.0,0.45,83.0
武汉,2024-07-22,30.0,excellent,12.0,23.0,14.0,6.0,0.45,92.0
武汉,2024-07-23,32.0,excellent,14.0,25.0,18.0,6.0,0.45,88.0
武汉,2024-07-24,58.0,good,23.0,42.0,21.0,8.0,0.75,123.0
武汉,2024-07-25,37.0,excellent,19.0,35.0,16.0,6.0,0.57,86.0
武汉,2024-07-26,27.0,excellent,11.0,26.0,8.0,6.0,0.49,76.0
武汉,2024-07-27,19.0,excellent,8.0,17.0,8.0,5.0,0.48,54.0
武汉,2024-07-28,18.0,excellent,7.0,12.0,10.0,5.0,0.52,55.0
武汉,2024-07-29,16.0,excellent,5.0,11.0,9.0,6.0,0.43,47.0
武汉,2024-07-30,24.0,excellent,9.0,18.0,11.0,6.0,0.41,61.0
武汉,2024-07-31,23.0,excellent,9.0,18.0,11.0,5.0,0.39,61.0
武汉,2024-08-01,22.0,excellent,9.0,14.0,10.0,5.0,0.41,64.0
武汉,2024-08-02,23.0,excellent,11.0,19.0,13.0,5.0,0.41,67.0
武汉,2024-08-03,28.0,excellent,13.0,24.0,15.0,6.0,0.44,70.0
武汉,2024-08-04,26.0,excellent,12.0,21.0,13.0,6.0,0.43,80.0
武汉,2024-08-05,28.0,excellent,12.0,23.0,14.0,6.0,0.43,82.0
武汉,2024-08-06,32.0,excellent,14.0,27.0,16.0,6.0,0.45,86.0
武汉,2024-08-07,33.0,excellent,16.0,28.0,18.0,8.0,0.68,87.0
武汉,2024-08-08,39.0,excellent,20.0,33.0,17.0,6.0,0.5,98.0
武汉,2024-08-09,34.0,excellent,16.0,28.0,16.0,7.0,0.46,93.0
武汉,2024-08-10,37.0,excellent,19.0,34.0,17.0,7.0,0.52,95.0
武汉,2024-08-11,84.0,good,37.0,119.0,15.0,6.0,0.45,106.0
武汉,2024-08-12,72.0,good,33.0,95.0,14.0,7.0,0.47,121.0
武汉,2024-08-13,41.0,excellent,19.0,39.0,17.0,8.0,0.69,113.0
武汉,2024-08-14,37.0,excellent,19.0,36.0,13.0,6.0,0.58,100.0
武汉,2024-08-15,35.0,excellent,16.0,27.0,11.0,7.0,0.65,107.0
武汉,2024-08-16,34.0,excellent,16.0,28.0,12.0,7.0,0.71,90.0
武汉,2024-08-17,39.0,excellent,21.0,34.0,15.0,7.0,0.66,102.0
武汉,2024-08-18,43.0,excellent,25.0,39.0,21.0,6.0,0.62,97.0
武汉,2024-08-19,36.0,excellent,20.0,32.0,19.0,6.0,0.65,78.0
武汉,2024-08-20,31.0,excellent,16.0,24.0,13.0,6.0,0.65,90.0
武汉,2024-08-21,49.0,excellent,18.0,31.0,16.0,7.0,0.73,123.0
武汉,2024-08-22,41.0,excellent,22.0,37.0,22.0,7.0,0.65,103.0
武汉,2024-08-23,41.0,excellent,21.0,36.0,18.0,6.0,0.63,85.0
武汉,2024-08-24,37.0,excellent,20.0,35.0,22.0,7.0,0.65,81.0
武汉,2024-08-25,39.0,excellent,19.0,31.0,21.0,7.0,0.64,99.0
武汉,2024-08-26,43.0,excellent,23.0,38.0,20.0,7.0,0.61,106.0
武汉,2024-08-27,31.0,excellent,10.0,19.0,10.0,6.0,0.56,93.0
武汉,2024-08-28,30.0,excellent,11.0,18.0,9.0,6.0,0.59,89.0
武汉,2024-08-29,40.0,excellent,23.0,38.0,14.0,6.0,0.73,88.0
武汉,2024-08-30,38.0,excellent,20.0,31.0,20.0,7.0,0.65,97.0
武汉,2024-08-31,55.0,good,28.0,46.0,27.0,7.0,0.77,107.0
武汉,2024-09-01,46.0,excellent,26.0,40.0,27.0,7.0,0.69,91.0
武汉,2024-09-02,61.0,good,34.0,56.0,25.0,7.0,0.86,102.0
武汉,2024-09-03,39.0,excellent,22.0,37.0,11.0,6.0,0.77,99.0
武汉,2024-09-04,54.0,good,26.0,41.0,16.0,7.0,0.83,118.0
武汉,2024-09-05,52.0,good,32.0,55.0,17.0,7.0,0.72,105.0
武汉,2024-09-06,50.0,excellent,31.0,51.0,11.0,7.0,0.76,105.0
武汉,2024-09-07,53.0,good,26.0,45.0,13.0,8.0,0.76,102.0
武汉,2024-09-08,52.0,good,29.0,44.0,18.0,8.0,0.66,114.0
武汉,2024-09-09,56.0,good,32.0,47.0,16.0,9.0,0.59,131.0
武汉,2024-09-10,48.0,excellent,24.0,42.0,15.0,9.0,0.56,121.0
武汉,2024-09-11,41.0,excellent,23.0,41.0,11.0,7.0,0.6,73.0
武汉,2024-09-12,26.0,excellent,15.0,23.0,13.0,7.0,0.63,65.0
武汉,2024-09-13,29.0,excellent,15.0,28.0,20.0,7.0,0.65,65.0
武汉,2024-09-14,39.0,excellent,20.0,33.0,18.0,7.0,0.68,95.0
武汉,2024-09-15,41.0,excellent,24.0,42.0,12.0,7.0,0.68,72.0
武汉,2024-09-16,28.0,excellent,14.0,23.0,10.0,7.0,0.51,77.0
武汉,2024-09-17,43.0,excellent,23.0,40.0,12.0,8.0,0.48,117.0
武汉,2024-09-18,37.0,excellent,20.0,33.0,15.0,8.0,0.52,95.0
武汉,2024-09-19,29.0,excellent,15.0,26.0,13.0,7.0,0.52,75.0
武汉,2024-09-20,31.0,excellent,17.0,31.0,10.0,10.0,0.38,52.0
武汉,2024-09-21,31.0,excellent,11.0,29.0,9.0,8.0,0.41,69.0
武汉,2024-09-22,32.0,excellent,9.0,23.0,11.0,9.0,0.4,101.0
武汉,2024-09-23,39.0,excellent,15.0,28.0,16.0,10.0,0.52,121.0
武汉,2024-09-24,61.0,good,27.0,44.0,26.0,10.0,0.64,131.0
武汉,2024-09-25,79.0,good,39.0,63.0,37.0,11.0,0.83,131.0
武汉,2024-09-26,68.0,good,38.0,60.0,34.0,10.0,0.74,119.0
武汉,2024-09-27,76.0,good,45.0,69.0,41.0,10.0,0.87,110.0
武汉,2024-09-28,37.0,excellent,18.0,32.0,16.0,9.0,0.6,96.0
武汉,2024-09-29,45.0,excellent,20.0,37.0,19.0,10.0,0.62,116.0
武汉,2024-09-30,43.0,excellent,22.0,45.0,17.0,9.0,0.59,77.0
武汉,2024-10-01,26.0,excellent,5.0,16.0,10.0,8.0,0.35,82.0
武汉,2024-10-02,48.0,excellent,14.0,48.0,12.0,10.0,0.45,109.0
武汉,2024-10-03,42.0,excellent,19.0,35.0,16.0,10.0,0.5,113.0
武汉,2024-10-04,38.0,excellent,20.0,30.0,23.0,10.0,0.6,103.0
武汉,2024-10-05,49.0,excellent,29.0,42.0,28.0,10.0,0.68,108.0
武汉,2024-10-06,56.0,good,39.0,49.0,16.0,8.0,0.56,91.0
武汉,2024-10-07,25.0,excellent,12.0,14.0,14.0,7.0,0.45,81.0
武汉,2024-10-08,40.0,excellent,20.0,30.0,25.0,10.0,0.78,103.0
武汉,2024-10-09,56.0,good,36.0,51.0,26.0,9.0,0.67,108.0
武汉,2024-10-10,83.0,good,59.0,87.0,53.0,11.0,0.87,89.0
武汉,2024-10-11,92.0,good,62.0,93.0,39.0,12.0,0.91,116.0
武汉,2024-10-12,70.0,good,46.0,76.0,37.0,12.0,0.82,105.0
武汉,2024-10-13,63.0,good,45.0,61.0,30.0,13.0,0.78,91.0
武汉,2024-10-14,74.0,good,54.0,70.0,26.0,10.0,0.92,77.0
武汉,2024-10-15,86.0,good,63.0,95.0,27.0,9.0,0.95,97.0
武汉,2024-10-16,55.0,good,38.0,59.0,24.0,9.0,0.9,79.0
武汉,2024-10-17,30.0,excellent,19.0,28.0,20.0,8.0,0.8,59.0
武汉,2024-10-18,24.0,excellent,9.0,16.0,14.0,7.0,0.59,72.0
武汉,2024-10-19,23.0,excellent,9.0,18.0,14.0,8.0,0.5,69.0
武汉,2024-10-20,31.0,excellent,14.0,31.0,18.0,9.0,0.48,55.0
武汉,2024-10-21,31.0,excellent,21.0,25.0,28.0,10.0,0.75,18.0
武汉,2024-10-22,26.0,excellent,16.0,24.0,28.0,7.0,0.65,30.0
武汉,2024-10-23,47.0,excellent,32.0,47.0,46.0,9.0,0.82,47.0
武汉,2024-10-24,58.0,good,40.0,60.0,59.0,11.0,1.02,58.0
武汉,2024-10-25,43.0,excellent,27.0,41.0,34.0,11.0,0.82,93.0
武汉,2024-10-26,37.0,excellent,25.0,35.0,20.0,8.0,0.54,90.0
武汉,2024-10-27,57.0,good,40.0,57.0,19.0,8.0,0.59,98.0
武汉,2024-10-28,107.0,lightly_polluted,81.0,125.0,35.0,9.0,0.98,93.0
武汉,2024-10-29,85.0,good,62.0,100.0,50.0,11.0,1.08,67.0
武汉,2024-10-30,73.0,good,50.0,78.0,39.0,10.0,0.88,82.0
武汉,2024-10-31,40.0,excellent,24.0,38.0,29.0,10.0,0.75,91.0
武汉,2024-11-01,70.0,good,50.0,68.0,19.0,8.0,0.63,108.0
武汉,2024-11-02,95.0,good,71.0,100.0,36.0,10.0,0.88,110.0
武汉,2024-11-03,107.0,lightly_polluted,80.0,117.0,63.0,10.0,1.08,77.0
武汉,2024-11-04,87.0,good,64.0,95.0,41.0,10.0,0.93,87.0
武汉,2024-11-05,55.0,good,33.0,59.0,33.0,11.0,0.74,68.0
武汉,2024-11-06,53.0,good,34.0,56.0,33.0,12.0,0.81,87.0
武汉,2024-11-07,49.0,excellent,31.0,50.0,34.0,13.0,0.72,94.0
武汉,2024-11-08,49.0,excellent,32.0,51.0,38.0,12.0,0.78,78.0
武汉,2024-11-09,51.0,good,35.0,52.0,33.0,10.0,0.7,65.0
武汉,2024-11-10,53.0,good,37.0,52.0,41.0,10.0,0.93,61.0
武汉,2024-11-11,60.0,good,42.0,65.0,47.0,10.0,0.95,61.0
武汉,2024-11-12,55.0,good,36.0,56.0,36.0,10.0,0.85,73.0
武汉,2024-11-13,59.0,good,40.0,64.0,38.0,10.0,0.84,75.0
武汉,2024-11-14,66.0,good,46.0,76.0,38.0,10.0,0.9,64.0
武汉,2024-11-15,92.0,good,68.0,117.0,27.0,9.0,1.06,54.0
武汉,2024-11-16,62.0,good,42.0,79.0,21.0,7.0,0.93,38.0
武汉,2024-11-17,23.0,excellent,7.0,16.0,14.0,7.0,0.5,67.0
武汉,2024-11-18,20.0,excellent,9.0,19.0,20.0,8.0,0.51,47.0
武汉,2024-11-19,24.0,excellent,16.0,21.0,22.0,7.0,0.5,28.0
武汉,2024-11-20,30.0,excellent,20.0,24.0,24.0,7.0,0.54,24.0
武汉,2024-11-21,44.0,excellent,30.0,41.0,42.0,8.0,0.73,28.0
武汉,2024-11-22,64.0,good,46.0,63.0,55.0,10.0,0.9,21.0
武汉,2024-11-23,76.0,good,56.0,71.0,42.0,9.0,0.85,63.0
武汉,2024-11-24,66.0,good,47.0,59.0,37.0,9.0,0.81,46.0
武汉,2024-11-25,30.0,excellent,19.0,24.0,25.0,7.0,0.61,35.0
武汉,2024-11-26,39.0,excellent,19.0,40.0,36.0,9.0,0.63,35.0
武汉,2024-11-27,45.0,excellent,20.0,48.0,27.0,9.0,0.42,50.0
武汉,2024-11-28,54.0,good,21.0,59.0,37.0,8.0,0.44,43.0
武汉,2024-11-29,56.0,good,33.0,61.0,47.0,9.0,0.58,43.0
武汉,2024-11-30,57.0,good,40.0,61.0,59.0,10.0,0.83,38.0
武汉,2024-12-01,70.0,good,50.0,78.0,68.0,13.0,1.04,31.0
武汉,2024-12-02,86.0,good,64.0,87.0,57.0,13.0,1.22,46.0
武汉,2024-12-03,122.0,lightly_polluted,92.0,111.0,32.0,10.0,0.95,46.0
武汉,2024-12-04,82.0,good,60.0,65.0,28.0,7.0,0.82,26.0
武汉,2024-12-05,48.0,excellent,33.0,41.0,29.0,8.0,0.67,54.0
武汉,2024-12-06,48.0,excellent,33.0,45.0,40.0,9.0,0.65,54.0
武汉,2024-12-07,57.0,good,41.0,51.0,26.0,10.0,0.57,69.0
武汉,2024-12-08,64.0,good,47.0,52.0,21.0,9.0,0.56,62.0
武汉,2024-12-09,59.0,good,43.0,54.0,39.0,11.0,0.7,25.0
武汉,2024-12-10,80.0,good,59.0,64.0,39.0,9.0,0.7,17.0
武汉,2024-12-11,89.0,good,66.0,66.0,27.0,9.0,0.62,49.0
武汉,2024-12-12,104.0,lightly_polluted,77.0,83.0,40.0,10.0,0.73,42.0
武汉,2024-12-13,85.0,good,59.0,75.0,27.0,9.0,0.53,55.0
武汉,2024-12-14,53.0,good,24.0,57.0,27.0,9.0,0.4,54.0
武汉,2024-12-15,58.0,good,40.0,63.0,43.0,9.0,0.47,48.0
武汉,2024-12-16,67.0,good,48.0,67.0,62.0,10.0,0.72,35.0
武汉,2024-12-17,96.0,good,71.0,93.0,72.0,14.0,1.17,27.0
武汉,2024-12-18,80.0,good,58.0,70.0,28.0,12.0,0.63,59.0
武汉,2024-12-19,72.0,good,52.0,58.0,34.0,10.0,0.63,52.0
武汉,2024-12-20,103.0,lightly_polluted,77.0,90.0,63.0,10.0,0.81,34.0
武汉,2024-12-21,94.0,good,70.0,84.0,33.0,11.0,0.73,63.0
武汉,2024-12-22,58.0,good,41.0,58.0,28.0,13.0,0.72,48.0
武汉,2024-12-23,66.0,good,47.0,56.0,38.0,9.0,0.68,42.0
武汉,2024-12-24,87.0,good,64.0,72.0,55.0,9.0,0.83,36.0
武汉,2024-12-25,122.0,lightly_polluted,92.0,108.0,86.0,9.0,0.98,10.0
武汉,2024-12-26,140.0,lightly_polluted,106.0,125.0,72.0,10.0,0.89,12.0
武汉,2024-12-27,155.0,moderately_polluted,116.0,136.0,50.0,12.0,0.9,50.0
武汉,2024-12-28,44.0,excellent,24.0,44.0,31.0,8.0,0.44,52.0
武汉,2024-12-29,61.0,good,43.0,59.0,57.0,10.0,0.8,35.0
武汉,2024-12-30,107.0,lightly_polluted,80.0,101.0,78.0,12.0,0.95,24.0
武汉,2024-12-31,144.0,lightly_polluted,109.0,132.0,77.0,11.0,1.07,40.0
沈阳,2024-01-01,118.0,lightly_polluted,89.0,107.0,53.0,16.0,1.66,23.0
沈阳,2024-01-02,147.0,lightly_polluted,111.0,143.0,53.0,12.0,1.57,25.0
沈阳,2024-01-03,120.0,lightly_polluted,89.0,113.0,64.0,15.0,1.31,16.0
沈阳,2024-01-04,67.0,good,48.0,63.0,37.0,12.0,0.99,44.0
沈阳,2024-01-05,36.0,excellent,20.0,36.0,40.0,11.0,0.61,32.0
沈阳,2024-01-06,54.0,good,38.0,55.0,38.0,12.0,0.95,25.0
沈阳,2024-01-07,26.0,excellent,15.0,26.0,22.0,8.0,0.53,34.0
沈阳,2024-01-08,47.0,excellent,29.0,49.0,37.0,12.0,1.08,25.0
沈阳,2024-01-09,59.0,good,41.0,59.0,43.0,13.0,0.84,22.0
沈阳,2024-01-10,97.0,good,71.0,96.0,48.0,16.0,1.49,21.0
沈阳,2024-01-11,56.0,good,33.0,58.0,27.0,12.0,0.77,43.0
沈阳,2024-01-12,50.0,excellent,24.0,54.0,40.0,14.0,0.75,31.0
沈阳,2024-01-13,57.0,good,40.0,60.0,45.0,17.0,1.15,26.0
沈阳,2024-01-14,40.0,excellent,15.0,42.0,21.0,11.0,0.52,48.0
沈阳,2024-01-15,66.0,good,44.0,77.0,54.0,17.0,1.13,20.0
沈阳,2024-01-16,76.0,good,55.0,81.0,49.0,18.0,1.65,28.0
沈阳,2024-01-17,80.0,good,58.0,76.0,35.0,14.0,0.98,39.0
沈阳,2024-01-18,57.0,good,40.0,55.0,28.0,11.0,0.75,44.0
沈阳,2024-01-19,75.0,good,55.0,72.0,37.0,11.0,0.82,34.0
沈阳,2024-01-20,53.0,good,36.0,55.0,27.0,10.0,0.65,43.0
沈阳,2024-01-21,38.0,excellent,19.0,39.0,15.0,10.0,0.53,47.0
沈阳,2024-01-22,27.0,excellent,17.0,27.0,21.0,12.0,0.58,43.0
沈阳,2024-01-23,61.0,good,44.0,61.0,48.0,12.0,0.99,22.0
沈阳,2024-01-24,58.0,good,41.0,57.0,48.0,16.0,0.97,24.0
沈阳,2024-01-25,100.0,good,74.0,100.0,65.0,20.0,1.75,16.0
沈阳,2024-01-26,83.0,good,60.0,84.0,52.0,16.0,1.36,29.0
沈阳,2024-01-27,86.0,good,64.0,88.0,59.0,17.0,1.27,23.0
沈阳,2024-01-28,113.0,lightly_polluted,85.0,113.0,68.0,20.0,1.75,19.0
沈阳,2024-01-29,63.0,good,44.0,64.0,45.0,16.0,0.96,32.0
沈阳,2024-01-30,154.0,moderately_polluted,117.0,153.0,68.0,20.0,1.95,11.0
沈阳,2024-01-31,66.0,good,48.0,62.0,32.0,14.0,0.74,46.0
沈阳,2024-02-01,59.0,good,41.0,56.0,40.0,13.0,0.74,35.0
沈阳,2024-02-02,97.0,good,72.0,87.0,51.0,15.0,1.03,35.0
沈阳,2024-02-03,128.0,lightly_polluted,96.0,112.0,52.0,17.0,1.12,45.0
沈阳,2024-02-04,112.0,lightly_polluted,84.0,99.0,54.0,17.0,1.2,43.0
沈阳,2024-02-05,91.0,good,67.0,79.0,35.0,15.0,0.94,67.0
沈阳,2024-02-06,97.0,good,72.0,83.0,33.0,16.0,0.93,72.0
沈阳,2024-02-07,124.0,lightly_polluted,93.0,110.0,64.0,17.0,1.39,40.0
沈阳,2024-02-08,191.0,moderately_polluted,144.0,169.0,71.0,18.0,1.8,36.0
沈阳,2024-02-09,197.0,moderately_polluted,157.0,187.0,60.0,19.0,1.83,44.0
沈阳,2024-02-10,281.0,heavily_polluted,320.0,369.0,42.0,24.0,1.31,46.0
沈阳,2024-02-11,75.0,good,54.0,70.0,27.0,16.0,0.96,58.0
沈阳,2024-02-12,74.0,good,53.0,79.0,23.0,16.0,1.13,70.0
沈阳,2024-02-13,89.0,good,66.0,99.0,18.0,16.0,1.07,90.0
沈阳,2024-02-14,37.0,excellent,20.0,39.0,14.0,10.0,0.61,57.0
沈阳,2024-02-15,40.0,excellent,22.0,39.0,20.0,10.0,0.56,52.0
沈阳,2024-02-16,50.0,excellent,26.0,55.0,20.0,11.0,0.75,67.0
沈阳,2024-02-17,46.0,excellent,23.0,46.0,12.0,9.0,0.66,83.0
沈阳,2024-02-18,29.0,excellent,17.0,25.0,18.0,11.0,0.68,64.0
沈阳,2024-02-19,39.0,excellent,17.0,42.0,12.0,9.0,0.49,60.0
沈阳,2024-02-20,43.0,excellent,16.0,44.0,13.0,9.0,0.49,57.0
沈阳,2024-02-21,31.0,excellent,20.0,31.0,16.0,9.0,0.55,58.0
沈阳,2024-02-22,39.0,excellent,27.0,37.0,24.0,10.0,0.59,58.0
沈阳,2024-02-23,56.0,good,40.0,52.0,32.0,12.0,0.68,58.0
沈阳,2024-02-24,88.0,good,65.0,82.0,55.0,20.0,1.01,31.0
沈阳,2024-02-25,95.0,good,71.0,86.0,39.0,17.0,0.79,62.0
沈阳,2024-02-26,67.0,good,46.0,70.0,38.0,12.0,0.73,51.0
沈阳,2024-02-27,87.0,good,64.0,106.0,55.0,22.0,1.45,36.0
沈阳,2024-02-28,115.0,lightly_polluted,86.0,123.0,39.0,13.0,0.92,44.0
沈阳,2024-02-29,63.0,good,40.0,63.0,28.0,11.0,0.63,63.0
沈阳,2024-03-01,46.0,excellent,22.0,49.0,18.0,11.0,0.49,65.0
沈阳,2024-03-02,48.0,excellent,28.0,53.0,29.0,13.0,0.71,57.0
沈阳,2024-03-03,48.0,excellent,31.0,53.0,30.0,11.0,0.61,55.0
沈阳,2024-03-04,57.0,good,37.0,66.0,46.0,16.0,1.01,39.0
沈阳,2024-03-05,41.0,excellent,25.0,42.0,28.0,10.0,0.6,57.0
沈阳,2024-03-06,42.0,excellent,25.0,42.0,35.0,11.0,0.62,47.0
沈阳,2024-03-07,68.0,good,47.0,77.0,46.0,15.0,0.9,42.0
沈阳,2024-03-08,43.0,excellent,21.0,44.0,18.0,9.0,0.5,66.0
沈阳,2024-03-09,72.0,good,51.0,79.0,44.0,15.0,1.03,45.0
沈阳,2024-03-10,110.0,lightly_polluted,83.0,138.0,45.0,20.0,1.33,61.0
沈阳,2024-03-11,73.0,good,53.0,77.0,38.0,13.0,0.92,58.0
沈阳,2024-03-12,61.0,good,42.0,63.0,42.0,12.0,0.78,54.0
沈阳,2024-03-13,75.0,good,52.0,82.0,40.0,16.0,1.0,60.0
沈阳,2024-03-14,160.0,moderately_polluted,122.0,180.0,49.0,27.0,1.58,89.0
沈阳,2024-03-15,93.0,good,66.0,97.0,33.0,12.0,0.73,84.0
沈阳,2024-03-16,129.0,lightly_polluted,92.0,150.0,41.0,17.0,1.14,72.0
沈阳,2024-03-17,74.0,good,26.0,98.0,21.0,9.0,0.48,75.0
沈阳,2024-03-18,86.0,good,64.0,95.0,37.0,15.0,0.88,66.0
沈阳,2024-03-19,46.0,excellent,30.0,46.0,21.0,9.0,0.5,74.0
沈阳,2024-03-20,52.0,good,31.0,55.0,23.0,10.0,0.52,74.0
沈阳,2024-03-21,71.0,good,50.0,77.0,35.0,16.0,1.03,72.0
沈阳,2024-03-22,35.0,excellent,22.0,36.0,25.0,9.0,0.71,73.0
沈阳,2024-03-23,98.0,good,73.0,100.0,45.0,13.0,1.15,51.0
沈阳,2024-03-24,41.0,excellent,24.0,42.0,23.0,10.0,0.57,62.0
沈阳,2024-03-25,70.0,good,49.0,72.0,32.0,12.0,0.69,67.0
沈阳,2024-03-26,93.0,good,69.0,94.0,40.0,13.0,0.79,65.0
沈阳,2024-03-27,76.0,good,55.0,84.0,24.0,14.0,0.91,93.0
沈阳,2024-03-28,107.0,lightly_polluted,37.0,147.0,20.0,9.0,0.57,70.0
沈阳,2024-03-29,113.0,lightly_polluted,29.0,164.0,24.0,9.0,0.54,60.0
沈阳,2024-03-30,69.0,good,19.0,89.0,23.0,8.0,0.46,63.0
沈阳,2024-03-31,77.0,good,44.0,106.0,41.0,13.0,0.73,50.0
沈阳,2024-04-01,53.0,good,32.0,58.0,30.0,9.0,0.55,69.0
沈阳,2024-04-02,89.0,good,65.0,97.0,41.0,12.0,0.92,83.0
沈阳,2024-04-03,46.0,excellent,21.0,50.0,22.0,8.0,0.48,76.0
沈阳,2024-04-04,72.0,good,43.0,87.0,23.0,9.0,0.54,82.0
沈阳,2024-04-05,124.0,lightly_polluted,93.0,145.0,43.0,17.0,1.1,82.0
沈阳,2024-04-06,96.0,good,71.0,119.0,27.0,18.0,0.98,121.0
沈阳,2024-04-07,102.0,lightly_polluted,69.0,114.0,31.0,16.0,0.96,105.0
沈阳,2024-04-08,110.0,lightly_polluted,64.0,147.0,21.0,10.0,0.6,96.0
沈阳,2024-04-09,177.0,moderately_polluted,137.0,179.0,47.0,12.0,0.88,98.0
沈阳,2024-04-10,172.0,moderately_polluted,134.0,189.0,63.0,23.0,1.35,76.0
沈阳,2024-04-11,61.0,good,43.0,64.0,17.0,12.0,0.76,108.0
沈阳,2024-04-12,51.0,good,25.0,53.0,17.0,12.0,0.71,111.0
沈阳,2024-04-13,48.0,excellent,22.0,50.0,19.0,14.0,0.75,95.0
沈阳,2024-04-14,46.0,excellent,26.0,49.0,21.0,13.0,0.7,87.0
沈阳,2024-04-15,188.0,moderately_polluted,70.0,245.0,27.0,11.0,0.63,53.0
沈阳,2024-04-16,117.0,lightly_polluted,41.0,184.0,26.0,8.0,0.5,47.0
沈阳,2024-04-17,75.0,good,31.0,101.0,35.0,14.0,0.85,75.0
沈阳,2024-04-18,59.0,good,25.0,69.0,30.0,16.0,0.74,79.0
沈阳,2024-04-19,66.0,good,39.0,74.0,31.0,11.0,0.57,65.0
沈阳,2024-04-20,173.0,moderately_polluted,132.0,166.0,43.0,14.0,1.03,100.0
沈阳,2024-04-21,94.0,good,65.0,96.0,34.0,13.0,0.84,100.0
沈阳,2024-04-22,53.0,good,30.0,58.0,21.0,13.0,0.83,106.0
沈阳,2024-04-23,54.0,good,31.0,61.0,32.0,11.0,0.71,68.0
沈阳,2024-04-24,44.0,excellent,27.0,45.0,27.0,11.0,0.84,68.0
沈阳,2024-04-25,52.0,good,21.0,58.0,20.0,13.0,0.72,105.0
沈阳,2024-04-26,65.0,good,36.0,79.0,33.0,13.0,0.98,108.0
沈阳,2024-04-27,52.0,good,28.0,60.0,21.0,11.0,0.6,97.0
沈阳,2024-04-28,28.0,excellent,11.0,27.0,19.0,7.0,0.4,66.0
沈阳,2024-04-29,38.0,excellent,25.0,36.0,21.0,8.0,0.49,62.0
沈阳,2024-04-30,58.0,good,39.0,53.0,36.0,9.0,0.64,65.0
沈阳,2024-05-01,47.0,excellent,24.0,49.0,31.0,17.0,0.83,77.0
沈阳,2024-05-02,60.0,good,23.0,71.0,19.0,15.0,0.7,125.0
沈阳,2024-05-03,64.0,good,31.0,72.0,20.0,17.0,0.74,151.0
沈阳,2024-05-04,53.0,good,28.0,59.0,21.0,17.0,0.73,131.0
沈阳,2024-05-05,41.0,excellent,20.0,39.0,25.0,13.0,0.7,90.0
沈阳,2024-05-06,44.0,excellent,25.0,43.0,18.0,8.0,0.53,91.0
沈阳,2024-05-07,44.0,excellent,23.0,45.0,22.0,8.0,0.45,86.0
沈阳,2024-05-08,53.0,good,29.0,57.0,36.0,12.0,0.78,87.0
沈阳,2024-05-09,72.0,good,23.0,95.0,23.0,10.0,0.53,100.0
沈阳,2024-05-10,69.0,good,27.0,88.0,17.0,11.0,0.62,128.0
沈阳,2024-05-11,83.0,good,22.0,115.0,16.0,9.0,0.47,76.0
沈阳,2024-05-12,48.0,excellent,14.0,51.0,20.0,7.0,0.42,71.0
沈阳,2024-05-13,53.0,good,24.0,57.0,25.0,17.0,0.94,105.0
沈阳,2024-05-14,56.0,good,17.0,65.0,18.0,11.0,0.52,108.0
沈阳,2024-05-15,40.0,excellent,12.0,41.0,24.0,8.0,0.4,64.0
沈阳,2024-05-16,47.0,excellent,19.0,46.0,37.0,10.0,0.71,67.0
沈阳,2024-05-17,63.0,good,22.0,55.0,31.0,14.0,0.81,117.0
沈阳,2024-05-18,53.0,good,25.0,53.0,20.0,13.0,0.8,131.0
沈阳,2024-05-19,33.0,excellent,18.0,31.0,26.0,10.0,0.59,57.0
沈阳,2024-05-20,27.0,excellent,14.0,22.0,21.0,7.0,0.54,82.0
沈阳,2024-05-21,46.0,excellent,25.0,45.0,31.0,15.0,1.12,90.0
沈阳,2024-05-22,36.0,excellent,17.0,34.0,20.0,14.0,0.72,94.0
沈阳,2024-05-23,27.0,excellent,13.0,25.0,24.0,9.0,0.67,59.0
沈阳,2024-05-24,29.0,excellent,12.0,25.0,26.0,8.0,0.5,67.0
沈阳,2024-05-25,30.0,excellent,13.0,26.0,29.0,11.0,0.7,74.0
沈阳,2024-05-26,24.0,excellent,10.0,15.0,16.0,8.0,0.57,74.0
沈阳,2024-05-27,29.0,excellent,6.0,16.0,17.0,7.0,0.42,85.0
沈阳,2024-05-28,40.0,excellent,19.0,38.0,34.0,12.0,0.78,84.0
沈阳,2024-05-29,65.0,good,26.0,55.0,26.0,17.0,0.99,151.0
沈阳,2024-05-30,43.0,excellent,18.0,41.0,21.0,13.0,0.61,123.0
沈阳,2024-05-31,23.0,excellent,9.0,17.0,18.0,7.0,0.44,65.0
沈阳,2024-06-01,28.0,excellent,11.0,24.0,29.0,7.0,0.47,54.0
沈阳,2024-06-02,30.0,excellent,13.0,27.0,32.0,9.0,0.7,54.0
沈阳,2024-06-03,32.0,excellent,12.0,24.0,33.0,8.0,0.68,69.0
沈阳,2024-06-04,63.0,good,24.0,50.0,45.0,15.0,0.98,107.0
沈阳,2024-06-05,51.0,good,19.0,42.0,32.0,18.0,0.93,119.0
沈阳,2024-06-06,41.0,excellent,15.0,36.0,26.0,15.0,0.69,112.0
沈阳,2024-06-07,32.0,excellent,14.0,31.0,21.0,13.0,0.55,97.0
沈阳,2024-06-08,33.0,excellent,14.0,25.0,19.0,10.0,0.58,95.0
沈阳,2024-06-09,35.0,excellent,14.0,26.0,25.0,10.0,0.63,91.0
沈阳,2024-06-10,53.0,good,19.0,40.0,38.0,14.0,0.93,101.0
沈阳,2024-06-11,48.0,excellent,23.0,47.0,25.0,15.0,0.84,136.0
沈阳,2024-06-12,59.0,good,18.0,34.0,20.0,11.0,0.87,146.0
沈阳,2024-06-13,35.0,excellent,14.0,30.0,23.0,12.0,0.76,98.0
沈阳,2024-06-14,28.0,excellent,13.0,23.0,25.0,8.0,0.73,71.0
沈阳,2024-06-15,29.0,excellent,8.0,16.0,19.0,7.0,0.51,73.0
沈阳,2024-06-16,40.0,excellent,16.0,33.0,33.0,12.0,0.85,89.0
沈阳,2024-06-17,73.0,good,25.0,51.0,23.0,13.0,1.02,172.0
沈阳,2024-06-18,85.0,good,31.0,56.0,25.0,12.0,1.11,181.0
沈阳,2024-06-19,51.0,good,16.0,38.0,23.0,12.0,0.69,140.0
沈阳,2024-06-20,50.0,excellent,16.0,38.0,28.0,14.0,0.74,133.0
沈阳,2024-06-21,42.0,excellent,19.0,37.0,29.0,10.0,0.7,99.0
沈阳,2024-06-22,33.0,excellent,16.0,29.0,17.0,6.0,0.77,84.0
沈阳,2024-06-23,66.0,good,27.0,86.0,12.0,5.0,0.51,52.0
沈阳,2024-06-24,21.0,excellent,6.0,13.0,14.0,6.0,0.46,66.0
沈阳,2024-06-25,27.0,excellent,7.0,18.0,26.0,7.0,0.5,73.0
沈阳,2024-06-26,37.0,excellent,11.0,29.0,25.0,11.0,0.7,98.0
沈阳,2024-06-27,57.0,good,16.0,43.0,23.0,12.0,0.77,140.0
沈阳,2024-06-28,45.0,excellent,16.0,39.0,22.0,11.0,0.76,119.0
沈阳,2024-06-29,35.0,excellent,11.0,26.0,18.0,12.0,0.61,101.0
沈阳,2024-06-30,36.0,excellent,13.0,26.0,24.0,6.0,0.62,90.0
沈阳,2024-07-01,51.0,good,33.0,53.0,23.0,6.0,0.68,105.0
沈阳,2024-07-02,51.0,good,34.0,51.0,31.0,7.0,0.86,85.0
沈阳,2024-07-03,27.0,excellent,11.0,17.0,13.0,5.0,0.67,87.0
沈阳,2024-07-04,50.0,excellent,28.0,44.0,16.0,6.0,1.02,126.0
沈阳,2024-07-05,47.0,excellent,32.0,46.0,14.0,4.0,0.99,127.0
沈阳,2024-07-06,35.0,excellent,20.0,28.0,18.0,4.0,0.89,88.0
沈阳,2024-07-07,31.0,excellent,17.0,26.0,18.0,4.0,0.73,81.0
沈阳,2024-07-08,44.0,excellent,30.0,40.0,33.0,4.0,0.92,60.0
沈阳,2024-07-09,41.0,excellent,26.0,38.0,22.0,5.0,0.69,84.0
沈阳,2024-07-10,48.0,excellent,32.0,49.0,28.0,5.0,0.76,82.0
沈阳,2024-07-11,75.0,good,50.0,79.0,37.0,8.0,1.05,90.0
沈阳,2024-07-12,82.0,good,47.0,75.0,33.0,7.0,1.19,120.0
沈阳,2024-07-13,62.0,good,38.0,60.0,29.0,6.0,1.08,108.0
沈阳,2024-07-14,65.0,good,38.0,62.0,35.0,5.0,1.13,101.0
沈阳,2024-07-15,56.0,good,39.0,63.0,28.0,6.0,1.07,87.0
沈阳,2024-07-16,29.0,excellent,15.0,26.0,17.0,7.0,0.67,74.0
沈阳,2024-07-17,25.0,excellent,10.0,18.0,18.0,5.0,0.69,77.0
沈阳,2024-07-18,53.0,good,23.0,40.0,22.0,7.0,1.11,110.0
沈阳,2024-07-19,48.0,excellent,22.0,40.0,17.0,7.0,0.97,130.0
沈阳,2024-07-20,31.0,excellent,10.0,19.0,16.0,4.0,0.75,92.0
沈阳,2024-07-21,38.0,excellent,15.0,32.0,21.0,7.0,0.94,95.0
沈阳,2024-07-22,24.0,excellent,11.0,21.0,16.0,4.0,0.74,72.0
沈阳,2024-07-23,33.0,excellent,16.0,30.0,17.0,4.0,0.84,82.0
沈阳,2024-07-24,31.0,excellent,10.0,18.0,16.0,3.0,0.8,91.0
沈阳,2024-07-25,21.0,excellent,10.0,16.0,25.0,3.0,0.96,44.0
沈阳,2024-07-26,17.0,excellent,3.0,6.0,17.0,3.0,0.72,55.0
沈阳,2024-07-27,13.0,excellent,7.0,12.0,20.0,4.0,0.9,24.0
沈阳,2024-07-28,12.0,excellent,6.0,11.0,14.0,3.0,0.79,28.0
沈阳,2024-07-29,29.0,excellent,16.0,28.0,15.0,3.0,0.93,59.0
沈阳,2024-07-30,41.0,excellent,26.0,41.0,17.0,3.0,1.14,77.0
沈阳,2024-07-31,24.0,excellent,12.0,19.0,11.0,4.0,0.67,70.0
沈阳,2024-08-01,27.0,excellent,12.0,20.0,16.0,5.0,0.73,81.0
沈阳,2024-08-02,31.0,excellent,13.0,20.0,18.0,4.0,0.74,90.0
沈阳,2024-08-03,40.0,excellent,22.0,37.0,23.0,5.0,1.13,82.0
沈阳,2024-08-04,28.0,excellent,17.0,26.0,19.0,5.0,0.86,57.0
沈阳,2024-08-05,20.0,excellent,9.0,15.0,16.0,6.0,0.73,63.0
沈阳,2024-08-06,30.0,excellent,15.0,24.0,19.0,7.0,0.81,78.0
沈阳,2024-08-07,39.0,excellent,21.0,37.0,21.0,8.0,1.03,88.0
沈阳,2024-08-08,45.0,excellent,26.0,45.0,23.0,8.0,1.07,78.0
沈阳,2024-08-09,52.0,good,31.0,51.0,28.0,6.0,1.03,83.0
沈阳,2024-08-10,32.0,excellent,18.0,32.0,20.0,6.0,0.88,49.0
沈阳,2024-08-11,34.0,excellent,15.0,35.0,15.0,6.0,0.8,79.0
沈阳,2024-08-12,29.0,excellent,14.0,27.0,17.0,5.0,0.8,83.0
沈阳,2024-08-13,24.0,excellent,10.0,22.0,18.0,6.0,0.73,53.0
沈阳,2024-08-14,28.0,excellent,13.0,27.0,20.0,6.0,0.64,53.0
沈阳,2024-08-15,32.0,excellent,17.0,31.0,21.0,6.0,0.71,61.0
沈阳,2024-08-16,37.0,excellent,16.0,31.0,24.0,7.0,0.65,72.0
沈阳,2024-08-17,44.0,excellent,18.0,37.0,30.0,7.0,0.73,81.0
沈阳,2024-08-18,47.0,excellent,25.0,49.0,28.0,8.0,1.0,66.0
沈阳,2024-08-19,28.0,excellent,15.0,26.0,23.0,7.0,0.77,50.0
沈阳,2024-08-20,27.0,excellent,14.0,27.0,23.0,6.0,0.83,38.0
沈阳,2024-08-21,20.0,excellent,11.0,20.0,19.0,6.0,0.78,37.0
沈阳,2024-08-22,20.0,excellent,10.0,19.0,17.0,7.0,0.61,38.0
沈阳,2024-08-23,26.0,excellent,10.0,21.0,22.0,7.0,0.57,61.0
沈阳,2024-08-24,42.0,excellent,19.0,41.0,28.0,10.0,0.93,74.0
沈阳,2024-08-25,31.0,excellent,11.0,25.0,22.0,7.0,0.62,81.0
沈阳,2024-08-26,35.0,excellent,14.0,34.0,33.0,9.0,0.8,45.0
沈阳,2024-08-27,33.0,excellent,12.0,30.0,26.0,9.0,0.71,46.0
沈阳,2024-08-28,37.0,excellent,12.0,31.0,32.0,9.0,0.81,67.0
沈阳,2024-08-29,53.0,good,20.0,44.0,33.0,12.0,1.02,90.0
沈阳,2024-08-30,43.0,excellent,22.0,41.0,21.0,12.0,0.91,96.0
沈阳,2024-08-31,38.0,excellent,14.0,35.0,30.0,10.0,0.65,64.0
沈阳,2024-09-01,29.0,excellent,11.0,26.0,16.0,10.0,0.61,71.0
沈阳,2024-09-02,20.0,excellent,4.0,15.0,20.0,8.0,0.45,54.0
沈阳,2024-09-03,36.0,excellent,13.0,33.0,31.0,11.0,0.95,65.0
沈阳,2024-09-04,37.0,excellent,19.0,36.0,25.0,13.0,0.73,68.0
沈阳,2024-09-05,24.0,excellent,9.0,18.0,16.0,7.0,0.56,71.0
沈阳,2024-09-06,31.0,excellent,11.0,29.0,33.0,9.0,0.75,46.0
沈阳,2024-09-07,45.0,excellent,21.0,46.0,44.0,12.0,1.03,26.0
沈阳,2024-09-08,47.0,excellent,25.0,46.0,30.0,12.0,1.23,68.0
沈阳,2024-09-09,41.0,excellent,23.0,42.0,30.0,12.0,1.07,59.0
沈阳,2024-09-10,25.0,excellent,11.0,23.0,25.0,8.0,0.6,52.0
沈阳,2024-09-11,30.0,excellent,11.0,30.0,33.0,10.0,0.83,21.0
沈阳,2024-09-12,30.0,excellent,11.0,27.0,29.0,9.0,0.69,44.0
沈阳,2024-09-13,37.0,excellent,10.0,37.0,26.0,8.0,0.53,47.0
沈阳,2024-09-14,21.0,excellent,7.0,21.0,19.0,7.0,0.42,36.0
沈阳,2024-09-15,26.0,excellent,10.0,25.0,28.0,8.0,0.51,41.0
沈阳,2024-09-16,44.0,excellent,21.0,44.0,33.0,14.0,0.99,50.0
沈阳,2024-09-17,47.0,excellent,27.0,48.0,43.0,10.0,0.93,27.0
沈阳,2024-09-18,41.0,excellent,21.0,41.0,38.0,9.0,1.1,25.0
沈阳,2024-09-19,50.0,excellent,24.0,54.0,35.0,13.0,1.28,51.0
沈阳,2024-09-20,20.0,excellent,6.0,20.0,19.0,7.0,0.42,32.0
沈阳,2024-09-21,20.0,excellent,6.0,18.0,20.0,8.0,0.43,33.0
沈阳,2024-09-22,30.0,excellent,11.0,28.0,31.0,8.0,0.48,39.0
沈阳,2024-09-23,43.0,excellent,22.0,45.0,36.0,13.0,0.93,43.0
沈阳,2024-09-24,44.0,excellent,21.0,44.0,34.0,16.0,0.82,65.0
沈阳,2024-09-25,28.0,excellent,17.0,28.0,27.0,13.0,0.57,49.0
沈阳,2024-09-26,31.0,excellent,16.0,28.0,33.0,8.0,0.69,36.0
沈阳,2024-09-27,46.0,excellent,24.0,48.0,43.0,9.0,0.88,39.0
沈阳,2024-09-28,55.0,good,31.0,62.0,42.0,13.0,1.02,53.0
沈阳,2024-09-29,46.0,excellent,26.0,49.0,33.0,16.0,0.78,58.0
沈阳,2024-09-30,20.0,excellent,8.0,20.0,19.0,9.0,0.46,37.0
沈阳,2024-10-01,19.0,excellent,7.0,17.0,24.0,8.0,0.44,28.0
沈阳,2024-10-02,37.0,excellent,18.0,36.0,30.0,14.0,0.65,33.0
沈阳,2024-10-03,40.0,excellent,20.0,39.0,33.0,14.0,0.82,48.0
沈阳,2024-10-04,46.0,excellent,22.0,46.0,31.0,16.0,0.91,79.0
沈阳,2024-10-05,54.0,good,27.0,54.0,32.0,16.0,0.75,111.0
沈阳,2024-10-06,59.0,good,42.0,68.0,41.0,11.0,0.95,30.0
沈阳,2024-10-07,32.0,excellent,20.0,31.0,25.0,8.0,0.54,44.0
沈阳,2024-10-08,56.0,good,37.0,63.0,43.0,15.0,1.11,33.0
沈阳,2024-10-09,51.0,good,29.0,57.0,38.0,17.0,0.97,46.0
沈阳,2024-10-10,32.0,excellent,15.0,30.0,26.0,12.0,0.53,52.0
沈阳,2024-10-11,50.0,excellent,22.0,53.0,35.0,15.0,0.98,59.0
沈阳,2024-10-12,61.0,good,37.0,75.0,54.0,13.0,1.0,46.0
沈阳,2024-10-13,71.0,good,47.0,85.0,52.0,17.0,1.31,58.0
沈阳,2024-10-14,44.0,excellent,23.0,45.0,23.0,17.0,0.64,89.0
沈阳,2024-10-15,23.0,excellent,7.0,21.0,18.0,9.0,0.38,53.0
沈阳,2024-10-16,49.0,excellent,24.0,52.0,40.0,15.0,0.92,36.0
沈阳,2024-10-17,74.0,good,51.0,91.0,52.0,23.0,1.33,40.0
沈阳,2024-10-18,43.0,excellent,28.0,47.0,29.0,16.0,0.67,42.0
沈阳,2024-10-19,26.0,excellent,6.0,26.0,15.0,8.0,0.29,44.0
沈阳,2024-10-20,39.0,excellent,20.0,41.0,30.0,13.0,0.55,42.0
沈阳,2024-10-21,35.0,excellent,20.0,35.0,26.0,11.0,0.67,46.0
沈阳,2024-10-22,32.0,excellent,18.0,31.0,31.0,9.0,0.47,36.0
沈阳,2024-10-23,38.0,excellent,26.0,38.0,33.0,10.0,0.53,30.0
沈阳,2024-10-24,67.0,good,49.0,75.0,54.0,15.0,1.19,30.0
沈阳,2024-10-25,92.0,good,68.0,98.0,50.0,15.0,1.09,71.0
沈阳,2024-10-26,100.0,good,75.0,109.0,54.0,11.0,1.12,26.0
沈阳,2024-10-27,32.0,excellent,22.0,28.0,25.0,8.0,0.48,35.0
沈阳,2024-10-28,47.0,excellent,31.0,50.0,45.0,11.0,0.9,27.0
沈阳,2024-10-29,89.0,good,66.0,97.0,40.0,16.0,1.22,58.0
沈阳,2024-10-30,79.0,good,58.0,83.0,49.0,12.0,0.93,35.0
沈阳,2024-10-31,109.0,lightly_polluted,82.0,121.0,47.0,20.0,1.33,53.0
沈阳,2024-11-01,61.0,good,42.0,62.0,45.0,18.0,0.87,37.0
沈阳,2024-11-02,63.0,good,44.0,69.0,49.0,14.0,0.76,36.0
沈阳,2024-11-03,74.0,good,54.0,78.0,50.0,22.0,1.07,27.0
沈阳,2024-11-04,25.0,excellent,14.0,23.0,25.0,10.0,0.44,37.0
沈阳,2024-11-05,40.0,excellent,22.0,41.0,35.0,19.0,0.76,25.0
沈阳,2024-11-06,45.0,excellent,29.0,47.0,40.0,12.0,0.75,22.0
沈阳,2024-11-07,54.0,good,36.0,59.0,37.0,15.0,1.06,32.0
沈阳,2024-11-08,58.0,good,40.0,62.0,36.0,16.0,0.85,58.0
沈阳,2024-11-09,57.0,good,39.0,60.0,28.0,15.0,0.78,82.0
沈阳,2024-11-10,44.0,excellent,29.0,42.0,29.0,13.0,0.67,60.0
沈阳,2024-11-11,45.0,excellent,23.0,47.0,41.0,17.0,1.09,25.0
沈阳,2024-11-12,54.0,good,36.0,62.0,48.0,12.0,1.01,23.0
沈阳,2024-11-13,52.0,good,32.0,57.0,40.0,18.0,1.04,33.0
沈阳,2024-11-14,40.0,excellent,28.0,36.0,40.0,10.0,1.01,30.0
沈阳,2024-11-15,48.0,excellent,33.0,46.0,48.0,13.0,1.36,25.0
沈阳,2024-11-16,29.0,excellent,17.0,28.0,23.0,13.0,0.72,46.0
沈阳,2024-11-17,21.0,excellent,8.0,20.0,20.0,10.0,0.4,42.0
沈阳,2024-11-18,22.0,excellent,11.0,22.0,22.0,11.0,0.44,39.0
沈阳,2024-11-19,52.0,good,29.0,54.0,41.0,17.0,1.05,18.0
沈阳,2024-11-20,90.0,good,65.0,104.0,57.0,18.0,1.38,13.0
沈阳,2024-11-21,70.0,good,50.0,76.0,44.0,18.0,1.13,25.0
沈阳,2024-11-22,45.0,excellent,28.0,47.0,36.0,11.0,0.62,26.0
沈阳,2024-11-23,58.0,good,41.0,61.0,44.0,12.0,0.95,23.0
沈阳,2024-11-24,77.0,good,56.0,88.0,47.0,18.0,1.37,16.0
沈阳,2024-11-25,50.0,excellent,35.0,49.0,25.0,12.0,0.78,55.0
沈阳,2024-11-26,22.0,excellent,8.0,21.0,15.0,9.0,0.46,46.0
沈阳,2024-11-27,34.0,excellent,10.0,35.0,16.0,10.0,0.48,47.0
沈阳,2024-11-28,42.0,excellent,18.0,43.0,25.0,10.0,0.59,37.0
沈阳,2024-11-29,56.0,good,36.0,60.0,47.0,18.0,1.16,13.0
沈阳,2024-11-30,67.0,good,48.0,69.0,54.0,18.0,1.48,16.0
沈阳,2024-12-01,53.0,good,37.0,52.0,35.0,15.0,1.19,30.0
沈阳,2024-12-02,24.0,excellent,10.0,22.0,20.0,10.0,0.51,50.0
沈阳,2024-12-03,41.0,excellent,21.0,42.0,36.0,14.0,0.92,29.0
沈阳,2024-12-04,38.0,excellent,18.0,38.0,35.0,13.0,0.76,32.0
沈阳,2024-12-05,46.0,excellent,21.0,50.0,32.0,13.0,0.8,35.0
沈阳,2024-12-06,32.0,excellent,13.0,32.0,24.0,11.0,0.58,41.0
沈阳,2024-12-07,37.0,excellent,22.0,38.0,34.0,12.0,0.74,26.0
沈阳,2024-12-08,58.0,good,40.0,66.0,45.0,16.0,1.14,17.0
沈阳,2024-12-09,78.0,good,56.0,92.0,54.0,18.0,1.63,15.0
沈阳,2024-12-10,80.0,good,59.0,86.0,48.0,15.0,1.35,17.0
沈阳,2024-12-11,37.0,excellent,24.0,39.0,33.0,13.0,0.74,27.0
沈阳,2024-12-12,82.0,good,60.0,95.0,54.0,19.0,1.41,14.0
沈阳,2024-12-13,64.0,good,46.0,70.0,43.0,15.0,1.04,22.0
沈阳,2024-12-14,60.0,good,41.0,68.0,43.0,16.0,0.96,25.0
沈阳,2024-12-15,40.0,excellent,22.0,43.0,35.0,13.0,0.65,34.0
沈阳,2024-12-16,42.0,excellent,23.0,44.0,36.0,14.0,0.74,26.0
沈阳,2024-12-17,28.0,excellent,15.0,28.0,23.0,11.0,0.56,34.0
沈阳,2024-12-18,49.0,excellent,33.0,51.0,38.0,15.0,0.79,26.0
沈阳,2024-12-19,77.0,good,56.0,85.0,54.0,15.0,1.41,15.0
沈阳,2024-12-20,88.0,good,65.0,97.0,50.0,19.0,1.6,18.0
沈阳,2024-12-21,55.0,good,38.0,56.0,39.0,14.0,0.81,28.0
沈阳,2024-12-22,58.0,good,37.0,63.0,46.0,16.0,0.94,25.0
沈阳,2024-12-23,50.0,excellent,32.0,52.0,38.0,15.0,0.8,32.0
沈阳,2024-12-24,66.0,good,46.0,75.0,46.0,15.0,1.28,25.0
沈阳,2024-12-25,76.0,good,44.0,87.0,33.0,15.0,1.1,41.0
沈阳,2024-12-26,54.0,good,17.0,61.0,27.0,11.0,0.62,44.0
沈阳,2024-12-27,43.0,excellent,21.0,47.0,31.0,12.0,0.65,36.0
沈阳,2024-12-28,50.0,excellent,27.0,54.0,41.0,16.0,0.83,28.0
沈阳,2024-12-29,76.0,good,49.0,92.0,43.0,16.0,1.28,29.0
沈阳,2024-12-30,62.0,good,35.0,71.0,35.0,15.0,0.92,38.0
沈阳,2024-12-31,48.0,excellent,24.0,53.0,34.0,16.0,0.85,36.0
汕头,2024-01-01,66.0,good,46.0,77.0,15.0,8.0,0.78,119.0
汕头,2024-01-02,56.0,good,39.0,61.0,17.0,8.0,0.73,108.0
汕头,2024-01-03,53.0,good,31.0,51.0,20.0,9.0,0.83,72.0
汕头,2024-01-04,39.0,excellent,22.0,39.0,18.0,10.0,0.65,87.0
汕头,2024-01-05,57.0,good,37.0,59.0,21.0,10.0,0.7,99.0
汕头,2024-01-06,70.0,good,50.0,72.0,29.0,11.0,0.85,96.0
汕头,2024-01-07,60.0,good,41.0,56.0,18.0,9.0,0.73,113.0
汕头,2024-01-08,62.0,good,38.0,65.0,19.0,9.0,0.72,114.0
汕头,2024-01-09,54.0,good,33.0,58.0,20.0,9.0,0.74,94.0
汕头,2024-01-10,44.0,excellent,28.0,41.0,20.0,9.0,0.78,72.0
汕头,2024-01-11,64.0,good,45.0,60.0,17.0,9.0,0.77,108.0
汕头,2024-01-12,75.0,good,54.0,74.0,24.0,11.0,0.85,110.0
汕头,2024-01-13,57.0,good,37.0,57.0,28.0,11.0,0.76,85.0
汕头,2024-01-14,43.0,excellent,22.0,42.0,23.0,10.0,0.63,79.0
汕头,2024-01-15,58.0,good,38.0,61.0,23.0,11.0,0.77,82.0
汕头,2024-01-16,38.0,excellent,22.0,37.0,12.0,7.0,0.65,103.0
汕头,2024-01-17,35.0,excellent,14.0,35.0,15.0,8.0,0.58,89.0
汕头,2024-01-18,47.0,excellent,27.0,49.0,21.0,10.0,0.72,89.0
汕头,2024-01-19,52.0,good,37.0,44.0,23.0,9.0,0.8,68.0
汕头,2024-01-20,41.0,excellent,28.0,31.0,18.0,9.0,0.78,66.0
汕头,2024-01-21,28.0,excellent,15.0,28.0,19.0,9.0,0.93,43.0
汕头,2024-01-22,24.0,excellent,14.0,22.0,18.0,8.0,0.98,33.0
汕头,2024-01-23,17.0,excellent,7.0,14.0,15.0,8.0,0.92,29.0
汕头,2024-01-24,33.0,excellent,21.0,30.0,15.0,9.0,0.8,55.0
汕头,2024-01-25,47.0,excellent,32.0,43.0,22.0,11.0,0.83,45.0
汕头,2024-01-26,55.0,good,38.0,49.0,22.0,12.0,0.78,66.0
汕头,2024-01-27,62.0,good,44.0,53.0,21.0,10.0,0.72,87.0
汕头,2024-01-28,60.0,good,43.0,38.0,21.0,8.0,0.77,45.0
汕头,2024-01-29,71.0,good,51.0,48.0,23.0,8.0,0.84,63.0
汕头,2024-01-30,57.0,good,41.0,36.0,20.0,7.0,0.81,59.0
汕头,2024-01-31,66.0,good,46.0,62.0,25.0,8.0,0.93,56.0
汕头,2024-02-01,61.0,good,39.0,56.0,24.0,8.0,0.9,57.0
汕头,2024-02-02,37.0,excellent,20.0,37.0,18.0,7.0,0.72,59.0
汕头,2024-02-03,28.0,excellent,16.0,27.0,13.0,7.0,0.62,78.0
汕头,2024-02-04,29.0,excellent,18.0,24.0,15.0,7.0,0.68,58.0
汕头,2024-02-05,35.0,excellent,21.0,28.0,15.0,7.0,0.7,51.0
汕头,2024-02-06,25.0,excellent,12.0,22.0,10.0,7.0,0.7,75.0
汕头,2024-02-07,20.0,excellent,12.0,15.0,11.0,9.0,0.81,47.0
汕头,2024-02-08,10.0,excellent,5.0,7.0,9.0,7.0,0.98,22.0
汕头,2024-02-09,27.0,excellent,16.0,22.0,7.0,8.0,1.05,28.0
汕头,2024-02-10,72.0,good,52.0,60.0,7.0,9.0,0.88,59.0
汕头,2024-02-11,82.0,good,58.0,71.0,9.0,9.0,0.82,73.0
汕头,2024-02-12,61.0,good,43.0,58.0,9.0,8.0,0.66,84.0
汕头,2024-02-13,71.0,good,51.0,70.0,10.0,9.0,0.76,92.0
汕头,2024-02-14,74.0,good,52.0,70.0,12.0,9.0,0.8,78.0
汕头,2024-02-15,71.0,good,50.0,69.0,16.0,9.0,0.83,73.0
汕头,2024-02-16,44.0,excellent,26.0,42.0,11.0,8.0,0.76,74.0
汕头,2024-02-17,31.0,excellent,18.0,29.0,9.0,8.0,0.68,82.0
汕头,2024-02-18,42.0,excellent,28.0,37.0,12.0,8.0,0.77,70.0
汕头,2024-02-19,37.0,excellent,23.0,36.0,13.0,7.0,0.72,48.0
汕头,2024-02-20,35.0,excellent,23.0,28.0,14.0,8.0,0.78,38.0
汕头,2024-02-21,20.0,excellent,10.0,18.0,7.0,7.0,0.62,46.0
汕头,2024-02-22,24.0,excellent,14.0,23.0,9.0,7.0,0.66,47.0
汕头,2024-02-23,23.0,excellent,10.0,22.0,10.0,8.0,0.75,57.0
汕头,2024-02-24,41.0,excellent,26.0,40.0,12.0,8.0,0.76,61.0
汕头,2024-02-25,45.0,excellent,31.0,42.0,12.0,9.0,0.73,44.0
汕头,2024-02-26,39.0,excellent,26.0,37.0,13.0,8.0,0.75,54.0
汕头,2024-02-27,37.0,excellent,23.0,33.0,13.0,8.0,0.71,63.0
汕头,2024-02-28,34.0,excellent,21.0,34.0,14.0,7.0,0.64,82.0
汕头,2024-02-29,54.0,good,38.0,43.0,17.0,6.0,0.78,56.0
汕头,2024-03-01,19.0,excellent,8.0,16.0,12.0,6.0,0.79,45.0
汕头,2024-03-02,22.0,excellent,13.0,20.0,12.0,6.0,0.8,44.0
汕头,2024-03-03,36.0,excellent,21.0,34.0,13.0,6.0,0.7,80.0
汕头,2024-03-04,44.0,excellent,28.0,44.0,15.0,5.0,0.7,90.0
汕头,2024-03-05,81.0,good,59.0,80.0,29.0,5.0,1.05,46.0
汕头,2024-03-06,73.0,good,50.0,67.0,24.0,5.0,1.14,45.0
汕头,2024-03-07,29.0,excellent,14.0,26.0,16.0,5.0,0.76,71.0
汕头,2024-03-08,55.0,good,33.0,58.0,16.0,6.0,0.74,110.0
汕头,2024-03-09,55.0,good,31.0,58.0,18.0,6.0,0.68,105.0
汕头,2024-03-10,44.0,excellent,30.0,33.0,16.0,5.0,0.78,89.0
汕头,2024-03-11,46.0,excellent,32.0,31.0,29.0,5.0,1.02,45.0
汕头,2024-03-12,33.0,excellent,17.0,31.0,21.0,6.0,0.82,76.0
汕头,2024-03-13,65.0,good,37.0,79.0,26.0,6.0,0.73,100.0
汕头,2024-03-14,65.0,good,43.0,69.0,26.0,7.0,0.68,92.0
汕头,2024-03-15,71.0,good,51.0,66.0,25.0,6.0,0.73,72.0
汕头,2024-03-16,83.0,good,61.0,82.0,33.0,6.0,0.9,48.0
汕头,2024-03-17,116.0,lightly_polluted,87.0,119.0,34.0,7.0,1.12,59.0
汕头,2024-03-18,50.0,excellent,27.0,50.0,17.0,4.0,0.6,89.0
汕头,2024-03-19,55.0,good,28.0,61.0,16.0,6.0,0.65,97.0
汕头,2024-03-20,52.0,good,25.0,58.0,14.0,5.0,0.61,114.0
汕头,2024-03-21,56.0,good,19.0,63.0,16.0,7.0,0.58,109.0
汕头,2024-03-22,59.0,good,26.0,68.0,20.0,7.0,0.65,100.0
汕头,2024-03-23,62.0,good,38.0,72.0,21.0,5.0,0.77,63.0
汕头,2024-03-24,37.0,excellent,22.0,37.0,18.0,4.0,0.66,45.0
汕头,2024-03-25,32.0,excellent,18.0,31.0,13.0,5.0,0.69,51.0
汕头,2024-03-26,45.0,excellent,23.0,46.0,16.0,6.0,0.7,78.0
汕头,2024-03-27,42.0,excellent,19.0,39.0,13.0,5.0,0.72,121.0
汕头,2024-03-28,52.0,good,33.0,55.0,18.0,7.0,0.8,103.0
汕头,2024-03-29,63.0,good,44.0,64.0,22.0,8.0,0.89,88.0
汕头,2024-03-30,62.0,good,44.0,54.0,14.0,5.0,0.87,91.0
汕头,2024-03-31,26.0,excellent,15.0,25.0,10.0,4.0,0.7,46.0
汕头,2024-04-01,29.0,excellent,19.0,27.0,12.0,4.0,0.76,61.0
汕头,2024-04-02,43.0,excellent,27.0,43.0,9.0,4.0,0.69,64.0
汕头,2024-04-03,27.0,excellent,16.0,26.0,6.0,4.0,0.66,42.0
汕头,2024-04-04,42.0,excellent,29.0,39.0,5.0,4.0,0.66,44.0
汕头,2024-04-05,35.0,excellent,21.0,32.0,7.0,4.0,0.68,74.0
汕头,2024-04-06,25.0,excellent,16.0,21.0,12.0,4.0,0.75,66.0
汕头,2024-04-07,22.0,excellent,13.0,20.0,13.0,4.0,0.77,61.0
汕头,2024-04-08,41.0,excellent,28.0,43.0,18.0,5.0,0.9,52.0
汕头,2024-04-09,22.0,excellent,8.0,18.0,10.0,5.0,0.8,65.0
汕头,2024-04-10,42.0,excellent,19.0,39.0,10.0,7.0,0.69,113.0
汕头,2024-04-11,42.0,excellent,26.0,39.0,9.0,5.0,0.72,115.0
汕头,2024-04-12,50.0,excellent,33.0,48.0,12.0,5.0,0.84,101.0
汕头,2024-04-13,52.0,good,35.0,50.0,13.0,5.0,0.84,80.0
汕头,2024-04-14,34.0,excellent,21.0,29.0,6.0,4.0,0.74,76.0
汕头,2024-04-15,40.0,excellent,23.0,39.0,9.0,5.0,0.75,60.0
汕头,2024-04-16,39.0,excellent,23.0,37.0,9.0,5.0,0.68,58.0
汕头,2024-04-17,27.0,excellent,15.0,27.0,6.0,4.0,0.64,58.0
汕头,2024-04-18,34.0,excellent,14.0,24.0,8.0,4.0,0.78,103.0
汕头,2024-04-19,46.0,excellent,16.0,47.0,10.0,4.0,0.73,104.0
汕头,2024-04-20,47.0,excellent,25.0,50.0,13.0,5.0,0.85,71.0
汕头,2024-04-21,27.0,excellent,12.0,24.0,11.0,5.0,0.76,73.0
汕头,2024-04-22,36.0,excellent,22.0,34.0,13.0,6.0,0.84,54.0
汕头,2024-04-23,28.0,excellent,17.0,22.0,11.0,4.0,0.78,60.0
汕头,2024-04-24,34.0,excellent,18.0,30.0,12.0,5.0,0.81,76.0
汕头,2024-04-25,31.0,excellent,16.0,25.0,14.0,4.0,0.8,96.0
汕头,2024-04-26,24.0,excellent,11.0,19.0,15.0,4.0,0.85,68.0
汕头,2024-04-27,29.0,excellent,12.0,19.0,10.0,3.0,0.76,82.0
汕头,2024-04-28,35.0,excellent,9.0,20.0,10.0,3.0,0.66,103.0
汕头,2024-04-29,31.0,excellent,18.0,29.0,12.0,5.0,0.71,70.0
汕头,2024-04-30,27.0,excellent,12.0,17.0,11.0,4.0,0.69,73.0
汕头,2024-05-01,33.0,excellent,20.0,28.0,12.0,5.0,0.9,86.0
汕头,2024-05-02,34.0,excellent,11.0,19.0,5.0,4.0,0.67,109.0
汕头,2024-05-03,37.0,excellent,13.0,25.0,6.0,4.0,0.62,118.0
汕头,2024-05-04,32.0,excellent,17.0,30.0,6.0,4.0,0.61,101.0
汕头,2024-05-05,30.0,excellent,15.0,19.0,9.0,4.0,0.73,93.0
汕头,2024-05-06,36.0,excellent,21.0,33.0,10.0,5.0,0.75,83.0
汕头,2024-05-07,41.0,excellent,24.0,33.0,8.0,4.0,0.75,98.0
汕头,2024-05-08,51.0,good,28.0,43.0,10.0,6.0,0.85,107.0
汕头,2024-05-09,54.0,good,21.0,44.0,9.0,5.0,0.68,152.0
汕头,2024-05-10,39.0,excellent,14.0,31.0,7.0,5.0,0.62,124.0
汕头,2024-05-11,43.0,excellent,20.0,44.0,11.0,7.0,0.78,96.0
汕头,2024-05-12,39.0,excellent,24.0,38.0,12.0,5.0,0.85,71.0
汕头,2024-05-13,33.0,excellent,12.0,28.0,9.0,5.0,0.72,86.0
汕头,2024-05-14,36.0,excellent,10.0,30.0,9.0,6.0,0.57,112.0
汕头,2024-05-15,51.0,good,19.0,43.0,12.0,7.0,0.65,129.0
汕头,2024-05-16,62.0,good,23.0,56.0,12.0,6.0,0.68,147.0
汕头,2024-05-17,41.0,excellent,15.0,40.0,11.0,6.0,0.61,118.0
汕头,2024-05-18,48.0,excellent,23.0,49.0,16.0,6.0,0.74,109.0
汕头,2024-05-19,36.0,excellent,19.0,35.0,9.0,5.0,0.66,74.0
汕头,2024-05-20,24.0,excellent,11.0,18.0,9.0,4.0,0.62,70.0
汕头,2024-05-21,20.0,excellent,8.0,13.0,9.0,4.0,0.65,63.0
汕头,2024-05-22,20.0,excellent,6.0,9.0,10.0,4.0,0.65,63.0
汕头,2024-05-23,20.0,excellent,7.0,10.0,12.0,4.0,0.67,64.0
汕头,2024-05-24,20.0,excellent,8.0,10.0,10.0,4.0,0.69,61.0
汕头,2024-05-25,19.0,excellent,12.0,16.0,11.0,4.0,0.73,44.0
汕头,2024-05-26,21.0,excellent,12.0,20.0,13.0,4.0,0.73,38.0
汕头,2024-05-27,20.0,excellent,12.0,20.0,10.0,4.0,0.63,35.0
汕头,2024-05-28,29.0,excellent,10.0,25.0,8.0,6.0,0.66,79.0
汕头,2024-05-29,37.0,excellent,6.0,26.0,8.0,5.0,0.55,119.0
汕头,2024-05-30,31.0,excellent,15.0,25.0,10.0,4.0,0.68,89.0
汕头,2024-05-31,31.0,excellent,18.0,26.0,9.0,4.0,0.75,60.0
汕头,2024-06-01,20.0,excellent,7.0,17.0,7.0,4.0,0.63,60.0
汕头,2024-06-02,22.0,excellent,5.0,11.0,8.0,4.0,0.75,70.0
汕头,2024-06-03,34.0,excellent,5.0,17.0,7.0,4.0,0.71,110.0
汕头,2024-06-04,30.0,excellent,11.0,24.0,12.0,6.0,0.7,91.0
汕头,2024-06-05,26.0,excellent,16.0,20.0,16.0,4.0,0.84,68.0
汕头,2024-06-06,38.0,excellent,24.0,29.0,12.0,4.0,0.92,81.0
汕头,2024-06-07,32.0,excellent,6.0,13.0,7.0,4.0,0.72,103.0
汕头,2024-06-08,29.0,excellent,9.0,16.0,7.0,4.0,0.7,92.0
汕头,2024-06-09,23.0,excellent,12.0,18.0,8.0,4.0,0.68,59.0
汕头,2024-06-10,16.0,excellent,9.0,15.0,9.0,4.0,0.63,37.0
汕头,2024-06-11,16.0,excellent,7.0,14.0,7.0,4.0,0.62,45.0
汕头,2024-06-12,21.0,excellent,9.0,21.0,5.0,4.0,0.65,51.0
汕头,2024-06-13,20.0,excellent,9.0,20.0,6.0,4.0,0.68,53.0
汕头,2024-06-14,24.0,excellent,11.0,23.0,7.0,4.0,0.67,55.0
汕头,2024-06-15,24.0,excellent,11.0,24.0,7.0,4.0,0.68,50.0
汕头,2024-06-16,17.0,excellent,6.0,16.0,11.0,4.0,0.71,35.0
汕头,2024-06-17,18.0,excellent,6.0,18.0,7.0,4.0,0.65,33.0
汕头,2024-06-18,16.0,excellent,6.0,16.0,8.0,4.0,0.59,33.0
汕头,2024-06-19,15.0,excellent,6.0,15.0,8.0,4.0,0.63,30.0
汕头,2024-06-20,13.0,excellent,6.0,13.0,6.0,4.0,0.61,33.0
汕头,2024-06-21,21.0,excellent,10.0,21.0,6.0,4.0,0.61,37.0
汕头,2024-06-22,23.0,excellent,13.0,22.0,6.0,5.0,0.61,47.0
汕头,2024-06-23,19.0,excellent,9.0,18.0,6.0,5.0,0.58,44.0
汕头,2024-06-24,14.0,excellent,4.0,12.0,6.0,5.0,0.63,41.0
汕头,2024-06-25,15.0,excellent,5.0,14.0,5.0,5.0,0.67,40.0
汕头,2024-06-26,16.0,excellent,6.0,16.0,6.0,4.0,0.71,32.0
汕头,2024-06-27,17.0,excellent,7.0,16.0,7.0,4.0,0.69,36.0
汕头,2024-06-28,17.0,excellent,6.0,16.0,6.0,4.0,0.68,41.0
汕头,2024-06-29,14.0,excellent,5.0,12.0,7.0,4.0,0.69,38.0
汕头,2024-06-30,18.0,excellent,8.0,16.0,7.0,4.0,0.68,33.0
汕头,2024-07-01,21.0,excellent,7.0,21.0,5.0,4.0,0.67,49.0
汕头,2024-07-02,19.0,excellent,6.0,19.0,6.0,5.0,0.64,37.0
汕头,2024-07-03,13.0,excellent,4.0,13.0,6.0,5.0,0.6,30.0
汕头,2024-07-04,16.0,excellent,5.0,16.0,6.0,5.0,0.59,38.0
汕头,2024-07-05,14.0,excellent,5.0,13.0,7.0,5.0,0.6,36.0
汕头,2024-07-06,14.0,excellent,5.0,13.0,6.0,5.0,0.6,32.0
汕头,2024-07-07,13.0,excellent,4.0,12.0,5.0,5.0,0.6,40.0
汕头,2024-07-08,16.0,excellent,5.0,14.0,6.0,5.0,0.65,45.0
汕头,2024-07-09,19.0,excellent,7.0,17.0,8.0,5.0,0.66,49.0
汕头,2024-07-10,21.0,excellent,11.0,18.0,7.0,5.0,0.68,55.0
汕头,2024-07-11,15.0,excellent,6.0,13.0,6.0,5.0,0.65,43.0
汕头,2024-07-12,15.0,excellent,5.0,14.0,6.0,5.0,0.66,40.0
汕头,2024-07-13,16.0,excellent,7.0,15.0,6.0,5.0,0.65,40.0
汕头,2024-07-14,15.0,excellent,6.0,15.0,5.0,5.0,0.64,36.0
汕头,2024-07-15,15.0,excellent,5.0,15.0,6.0,5.0,0.65,36.0
汕头,2024-07-16,17.0,excellent,7.0,16.0,5.0,5.0,0.64,40.0
汕头,2024-07-17,18.0,excellent,7.0,17.0,6.0,5.0,0.64,35.0
汕头,2024-07-18,16.0,excellent,5.0,15.0,6.0,5.0,0.69,35.0
汕头,2024-07-19,16.0,excellent,6.0,16.0,5.0,5.0,0.66,27.0
汕头,2024-07-20,18.0,excellent,6.0,18.0,5.0,5.0,0.65,29.0
汕头,2024-07-21,15.0,excellent,5.0,15.0,4.0,5.0,0.63,35.0
汕头,2024-07-22,17.0,excellent,6.0,16.0,7.0,6.0,0.71,36.0
汕头,2024-07-23,30.0,excellent,15.0,30.0,10.0,6.0,0.8,60.0
汕头,2024-07-24,31.0,excellent,17.0,31.0,9.0,6.0,0.81,61.0
汕头,2024-07-25,32.0,excellent,19.0,31.0,10.0,5.0,0.87,77.0
汕头,2024-07-26,19.0,excellent,6.0,9.0,6.0,5.0,0.75,61.0
汕头,2024-07-27,17.0,excellent,8.0,16.0,8.0,5.0,0.66,40.0
汕头,2024-07-28,16.0,excellent,6.0,16.0,8.0,4.0,0.65,32.0
汕头,2024-07-29,20.0,excellent,9.0,19.0,7.0,5.0,0.66,39.0
汕头,2024-07-30,19.0,excellent,11.0,16.0,7.0,4.0,0.64,47.0
汕头,2024-07-31,18.0,excellent,10.0,15.0,8.0,4.0,0.53,37.0
汕头,2024-08-01,26.0,excellent,13.0,25.0,5.0,4.0,0.53,48.0
汕头,2024-08-02,26.0,excellent,13.0,26.0,5.0,4.0,0.59,53.0
汕头,2024-08-03,31.0,excellent,15.0,31.0,7.0,5.0,0.57,59.0
汕头,2024-08-04,38.0,excellent,22.0,38.0,11.0,5.0,0.71,74.0
汕头,2024-08-05,43.0,excellent,22.0,44.0,15.0,7.0,0.82,93.0
汕头,2024-08-06,39.0,excellent,24.0,36.0,9.0,6.0,0.75,99.0
汕头,2024-08-07,40.0,excellent,24.0,36.0,8.0,5.0,0.71,98.0
汕头,2024-08-08,42.0,excellent,25.0,38.0,11.0,4.0,0.72,90.0
汕头,2024-08-09,34.0,excellent,19.0,34.0,11.0,4.0,0.67,77.0
汕头,2024-08-10,29.0,excellent,17.0,27.0,7.0,4.0,0.61,69.0
汕头,2024-08-11,31.0,excellent,17.0,30.0,9.0,4.0,0.63,66.0
汕头,2024-08-12,28.0,excellent,14.0,26.0,10.0,4.0,0.65,64.0
汕头,2024-08-13,25.0,excellent,14.0,25.0,12.0,5.0,0.75,62.0
汕头,2024-08-14,23.0,excellent,12.0,22.0,11.0,5.0,0.68,52.0
汕头,2024-08-15,27.0,excellent,16.0,26.0,12.0,4.0,0.68,50.0
汕头,2024-08-16,25.0,excellent,11.0,24.0,10.0,4.0,0.68,51.0
汕头,2024-08-17,15.0,excellent,5.0,12.0,7.0,4.0,0.59,46.0
汕头,2024-08-18,18.0,excellent,9.0,17.0,9.0,4.0,0.63,47.0
汕头,2024-08-19,15.0,excellent,4.0,10.0,7.0,4.0,0.64,42.0
汕头,2024-08-20,14.0,excellent,4.0,9.0,6.0,4.0,0.65,43.0
汕头,2024-08-21,16.0,excellent,5.0,12.0,9.0,4.0,0.65,40.0
汕头,2024-08-22,24.0,excellent,12.0,24.0,14.0,4.0,0.69,36.0
汕头,2024-08-23,29.0,excellent,15.0,28.0,12.0,5.0,0.71,44.0
汕头,2024-08-24,27.0,excellent,15.0,26.0,12.0,5.0,0.73,58.0
汕头,2024-08-25,40.0,excellent,25.0,38.0,16.0,5.0,0.83,65.0
汕头,2024-08-26,35.0,excellent,19.0,33.0,12.0,7.0,0.8,79.0
汕头,2024-08-27,39.0,excellent,25.0,36.0,10.0,5.0,0.72,90.0
汕头,2024-08-28,39.0,excellent,25.0,37.0,12.0,5.0,0.78,90.0
汕头,2024-08-29,41.0,excellent,28.0,39.0,11.0,5.0,0.75,87.0
汕头,2024-08-30,25.0,excellent,15.0,21.0,7.0,5.0,0.6,56.0
汕头,2024-08-31,17.0,excellent,8.0,16.0,8.0,5.0,0.51,35.0
汕头,2024-09-01,31.0,excellent,16.0,29.0,10.0,6.0,0.68,70.0
汕头,2024-09-02,41.0,excellent,25.0,35.0,11.0,8.0,0.68,97.0
汕头,2024-09-03,42.0,excellent,23.0,35.0,8.0,6.0,0.68,110.0
汕头,2024-09-04,31.0,excellent,15.0,30.0,9.0,6.0,0.58,71.0
汕头,2024-09-05,23.0,excellent,10.0,22.0,6.0,5.0,0.51,52.0
汕头,2024-09-06,14.0,excellent,7.0,12.0,5.0,4.0,0.5,39.0
汕头,2024-09-07,17.0,excellent,6.0,16.0,7.0,5.0,0.53,46.0
汕头,2024-09-08,15.0,excellent,4.0,12.0,8.0,5.0,0.57,46.0
汕头,2024-09-09,22.0,excellent,8.0,18.0,9.0,6.0,0.61,53.0
汕头,2024-09-10,33.0,excellent,20.0,31.0,10.0,6.0,0.63,58.0
汕头,2024-09-11,50.0,excellent,35.0,46.0,10.0,6.0,0.72,87.0
汕头,2024-09-12,39.0,excellent,26.0,34.0,7.0,5.0,0.64,85.0
汕头,2024-09-13,30.0,excellent,15.0,30.0,8.0,6.0,0.61,64.0
汕头,2024-09-14,30.0,excellent,14.0,30.0,11.0,6.0,0.62,56.0
汕头,2024-09-15,25.0,excellent,13.0,24.0,10.0,6.0,0.63,57.0
汕头,2024-09-16,26.0,excellent,15.0,21.0,5.0,5.0,0.52,80.0
汕头,2024-09-17,30.0,excellent,16.0,29.0,7.0,7.0,0.56,54.0
汕头,2024-09-18,25.0,excellent,8.0,24.0,5.0,6.0,0.44,59.0
汕头,2024-09-19,29.0,excellent,13.0,28.0,7.0,6.0,0.56,61.0
汕头,2024-09-20,19.0,excellent,10.0,15.0,5.0,5.0,0.59,53.0
汕头,2024-09-21,18.0,excellent,4.0,11.0,4.0,5.0,0.6,57.0
汕头,2024-09-22,19.0,excellent,9.0,15.0,10.0,7.0,0.73,46.0
汕头,2024-09-23,13.0,excellent,5.0,8.0,9.0,5.0,0.8,39.0
汕头,2024-09-24,15.0,excellent,8.0,13.0,12.0,5.0,0.76,30.0
汕头,2024-09-25,27.0,excellent,14.0,25.0,13.0,6.0,0.74,45.0
汕头,2024-09-26,33.0,excellent,16.0,28.0,10.0,6.0,0.73,76.0
汕头,2024-09-27,38.0,excellent,20.0,29.0,8.0,6.0,0.75,99.0
汕头,2024-09-28,29.0,excellent,9.0,19.0,7.0,5.0,0.65,88.0
汕头,2024-09-29,36.0,excellent,17.0,32.0,13.0,7.0,0.72,75.0
汕头,2024-09-30,35.0,excellent,18.0,35.0,15.0,8.0,0.69,53.0
汕头,2024-10-01,22.0,excellent,11.0,22.0,8.0,6.0,0.59,43.0
汕头,2024-10-02,24.0,excellent,6.0,21.0,7.0,6.0,0.7,59.0
汕头,2024-10-03,33.0,excellent,16.0,32.0,10.0,7.0,0.7,81.0
汕头,2024-10-04,27.0,excellent,13.0,24.0,10.0,7.0,0.66,77.0
汕头,2024-10-05,27.0,excellent,13.0,23.0,10.0,7.0,0.7,82.0
汕头,2024-10-06,36.0,excellent,19.0,28.0,9.0,7.0,0.75,92.0
汕头,2024-10-07,32.0,excellent,18.0,27.0,9.0,7.0,0.71,76.0
汕头,2024-10-08,22.0,excellent,12.0,20.0,12.0,6.0,0.81,61.0
汕头,2024-10-09,30.0,excellent,17.0,28.0,13.0,7.0,0.84,76.0
汕头,2024-10-10,37.0,excellent,22.0,36.0,13.0,8.0,0.83,92.0
汕头,2024-10-11,56.0,good,25.0,41.0,11.0,6.0,0.72,140.0
汕头,2024-10-12,41.0,excellent,21.0,38.0,11.0,7.0,0.68,127.0
汕头,2024-10-13,34.0,excellent,17.0,31.0,10.0,7.0,0.66,92.0
汕头,2024-10-14,32.0,excellent,20.0,31.0,8.0,7.0,0.66,86.0
汕头,2024-10-15,29.0,excellent,15.0,27.0,8.0,7.0,0.64,86.0
汕头,2024-10-16,27.0,excellent,11.0,24.0,8.0,7.0,0.55,79.0
汕头,2024-10-17,28.0,excellent,13.0,28.0,7.0,6.0,0.6,82.0
汕头,2024-10-18,39.0,excellent,26.0,37.0,8.0,7.0,0.66,86.0
汕头,2024-10-19,47.0,excellent,30.0,40.0,11.0,8.0,0.74,93.0
汕头,2024-10-20,26.0,excellent,6.0,20.0,7.0,6.0,0.66,83.0
汕头,2024-10-21,26.0,excellent,9.0,22.0,9.0,7.0,0.66,82.0
汕头,2024-10-22,36.0,excellent,19.0,34.0,13.0,8.0,0.77,91.0
汕头,2024-10-23,31.0,excellent,15.0,30.0,10.0,7.0,0.75,73.0
汕头,2024-10-24,35.0,excellent,16.0,35.0,13.0,8.0,0.72,82.0
汕头,2024-10-25,42.0,excellent,23.0,42.0,20.0,10.0,0.74,71.0
汕头,2024-10-26,37.0,excellent,22.0,37.0,17.0,8.0,0.78,60.0
汕头,2024-10-27,46.0,excellent,31.0,41.0,18.0,8.0,0.95,58.0
汕头,2024-10-28,26.0,excellent,15.0,24.0,14.0,8.0,0.95,41.0
汕头,2024-10-29,29.0,excellent,14.0,26.0,10.0,7.0,0.84,80.0
汕头,2024-10-30,49.0,excellent,32.0,49.0,12.0,7.0,0.87,114.0
汕头,2024-10-31,36.0,excellent,18.0,37.0,11.0,8.0,0.65,72.0
汕头,2024-11-01,27.0,excellent,15.0,25.0,10.0,7.0,0.68,72.0
汕头,2024-11-02,25.0,excellent,8.0,18.0,9.0,7.0,0.65,80.0
汕头,2024-11-03,35.0,excellent,14.0,29.0,9.0,7.0,0.64,108.0
汕头,2024-11-04,41.0,excellent,21.0,39.0,11.0,7.0,0.68,112.0
汕头,2024-11-05,42.0,excellent,22.0,40.0,12.0,9.0,0.73,113.0
汕头,2024-11-06,43.0,excellent,21.0,44.0,10.0,7.0,0.65,111.0
汕头,2024-11-07,33.0,excellent,14.0,32.0,12.0,8.0,0.53,97.0
汕头,2024-11-08,35.0,excellent,16.0,33.0,14.0,10.0,0.57,84.0
汕头,2024-11-09,30.0,excellent,14.0,28.0,12.0,8.0,0.54,84.0
汕头,2024-11-10,29.0,excellent,17.0,27.0,13.0,8.0,0.59,74.0
汕头,2024-11-11,36.0,excellent,20.0,34.0,13.0,8.0,0.57,96.0
汕头,2024-11-12,34.0,excellent,17.0,33.0,15.0,9.0,0.59,71.0
汕头,2024-11-13,24.0,excellent,10.0,21.0,10.0,7.0,0.49,76.0
汕头,2024-11-14,24.0,excellent,14.0,22.0,12.0,7.0,0.54,68.0
汕头,2024-11-15,39.0,excellent,24.0,35.0,16.0,9.0,0.68,68.0
汕头,2024-11-16,26.0,excellent,14.0,26.0,17.0,7.0,0.65,41.0
汕头,2024-11-17,30.0,excellent,13.0,26.0,12.0,8.0,0.58,77.0
汕头,2024-11-18,24.0,excellent,7.0,23.0,10.0,7.0,0.52,75.0
汕头,2024-11-19,19.0,excellent,7.0,16.0,12.0,7.0,0.56,55.0
汕头,2024-11-20,12.0,excellent,7.0,10.0,15.0,6.0,0.67,31.0
汕头,2024-11-21,15.0,excellent,8.0,13.0,15.0,6.0,0.7,31.0
汕头,2024-11-22,28.0,excellent,16.0,27.0,13.0,6.0,0.72,43.0
汕头,2024-11-23,32.0,excellent,20.0,31.0,13.0,7.0,0.69,61.0
汕头,2024-11-24,30.0,excellent,13.0,28.0,11.0,6.0,0.58,86.0
汕头,2024-11-25,30.0,excellent,16.0,29.0,13.0,7.0,0.66,63.0
汕头,2024-11-26,22.0,excellent,8.0,19.0,13.0,7.0,0.77,56.0
汕头,2024-11-27,32.0,excellent,16.0,32.0,16.0,8.0,0.69,68.0
汕头,2024-11-28,33.0,excellent,14.0,33.0,17.0,8.0,0.55,68.0
汕头,2024-11-29,36.0,excellent,15.0,36.0,15.0,8.0,0.54,84.0
汕头,2024-11-30,49.0,excellent,25.0,52.0,22.0,9.0,0.65,84.0
汕头,2024-12-01,56.0,good,34.0,59.0,24.0,9.0,0.76,94.0
汕头,2024-12-02,65.0,good,42.0,63.0,27.0,10.0,0.85,91.0
汕头,2024-12-03,60.0,good,38.0,54.0,23.0,9.0,0.83,80.0
汕头,2024-12-04,38.0,excellent,20.0,38.0,14.0,7.0,0.63,93.0
汕头,2024-12-05,40.0,excellent,23.0,39.0,13.0,7.0,0.61,98.0
汕头,2024-12-06,41.0,excellent,26.0,39.0,13.0,8.0,0.67,93.0
汕头,2024-12-07,43.0,excellent,29.0,38.0,14.0,8.0,0.73,78.0
汕头,2024-12-08,39.0,excellent,26.0,36.0,17.0,8.0,0.85,35.0
汕头,2024-12-09,41.0,excellent,26.0,36.0,16.0,8.0,0.74,70.0
汕头,2024-12-10,32.0,excellent,17.0,31.0,15.0,8.0,0.63,80.0
汕头,2024-12-11,39.0,excellent,25.0,35.0,17.0,8.0,0.66,85.0
汕头,2024-12-12,34.0,excellent,22.0,33.0,20.0,8.0,0.86,39.0
汕头,2024-12-13,33.0,excellent,19.0,32.0,18.0,7.0,0.89,42.0
汕头,2024-12-14,50.0,excellent,35.0,43.0,16.0,7.0,0.8,66.0
汕头,2024-12-15,53.0,good,36.0,50.0,18.0,8.0,0.71,82.0
汕头,2024-12-16,51.0,good,33.0,50.0,22.0,9.0,0.73,79.0
汕头,2024-12-17,54.0,good,35.0,54.0,23.0,10.0,0.75,94.0
汕头,2024-12-18,48.0,excellent,30.0,46.0,19.0,11.0,0.7,100.0
汕头,2024-12-19,50.0,excellent,34.0,50.0,19.0,8.0,0.68,103.0
汕头,2024-12-20,43.0,excellent,27.0,40.0,22.0,8.0,0.71,85.0
汕头,2024-12-21,47.0,excellent,29.0,44.0,22.0,9.0,0.72,87.0
汕头,2024-12-22,58.0,good,41.0,55.0,19.0,7.0,0.74,102.0
汕头,2024-12-23,48.0,excellent,30.0,49.0,23.0,9.0,0.74,74.0
汕头,2024-12-24,41.0,excellent,23.0,40.0,22.0,9.0,0.72,62.0
汕头,2024-12-25,45.0,excellent,24.0,45.0,23.0,7.0,0.65,63.0
汕头,2024-12-26,48.0,excellent,33.0,40.0,22.0,7.0,0.76,61.0
汕头,2024-12-27,55.0,good,39.0,50.0,20.0,6.0,0.73,96.0
汕头,2024-12-28,78.0,good,57.0,67.0,21.0,7.0,0.84,98.0
汕头,2024-12-29,60.0,good,37.0,57.0,22.0,7.0,0.7,102.0
汕头,2024-12-30,60.0,good,40.0,63.0,30.0,9.0,0.81,87.0
汕头,2024-12-31,71.0,good,50.0,69.0,30.0,8.0,0.93,93.0
北京,2023-01-01,38.0,excellent,19.0,38.0,28.0,2.0,0.4,32.0
北京,2023-01-02,22.0,excellent,10.0,21.0,18.0,2.0,0.25,46.0
北京,2023-01-03,36.0,excellent,20.0,38.0,32.0,2.0,0.43,26.0
北京,2023-01-04,63.0,good,41.0,70.0,45.0,3.0,0.63,17.0
北京,2023-01-05,106.0,lightly_polluted,79.0,118.0,61.0,4.0,0.91,12.0
北京,2023-01-06,103.0,lightly_polluted,62.0,115.0,45.0,3.0,0.69,33.0
北京,2023-01-07,66.0,good,19.0,81.0,40.0,2.0,0.5,21.0
北京,2023-01-08,59.0,good,25.0,70.0,32.0,2.0,0.47,31.0
北京,2023-01-09,34.0,excellent,13.0,35.0,24.0,2.0,0.35,43.0
北京,2023-01-10,60.0,good,37.0,69.0,47.0,3.0,0.6,18.0
北京,2023-01-11,82.0,good,60.0,97.0,57.0,4.0,0.79,9.0
北京,2023-01-12,115.0,lightly_polluted,87.0,127.0,58.0,4.0,0.88,6.0
北京,2023-01-13,100.0,good,74.0,91.0,27.0,2.0,0.69,32.0
北京,2023-01-14,21.0,excellent,2.0,9.0,5.0,2.0,0.11,66.0
北京,2023-01-15,23.0,excellent,6.0,21.0,9.0,2.0,0.2,57.0
北京,2023-01-16,43.0,excellent,18.0,43.0,22.0,2.0,0.33,40.0
北京,2023-01-17,80.0,good,26.0,110.0,13.0,2.0,0.28,51.0
北京,2023-01-18,70.0,good,28.0,89.0,24.0,2.0,0.37,38.0
北京,2023-01-19,71.0,good,29.0,100.0,19.0,2.0,0.33,39.0
北京,2023-01-20,40.0,excellent,9.0,40.0,6.0,2.0,0.25,54.0
北京,2023-01-21,58.0,good,35.0,63.0,23.0,3.0,0.48,36.0
北京,2023-01-22,93.0,good,66.0,114.0,23.0,3.0,0.54,40.0
北京,2023-01-23,59.0,good,37.0,65.0,6.0,2.0,0.42,56.0
北京,2023-01-24,36.0,excellent,7.0,36.0,5.0,2.0,0.2,57.0
北京,2023-01-25,44.0,excellent,25.0,46.0,21.0,3.0,0.43,34.0
北京,2023-01-26,46.0,excellent,21.0,49.0,15.0,2.0,0.35,43.0
北京,2023-01-27,24.0,excellent,7.0,22.0,7.0,2.0,0.22,55.0
北京,2023-01-28,62.0,good,15.0,74.0,11.0,2.0,0.24,54.0
北京,2023-01-29,64.0,good,21.0,79.0,16.0,2.0,0.26,51.0
北京,2023-01-30,63.0,good,34.0,76.0,37.0,4.0,0.52,31.0
北京,2023-01-31,70.0,good,35.0,92.0,30.0,2.0,0.53,43.0
北京,2023-02-01,30.0,excellent,8.0,32.0,6.0,2.0,0.16,63.0
北京,2023-02-02,22.0,excellent,10.0,22.0,19.0,2.0,0.26,41.0
北京,2023-02-03,42.0,excellent,23.0,44.0,37.0,2.0,0.43,23.0
北京,2023-02-04,48.0,excellent,28.0,51.0,35.0,3.0,0.5,36.0
北京,2023-02-05,100.0,good,74.0,114.0,54.0,5.0,0.82,22.0
北京,2023-02-06,129.0,lightly_polluted,98.0,140.0,46.0,7.0,1.07,37.0
北京,2023-02-07,67.0,good,47.0,76.0,39.0,4.0,0.84,38.0
北京,2023-02-08,34.0,excellent,20.0,33.0,26.0,2.0,0.38,48.0
北京,2023-02-09,68.0,good,49.0,70.0,43.0,4.0,0.65,28.0
北京,2023-02-10,113.0,lightly_polluted,85.0,99.0,37.0,2.0,0.75,26.0
北京,2023-02-11,185.0,moderately_polluted,139.0,181.0,38.0,2.0,1.01,18.0
北京,2023-02-12,108.0,lightly_polluted,81.0,100.0,26.0,2.0,0.81,28.0
北京,2023-02-13,23.0,excellent,6.0,9.0,12.0,2.0,0.22,65.0
北京,2023-02-14,20.0,excellent,8.0,16.0,21.0,2.0,0.26,48.0
北京,2023-02-15,52.0,good,31.0,55.0,34.0,2.0,0.48,29.0
北京,2023-02-16,92.0,good,68.0,101.0,48.0,3.0,0.65,20.0
北京,2023-02-17,174.0,moderately_polluted,132.0,177.0,62.0,3.0,1.04,18.0
北京,2023-02-18,164.0,moderately_polluted,124.0,159.0,43.0,2.0,0.9,31.0
北京,2023-02-19,29.0,excellent,5.0,29.0,13.0,2.0,0.21,66.0
北京,2023-02-20,23.0,excellent,4.0,23.0,15.0,2.0,0.19,61.0
北京,2023-02-21,36.0,excellent,18.0,40.0,31.0,2.0,0.35,40.0
北京,2023-02-22,78.0,good,56.0,97.0,55.0,3.0,0.67,21.0
北京,2023-02-23,121.0,lightly_polluted,91.0,140.0,66.0,3.0,0.8,20.0
北京,2023-02-24,43.0,excellent,25.0,40.0,25.0,2.0,0.29,57.0
北京,2023-02-25,24.0,excellent,9.0,21.0,22.0,2.0,0.23,52.0
北京,2023-02-26,88.0,good,60.0,98.0,39.0,3.0,0.55,46.0
北京,2023-02-27,173.0,moderately_polluted,131.0,185.0,53.0,4.0,0.9,43.0
北京,2023-02-28,88.0,good,59.0,86.0,30.0,2.0,0.47,53.0
北京,2023-03-01,21.0,excellent,4.0,16.0,18.0,2.0,0.19,59.0
北京,2023-03-02,51.0,good,19.0,60.0,36.0,2.0,0.35,41.0
北京,2023-03-03,65.0,good,33.0,79.0,40.0,2.0,0.45,42.0
北京,2023-03-04,139.0,lightly_polluted,103.0,168.0,54.0,8.0,1.2,50.0
北京,2023-03-05,212.0,heavily_polluted,162.0,224.0,46.0,3.0,1.42,63.0
北京,2023-03-06,170.0,moderately_polluted,132.0,181.0,43.0,2.0,1.1,65.0
北京,2023-03-07,190.0,moderately_polluted,146.0,216.0,56.0,6.0,1.26,82.0
北京,2023-03-08,109.0,lightly_polluted,73.0,131.0,32.0,3.0,0.66,72.0
北京,2023-03-09,77.0,good,42.0,104.0,46.0,3.0,0.53,42.0
北京,2023-03-10,243.0,heavily_polluted,82.0,397.0,37.0,3.0,0.52,49.0
北京,2023-03-11,124.0,lightly_polluted,19.0,176.0,10.0,2.0,0.2,67.0
北京,2023-03-12,53.0,good,8.0,59.0,8.0,2.0,0.18,70.0
北京,2023-03-13,73.0,good,30.0,96.0,46.0,2.0,0.46,24.0
北京,2023-03-14,126.0,lightly_polluted,42.0,195.0,33.0,3.0,0.44,44.0
北京,2023-03-15,96.0,good,17.0,132.0,5.0,2.0,0.17,73.0
北京,2023-03-16,49.0,excellent,13.0,54.0,21.0,2.0,0.28,52.0
北京,2023-03-17,78.0,good,43.0,106.0,41.0,3.0,0.5,27.0
北京,2023-03-18,44.0,excellent,21.0,45.0,28.0,2.0,0.3,53.0
北京,2023-03-19,80.0,good,51.0,97.0,36.0,2.0,0.44,53.0
北京,2023-03-20,148.0,lightly_polluted,113.0,158.0,42.0,3.0,0.67,53.0
北京,2023-03-21,161.0,moderately_polluted,122.0,165.0,41.0,2.0,0.77,61.0
北京,2023-03-22,336.0,severely_polluted,171.0,679.0,16.0,2.0,0.3,72.0
北京,2023-03-23,102.0,lightly_polluted,35.0,155.0,10.0,3.0,0.14,68.0
北京,2023-03-24,60.0,good,19.0,74.0,18.0,2.0,0.23,60.0
北京,2023-03-25,58.0,good,24.0,71.0,24.0,2.0,0.3,53.0
北京,2023-03-26,51.0,good,22.0,61.0,23.0,2.0,0.25,60.0
北京,2023-03-27,52.0,good,21.0,62.0,25.0,2.0,0.24,60.0
北京,2023-03-28,92.0,good,62.0,132.0,43.0,5.0,0.65,64.0
北京,2023-03-29,119.0,lightly_polluted,88.0,172.0,46.0,4.0,0.68,92.0
北京,2023-03-30,108.0,lightly_polluted,78.0,162.0,38.0,3.0,0.58,110.0
北京,2023-03-31,84.0,good,55.0,117.0,28.0,2.0,0.42,110.0
北京,2023-04-01,78.0,good,53.0,103.0,26.0,2.0,0.43,102.0
北京,2023-04-02,100.0,good,75.0,128.0,41.0,5.0,0.64,78.0
北京,2023-04-03,70.0,good,44.0,90.0,29.0,4.0,0.62,94.0
北京,2023-04-04,40.0,excellent,17.0,40.0,12.0,2.0,0.33,79.0
北京,2023-04-05,35.0,excellent,19.0,34.0,15.0,2.0,0.28,75.0
北京,2023-04-06,42.0,excellent,14.0,42.0,10.0,2.0,0.18,74.0
北京,2023-04-07,32.0,excellent,5.0,34.0,7.0,2.0,0.11,73.0
北京,2023-04-08,50.0,excellent,13.0,52.0,18.0,2.0,0.2,65.0
北京,2023-04-09,86.0,good,58.0,118.0,35.0,3.0,0.45,67.0
北京,2023-04-10,176.0,moderately_polluted,108.0,333.0,40.0,2.0,0.54,58.0
北京,2023-04-11,305.0,severely_polluted,107.0,548.0,5.0,2.0,0.15,80.0
北京,2023-04-12,277.0,heavily_polluted,105.0,388.0,27.0,2.0,0.32,52.0
北京,2023-04-13,471.0,severely_polluted,161.0,582.0,45.0,2.0,0.58,43.0
北京,2023-04-14,191.0,moderately_polluted,79.0,272.0,23.0,2.0,0.35,65.0
北京,2023-04-15,72.0,good,24.0,98.0,15.0,2.0,0.14,67.0
北京,2023-04-16,49.0,excellent,15.0,54.0,19.0,2.0,0.17,68.0
北京,2023-04-17,81.0,good,40.0,112.0,29.0,4.0,0.5,73.0
北京,2023-04-18,71.0,good,33.0,92.0,33.0,2.0,0.51,76.0
北京,2023-04-19,78.0,good,35.0,106.0,30.0,2.0,0.51,98.0
北京,2023-04-20,73.0,good,20.0,98.0,12.0,2.0,0.2,81.0
北京,2023-04-21,38.0,excellent,10.0,38.0,9.0,2.0,0.19,78.0
北京,2023-04-22,32.0,excellent,19.0,32.0,15.0,2.0,0.28,56.0
北京,2023-04-23,52.0,good,29.0,55.0,28.0,2.0,0.4,52.0
北京,2023-04-24,56.0,good,27.0,64.0,23.0,2.0,0.35,70.0
北京,2023-04-25,65.0,good,31.0,78.0,13.0,2.0,0.28,64.0
北京,2023-04-26,51.0,good,14.0,55.0,22.0,2.0,0.21,70.0
北京,2023-04-27,82.0,good,51.0,112.0,37.0,2.0,0.51,58.0
北京,2023-04-28,67.0,good,37.0,85.0,16.0,2.0,0.32,58.0
北京,2023-04-29,41.0,excellent,11.0,43.0,12.0,2.0,0.2,70.0
北京,2023-04-30,42.0,excellent,13.0,42.0,18.0,2.0,0.22,75.0
北京,2023-05-01,70.0,good,38.0,90.0,28.0,3.0,0.48,99.0
北京,2023-05-02,77.0,good,40.0,100.0,23.0,3.0,0.59,117.0
北京,2023-05-03,82.0,good,42.0,101.0,24.0,3.0,0.65,126.0
北京,2023-05-04,53.0,good,31.0,64.0,16.0,2.0,0.62,83.0
北京,2023-05-05,23.0,excellent,10.0,22.0,11.0,3.0,0.32,57.0
北京,2023-05-06,29.0,excellent,7.0,24.0,17.0,2.0,0.21,73.0
北京,2023-05-07,37.0,excellent,11.0,32.0,23.0,2.0,0.23,69.0
北京,2023-05-08,48.0,excellent,18.0,49.0,24.0,2.0,0.28,91.0
北京,2023-05-09,58.0,good,27.0,66.0,27.0,2.0,0.4,102.0
北京,2023-05-10,55.0,good,21.0,57.0,28.0,2.0,0.38,97.0
北京,2023-05-11,70.0,good,42.0,81.0,28.0,3.0,0.45,115.0
北京,2023-05-12,57.0,good,38.0,62.0,28.0,2.0,0.48,81.0
北京,2023-05-13,33.0,excellent,10.0,27.0,20.0,2.0,0.28,78.0
北京,2023-05-14,69.0,good,30.0,72.0,26.0,3.0,0.47,112.0
北京,2023-05-15,98.0,good,53.0,102.0,24.0,3.0,0.8,155.0
北京,2023-05-16,84.0,good,48.0,105.0,18.0,2.0,0.62,135.0
北京,2023-05-17,56.0,good,28.0,62.0,14.0,2.0,0.45,103.0
北京,2023-05-18,49.0,excellent,18.0,50.0,19.0,2.0,0.49,86.0
北京,2023-05-19,62.0,good,41.0,68.0,27.0,3.0,0.78,36.0
北京,2023-05-20,158.0,moderately_polluted,49.0,225.0,9.0,3.0,0.17,66.0
北京,2023-05-21,91.0,good,30.0,116.0,9.0,2.0,0.18,77.0
北京,2023-05-22,37.0,excellent,12.0,36.0,15.0,2.0,0.16,75.0
北京,2023-05-23,43.0,excellent,12.0,40.0,22.0,2.0,0.24,85.0
北京,2023-05-24,70.0,good,29.0,85.0,15.0,3.0,0.44,127.0
北京,2023-05-25,63.0,good,34.0,77.0,15.0,2.0,0.41,97.0
北京,2023-05-26,75.0,good,47.0,90.0,23.0,2.0,0.51,103.0
北京,2023-05-27,85.0,good,62.0,89.0,19.0,2.0,0.69,88.0
北京,2023-05-28,51.0,good,28.0,43.0,13.0,2.0,0.43,103.0
北京,2023-05-29,66.0,good,29.0,58.0,17.0,2.0,0.49,126.0
北京,2023-05-30,54.0,good,34.0,60.0,19.0,2.0,0.5,90.0
北京,2023-05-31,60.0,good,41.0,70.0,25.0,2.0,0.59,81.0
北京,2023-06-01,55.0,good,29.0,63.0,20.0,2.0,0.4,78.0
北京,2023-06-02,35.0,excellent,7.0,29.0,12.0,2.0,0.19,92.0
北京,2023-06-03,36.0,excellent,10.0,28.0,20.0,2.0,0.23,89.0
北京,2023-06-04,36.0,excellent,9.0,27.0,17.0,2.0,0.2,94.0
北京,2023-06-05,53.0,good,18.0,49.0,20.0,2.0,0.32,111.0
北京,2023-06-06,36.0,excellent,11.0,31.0,13.0,2.0,0.2,101.0
北京,2023-06-07,52.0,good,16.0,50.0,22.0,2.0,0.3,105.0
北京,2023-06-08,40.0,excellent,10.0,40.0,14.0,2.0,0.19,91.0
北京,2023-06-09,30.0,excellent,8.0,25.0,18.0,2.0,0.21,67.0
北京,2023-06-10,27.0,excellent,5.0,16.0,10.0,2.0,0.22,83.0
北京,2023-06-11,32.0,excellent,9.0,24.0,15.0,2.0,0.36,83.0
北京,2023-06-12,40.0,excellent,13.0,25.0,12.0,2.0,0.35,93.0
北京,2023-06-13,32.0,excellent,7.0,18.0,16.0,2.0,0.26,99.0
北京,2023-06-14,79.0,good,24.0,54.0,21.0,2.0,0.54,152.0
北京,2023-06-15,94.0,good,29.0,67.0,20.0,4.0,0.65,187.0
北京,2023-06-16,99.0,good,38.0,80.0,19.0,4.0,0.73,200.0
北京,2023-06-17,90.0,good,35.0,79.0,24.0,3.0,0.48,173.0
北京,2023-06-18,90.0,good,43.0,79.0,14.0,2.0,0.62,178.0
北京,2023-06-19,69.0,good,48.0,73.0,18.0,3.0,0.61,112.0
北京,2023-06-20,41.0,excellent,18.0,26.0,14.0,2.0,0.33,94.0
北京,2023-06-21,35.0,excellent,8.0,21.0,26.0,2.0,0.23,93.0
北京,2023-06-22,66.0,good,16.0,42.0,27.0,2.0,0.3,129.0
北京,2023-06-23,85.0,good,27.0,63.0,24.0,3.0,0.5,162.0
北京,2023-06-24,77.0,good,28.0,64.0,21.0,3.0,0.45,153.0
北京,2023-06-25,73.0,good,33.0,64.0,15.0,3.0,0.65,146.0
北京,2023-06-26,49.0,excellent,23.0,45.0,13.0,2.0,0.45,104.0
北京,2023-06-27,65.0,good,17.0,35.0,19.0,2.0,0.4,137.0
北京,2023-06-28,46.0,excellent,24.0,48.0,20.0,2.0,0.5,102.0
北京,2023-06-29,48.0,excellent,15.0,29.0,18.0,2.0,0.34,112.0
北京,2023-06-30,81.0,good,20.0,51.0,25.0,2.0,0.45,159.0
北京,2023-07-01,81.0,good,22.0,58.0,22.0,2.0,0.45,165.0
北京,2023-07-02,90.0,good,29.0,63.0,23.0,2.0,0.48,171.0
北京,2023-07-03,65.0,good,37.0,61.0,13.0,2.0,0.79,128.0
北京,2023-07-04,39.0,excellent,15.0,22.0,9.0,2.0,0.4,114.0
北京,2023-07-05,44.0,excellent,15.0,46.0,22.0,2.0,0.31,91.0
北京,2023-07-06,58.0,good,12.0,45.0,28.0,2.0,0.3,111.0
北京,2023-07-07,43.0,excellent,12.0,38.0,17.0,2.0,0.35,101.0
北京,2023-07-08,29.0,excellent,5.0,16.0,13.0,2.0,0.27,83.0
北京,2023-07-09,29.0,excellent,6.0,16.0,14.0,2.0,0.27,93.0
北京,2023-07-10,65.0,good,17.0,42.0,19.0,3.0,0.45,140.0
北京,2023-07-11,63.0,good,20.0,37.0,10.0,2.0,0.58,158.0
北京,2023-07-12,35.0,excellent,22.0,29.0,10.0,3.0,0.69,86.0
北京,2023-07-13,24.0,excellent,12.0,15.0,12.0,3.0,0.57,72.0
北京,2023-07-14,34.0,excellent,17.0,26.0,11.0,3.0,0.43,70.0
北京,2023-07-15,28.0,excellent,7.0,14.0,7.0,2.0,0.24,88.0
北京,2023-07-16,30.0,excellent,11.0,20.0,14.0,2.0,0.26,89.0
北京,2023-07-17,65.0,good,21.0,43.0,20.0,2.0,0.45,131.0
北京,2023-07-18,68.0,good,27.0,51.0,20.0,2.0,0.48,133.0
北京,2023-07-19,74.0,good,32.0,57.0,20.0,2.0,0.5,147.0
北京,2023-07-20,71.0,good,34.0,62.0,21.0,2.0,0.52,138.0
北京,2023-07-21,45.0,excellent,31.0,44.0,12.0,2.0,0.62,96.0
北京,2023-07-22,34.0,excellent,23.0,29.0,10.0,3.0,0.58,65.0
北京,2023-07-23,37.0,excellent,17.0,28.0,15.0,2.0,0.5,80.0
北京,2023-07-24,61.0,good,31.0,52.0,16.0,2.0,0.58,124.0
北京,2023-07-25,50.0,excellent,7.0,14.0,10.0,3.0,0.33,128.0
北京,2023-07-26,57.0,good,32.0,52.0,14.0,3.0,0.64,116.0
北京,2023-07-27,49.0,excellent,27.0,41.0,16.0,3.0,0.54,102.0
北京,2023-07-28,26.0,excellent,11.0,22.0,15.0,3.0,0.41,71.0
北京,2023-07-29,29.0,excellent,16.0,29.0,16.0,3.0,0.49,43.0
北京,2023-07-30,11.0,excellent,4.0,7.0,7.0,3.0,0.37,29.0
北京,2023-07-31,17.0,excellent,11.0,15.0,8.0,3.0,0.38,26.0
北京,2023-08-01,30.0,excellent,20.0,27.0,11.0,3.0,0.5,33.0
北京,2023-08-02,37.0,excellent,25.0,34.0,9.0,3.0,0.49,65.0
北京,2023-08-03,57.0,good,40.0,56.0,10.0,3.0,0.55,75.0
北京,2023-08-04,44.0,excellent,27.0,39.0,15.0,3.0,0.52,74.0
北京,2023-08-05,33.0,excellent,14.0,27.0,15.0,2.0,0.37,70.0
北京,2023-08-06,32.0,excellent,16.0,32.0,13.0,2.0,0.6,71.0
北京,2023-08-07,46.0,excellent,26.0,47.0,17.0,2.0,0.53,64.0
北京,2023-08-08,55.0,good,37.0,54.0,17.0,3.0,0.6,88.0
北京,2023-08-09,70.0,good,50.0,70.0,15.0,3.0,0.78,107.0
北京,2023-08-10,71.0,good,49.0,71.0,13.0,2.0,0.89,110.0
北京,2023-08-11,62.0,good,43.0,65.0,20.0,2.0,0.68,62.0
北京,2023-08-12,26.0,excellent,9.0,12.0,9.0,2.0,0.46,77.0
北京,2023-08-13,30.0,excellent,11.0,20.0,13.0,2.0,0.46,82.0
北京,2023-08-14,44.0,excellent,19.0,37.0,16.0,2.0,0.44,99.0
北京,2023-08-15,54.0,good,25.0,48.0,16.0,2.0,0.51,107.0
北京,2023-08-16,61.0,good,30.0,54.0,14.0,2.0,0.56,122.0
北京,2023-08-17,56.0,good,26.0,42.0,13.0,2.0,0.6,126.0
北京,2023-08-18,51.0,good,23.0,52.0,17.0,2.0,0.37,82.0
北京,2023-08-19,65.0,good,23.0,56.0,22.0,2.0,0.42,113.0
北京,2023-08-20,55.0,good,35.0,63.0,19.0,2.0,0.58,94.0
北京,2023-08-21,38.0,excellent,10.0,18.0,11.0,3.0,0.43,110.0
北京,2023-08-22,25.0,excellent,6.0,17.0,15.0,3.0,0.27,69.0
北京,2023-08-23,29.0,excellent,9.0,23.0,16.0,2.0,0.32,86.0
北京,2023-08-24,24.0,excellent,10.0,16.0,13.0,3.0,0.37,76.0
北京,2023-08-25,30.0,excellent,14.0,24.0,15.0,3.0,0.41,72.0
北京,2023-08-26,30.0,excellent,13.0,25.0,15.0,2.0,0.43,75.0
北京,2023-08-27,39.0,excellent,22.0,37.0,19.0,2.0,0.53,66.0
北京,2023-08-28,28.0,excellent,11.0,23.0,17.0,2.0,0.38,63.0
北京,2023-08-29,27.0,excellent,10.0,22.0,16.0,3.0,0.29,63.0
北京,2023-08-30,32.0,excellent,13.0,30.0,19.0,2.0,0.35,65.0
北京,2023-08-31,37.0,excellent,20.0,36.0,16.0,2.0,0.46,73.0
北京,2023-09-01,39.0,excellent,20.0,33.0,17.0,3.0,0.54,74.0
北京,2023-09-02,47.0,excellent,27.0,49.0,23.0,2.0,0.57,80.0
北京,2023-09-03,49.0,excellent,28.0,38.0,15.0,2.0,0.57,100.0
北京,2023-09-04,71.0,good,48.0,65.0,20.0,2.0,0.68,103.0
北京,2023-09-05,99.0,good,72.0,92.0,18.0,2.0,0.84,117.0
北京,2023-09-06,90.0,good,62.0,85.0,19.0,3.0,0.78,111.0
北京,2023-09-07,82.0,good,60.0,83.0,16.0,3.0,0.71,109.0
北京,2023-09-08,96.0,good,71.0,92.0,20.0,2.0,0.83,68.0
北京,2023-09-09,28.0,excellent,16.0,19.0,9.0,3.0,0.49,86.0
北京,2023-09-10,31.0,excellent,20.0,26.0,11.0,3.0,0.56,85.0
北京,2023-09-11,43.0,excellent,26.0,36.0,16.0,3.0,0.57,65.0
北京,2023-09-12,22.0,excellent,5.0,14.0,18.0,2.0,0.3,60.0
北京,2023-09-13,39.0,excellent,13.0,38.0,23.0,2.0,0.44,73.0
北京,2023-09-14,53.0,good,24.0,51.0,26.0,2.0,0.5,87.0
北京,2023-09-15,62.0,good,30.0,58.0,28.0,2.0,0.5,101.0
北京,2023-09-16,74.0,good,49.0,79.0,28.0,2.0,0.64,105.0
北京,2023-09-17,75.0,good,55.0,80.0,24.0,2.0,0.65,88.0
北京,2023-09-18,37.0,excellent,20.0,34.0,19.0,2.0,0.5,88.0
北京,2023-09-19,23.0,excellent,8.0,20.0,23.0,2.0,0.33,39.0
北京,2023-09-20,24.0,excellent,7.0,21.0,22.0,2.0,0.32,44.0
北京,2023-09-21,43.0,excellent,16.0,44.0,27.0,2.0,0.43,65.0
北京,2023-09-22,29.0,excellent,9.0,23.0,18.0,2.0,0.32,65.0
北京,2023-09-23,33.0,excellent,13.0,32.0,25.0,2.0,0.45,49.0
北京,2023-09-24,45.0,excellent,21.0,46.0,32.0,2.0,0.55,36.0
北京,2023-09-25,45.0,excellent,25.0,47.0,27.0,2.0,0.53,35.0
北京,2023-09-26,64.0,good,45.0,72.0,33.0,2.0,0.67,40.0
北京,2023-09-27,53.0,good,32.0,54.0,27.0,2.0,0.53,43.0
北京,2023-09-28,27.0,excellent,7.0,26.0,29.0,2.0,0.3,37.0
北京,2023-09-29,42.0,excellent,14.0,43.0,25.0,2.0,0.34,49.0
北京,2023-09-30,21.0,excellent,4.0,14.0,12.0,3.0,0.24,54.0
北京,2023-10-01,27.0,excellent,8.0,25.0,20.0,2.0,0.25,45.0
北京,2023-10-02,49.0,excellent,24.0,55.0,30.0,2.0,0.44,48.0
北京,2023-10-03,55.0,good,33.0,63.0,24.0,2.0,0.54,67.0
北京,2023-10-04,22.0,excellent,8.0,19.0,17.0,2.0,0.3,46.0
北京,2023-10-05,22.0,excellent,7.0,22.0,21.0,2.0,0.25,36.0
北京,2023-10-06,35.0,excellent,14.0,36.0,26.0,2.0,0.33,32.0
北京,2023-10-07,58.0,good,33.0,68.0,33.0,2.0,0.53,45.0
北京,2023-10-08,43.0,excellent,26.0,47.0,29.0,2.0,0.41,41.0
北京,2023-10-09,20.0,excellent,6.0,13.0,15.0,2.0,0.3,53.0
北京,2023-10-10,27.0,excellent,12.0,24.0,24.0,2.0,0.42,50.0
北京,2023-10-11,50.0,excellent,28.0,54.0,32.0,2.0,0.51,61.0
北京,2023-10-12,91.0,good,67.0,104.0,50.0,2.0,0.71,30.0
北京,2023-10-13,58.0,good,39.0,52.0,29.0,2.0,0.52,33.0
北京,2023-10-14,22.0,excellent,7.0,16.0,26.0,2.0,0.32,41.0
北京,2023-10-15,27.0,excellent,8.0,26.0,24.0,2.0,0.3,40.0
北京,2023-10-16,34.0,excellent,12.0,34.0,22.0,2.0,0.4,44.0
北京,2023-10-17,59.0,good,32.0,69.0,32.0,2.0,0.59,50.0
北京,2023-10-18,31.0,excellent,15.0,29.0,19.0,2.0,0.37,50.0
北京,2023-10-19,19.0,excellent,4.0,16.0,13.0,2.0,0.22,44.0
北京,2023-10-20,23.0,excellent,5.0,19.0,14.0,2.0,0.25,44.0
北京,2023-11-01,167.0,moderately_polluted,128.0,196.0,33.0,2.0,1.19,59.0
北京,2023-11-02,109.0,lightly_polluted,68.0,147.0,17.0,2.0,0.79,60.0
北京,2023-11-03,34.0,excellent,5.0,37.0,17.0,2.0,0.28,40.0
北京,2023-11-04,64.0,good,23.0,77.0,35.0,2.0,0.53,23.0
北京,2023-11-05,43.0,excellent,19.0,52.0,23.0,2.0,0.48,32.0
北京,2023-11-06,43.0,excellent,10.0,49.0,7.0,2.0,0.21,52.0
北京,2023-11-07,40.0,excellent,20.0,41.0,31.0,2.0,0.36,25.0
北京,2023-11-08,55.0,good,30.0,60.0,37.0,2.0,0.48,22.0
北京,2023-11-09,24.0,excellent,5.0,17.0,9.0,2.0,0.25,51.0
北京,2023-11-10,18.0,excellent,5.0,17.0,13.0,2.0,0.23,40.0
北京,2023-11-11,19.0,excellent,8.0,19.0,16.0,2.0,0.23,38.0
北京,2023-11-12,17.0,excellent,5.0,16.0,7.0,2.0,0.2,50.0
北京,2023-11-13,35.0,excellent,20.0,38.0,27.0,2.0,0.3,33.0
北京,2023-11-14,57.0,good,35.0,65.0,45.0,2.0,0.53,18.0
北京,2023-11-15,69.0,good,45.0,87.0,52.0,2.0,0.69,10.0
北京,2023-11-16,25.0,excellent,6.0,24.0,8.0,2.0,0.2,55.0
北京,2023-11-17,18.0,excellent,3.0,16.0,6.0,2.0,0.22,51.0
北京,2023-11-18,40.0,excellent,18.0,44.0,38.0,2.0,0.4,21.0
北京,2023-11-19,55.0,good,25.0,61.0,38.0,2.0,0.45,23.0
北京,2023-11-20,88.0,good,60.0,115.0,63.0,3.0,0.77,13.0
北京,2023-11-21,150.0,lightly_polluted,113.0,177.0,63.0,3.0,0.99,20.0
北京,2023-11-22,123.0,lightly_polluted,81.0,137.0,40.0,2.0,0.71,35.0
北京,2023-11-23,23.0,excellent,3.0,23.0,5.0,2.0,0.21,53.0
北京,2023-11-24,25.0,excellent,8.0,25.0,17.0,2.0,0.32,36.0
北京,2023-11-25,54.0,good,29.0,59.0,45.0,3.0,0.52,10.0
北京,2023-11-26,63.0,good,36.0,76.0,50.0,2.0,0.69,6.0
北京,2023-11-27,46.0,excellent,24.0,55.0,29.0,2.0,0.53,30.0
北京,2023-11-28,28.0,excellent,9.0,26.0,20.0,2.0,0.27,43.0
北京,2023-11-29,20.0,excellent,5.0,17.0,5.0,2.0,0.21,60.0
北京,2023-11-30,20.0,excellent,6.0,19.0,10.0,2.0,0.21,54.0
北京,2023-12-01,36.0,excellent,17.0,39.0,30.0,2.0,0.34,35.0
北京,2023-12-02,51.0,good,24.0,56.0,41.0,3.0,0.49,25.0
北京,2023-12-03,56.0,good,33.0,66.0,53.0,4.0,0.66,17.0
北京,2023-12-04,80.0,good,58.0,108.0,63.0,4.0,0.96,9.0
北京,2023-12-05,99.0,good,71.0,135.0,70.0,5.0,1.13,9.0
北京,2023-12-06,107.0,lightly_polluted,39.0,165.0,22.0,2.0,0.28,43.0
北京,2023-12-07,174.0,moderately_polluted,88.0,299.0,58.0,4.0,0.75,11.0
北京,2023-12-08,147.0,lightly_polluted,85.0,244.0,71.0,4.0,1.1,11.0
北京,2023-12-09,83.0,good,37.0,115.0,44.0,4.0,0.74,22.0
北京,2023-12-10,56.0,good,28.0,61.0,37.0,7.0,0.78,16.0
北京,2023-12-11,41.0,excellent,26.0,40.0,27.0,2.0,0.57,25.0
北京,2023-12-12,76.0,good,56.0,70.0,40.0,2.0,0.75,9.0
北京,2023-12-13,104.0,lightly_polluted,78.0,97.0,44.0,2.0,1.24,9.0
北京,2023-12-14,72.0,good,52.0,64.0,30.0,2.0,1.02,21.0
北京,2023-12-15,19.0,excellent,8.0,18.0,7.0,2.0,0.3,55.0
北京,2023-12-16,19.0,excellent,6.0,16.0,4.0,3.0,0.25,59.0
北京,2023-12-17,29.0,excellent,16.0,29.0,22.0,2.0,0.39,45.0
北京,2023-12-18,69.0,good,49.0,68.0,53.0,3.0,0.68,19.0
北京,2023-12-19,42.0,excellent,23.0,36.0,21.0,2.0,0.4,50.0
北京,2023-12-20,19.0,excellent,7.0,15.0,7.0,2.0,0.3,59.0
北京,2023-12-21,22.0,excellent,8.0,21.0,10.0,2.0,0.24,54.0
北京,2023-12-22,35.0,excellent,16.0,35.0,31.0,2.0,0.4,36.0
北京,2023-12-23,42.0,excellent,24.0,42.0,30.0,2.0,0.48,37.0
北京,2023-12-24,49.0,excellent,30.0,51.0,34.0,3.0,0.46,36.0
北京,2023-12-25,67.0,good,45.0,75.0,61.0,2.0,0.76,17.0
北京,2023-12-26,55.0,good,34.0,58.0,46.0,2.0,0.61,25.0
北京,2023-12-27,45.0,excellent,25.0,45.0,43.0,2.0,0.65,17.0
北京,2023-12-28,62.0,good,43.0,69.0,50.0,2.0,0.81,15.0
北京,2023-12-29,123.0,lightly_polluted,93.0,126.0,68.0,2.0,1.13,10.0
北京,2023-12-30,163.0,moderately_polluted,121.0,152.0,64.0,2.0,1.22,18.0
北京,2023-12-31,27.0,excellent,11.0,27.0,19.0,2.0,0.27,53.0
上海,2023-01-01,111.0,lightly_polluted,83.0,93.0,87.0,9.0,1.03,23.0
上海,2023-01-02,81.0,good,60.0,63.0,41.0,7.0,0.84,58.0
上海,2023-01-03,27.0,excellent,14.0,27.0,33.0,7.0,0.59,53.0
上海,2023-01-04,50.0,excellent,34.0,46.0,53.0,8.0,0.71,46.0
上海,2023-01-05,55.0,good,36.0,47.0,62.0,7.0,0.68,31.0
上海,2023-01-06,103.0,lightly_polluted,77.0,91.0,68.0,9.0,0.9,44.0
上海,2023-01-07,130.0,lightly_polluted,98.0,131.0,71.0,10.0,1.13,49.0
上海,2023-01-08,77.0,good,49.0,98.0,45.0,8.0,0.68,77.0
上海,2023-01-09,85.0,good,60.0,97.0,46.0,8.0,0.81,72.0
上海,2023-01-10,34.0,excellent,11.0,34.0,26.0,6.0,0.45,63.0
上海,2023-01-11,39.0,excellent,19.0,39.0,44.0,6.0,0.57,44.0
上海,2023-01-12,28.0,excellent,18.0,25.0,30.0,6.0,0.55,46.0
上海,2023-01-13,28.0,excellent,18.0,17.0,41.0,5.0,0.77,11.0
上海,2023-01-14,21.0,excellent,12.0,14.0,17.0,5.0,0.66,46.0
上海,2023-01-15,31.0,excellent,20.0,29.0,16.0,5.0,0.72,49.0
上海,2023-01-16,48.0,excellent,29.0,49.0,22.0,8.0,0.88,51.0
上海,2023-01-17,59.0,good,41.0,54.0,27.0,8.0,0.93,56.0
上海,2023-01-18,72.0,good,51.0,77.0,37.0,9.0,0.93,53.0
上海,2023-01-19,75.0,good,50.0,98.0,48.0,8.0,0.94,48.0
上海,2023-01-20,88.0,good,50.0,123.0,29.0,7.0,0.84,61.0
上海,2023-01-21,61.0,good,18.0,72.0,15.0,6.0,0.53,72.0
上海,2023-01-22,22.0,excellent,14.0,15.0,17.0,6.0,0.57,53.0
上海,2023-01-23,30.0,excellent,17.0,29.0,13.0,5.0,0.68,66.0
上海,2023-01-24,45.0,excellent,26.0,44.0,8.0,6.0,0.71,66.0
上海,2023-01-25,29.0,excellent,12.0,27.0,11.0,6.0,0.7,64.0
上海,2023-01-26,55.0,good,39.0,48.0,22.0,7.0,0.82,56.0
上海,2023-01-27,58.0,good,33.0,67.0,14.0,8.0,0.87,63.0
上海,2023-01-28,56.0,good,32.0,62.0,30.0,9.0,0.9,54.0
上海,2023-01-29,59.0,good,38.0,66.0,38.0,8.0,0.79,58.0
上海,2023-01-30,65.0,good,47.0,70.0,50.0,9.0,0.85,60.0
上海,2023-01-31,54.0,good,38.0,52.0,38.0,8.0,0.7,80.0
上海,2023-02-01,67.0,good,44.0,68.0,52.0,8.0,0.77,58.0
上海,2023-02-02,46.0,excellent,12.0,49.0,18.0,6.0,0.54,61.0
上海,2023-02-03,51.0,good,13.0,53.0,22.0,6.0,0.63,54.0
上海,2023-02-04,32.0,excellent,16.0,32.0,30.0,6.0,0.56,56.0
上海,2023-02-05,48.0,excellent,33.0,46.0,31.0,6.0,0.65,68.0
上海,2023-02-06,33.0,excellent,22.0,21.0,35.0,5.0,0.63,54.0
上海,2023-02-07,33.0,excellent,22.0,29.0,25.0,6.0,0.6,75.0
上海,2023-02-08,60.0,good,41.0,53.0,27.0,6.0,0.7,78.0
上海,2023-02-09,34.0,excellent,20.0,31.0,32.0,5.0,0.68,67.0
上海,2023-02-10,28.0,excellent,18.0,21.0,27.0,5.0,0.68,68.0
上海,2023-02-11,24.0,excellent,14.0,18.0,29.0,5.0,0.62,66.0
上海,2023-02-12,28.0,excellent,17.0,17.0,34.0,5.0,0.72,44.0
上海,2023-02-13,45.0,excellent,27.0,36.0,19.0,5.0,0.78,74.0
上海,2023-02-14,36.0,excellent,20.0,36.0,19.0,6.0,0.59,65.0
上海,2023-02-15,41.0,excellent,24.0,41.0,27.0,6.0,0.63,62.0
上海,2023-02-16,44.0,excellent,25.0,45.0,37.0,6.0,0.67,60.0
上海,2023-02-17,44.0,excellent,27.0,45.0,44.0,7.0,0.61,54.0
上海,2023-02-18,72.0,good,52.0,76.0,67.0,8.0,0.88,34.0
上海,2023-02-19,115.0,lightly_polluted,86.0,90.0,37.0,7.0,1.05,53.0
上海,2023-02-20,60.0,good,39.0,64.0,34.0,7.0,0.75,73.0
上海,2023-02-21,34.0,excellent,13.0,34.0,19.0,6.0,0.55,70.0
上海,2023-02-22,30.0,excellent,11.0,30.0,24.0,6.0,0.57,64.0
上海,2023-02-23,24.0,excellent,14.0,23.0,31.0,6.0,0.6,52.0
上海,2023-02-24,55.0,good,39.0,45.0,31.0,6.0,0.78,65.0
上海,2023-02-25,56.0,good,34.0,50.0,22.0,6.0,0.73,74.0
上海,2023-02-26,36.0,excellent,20.0,36.0,26.0,6.0,0.59,70.0
上海,2023-02-27,37.0,excellent,22.0,35.0,32.0,6.0,0.56,73.0
上海,2023-02-28,42.0,excellent,24.0,43.0,42.0,7.0,0.62,69.0
上海,2023-03-01,90.0,good,67.0,73.0,57.0,8.0,0.88,63.0
上海,2023-03-02,69.0,good,43.0,64.0,35.0,8.0,0.69,75.0
上海,2023-03-03,37.0,excellent,14.0,37.0,39.0,6.0,0.5,60.0
上海,2023-03-04,49.0,excellent,26.0,51.0,47.0,6.0,0.53,60.0
上海,2023-03-05,48.0,excellent,28.0,48.0,39.0,6.0,0.53,73.0
上海,2023-03-06,62.0,good,39.0,73.0,51.0,8.0,0.62,81.0
上海,2023-03-07,64.0,good,36.0,77.0,47.0,9.0,0.64,91.0
上海,2023-03-08,64.0,good,40.0,76.0,54.0,8.0,0.73,68.0
上海,2023-03-09,98.0,good,72.0,104.0,53.0,8.0,0.91,81.0
上海,2023-03-10,104.0,lightly_polluted,70.0,103.0,55.0,8.0,0.78,97.0
上海,2023-03-11,55.0,good,29.0,61.0,32.0,7.0,0.6,100.0
上海,2023-03-12,62.0,good,29.0,69.0,25.0,6.0,0.67,69.0
上海,2023-03-13,51.0,good,14.0,53.0,25.0,6.0,0.58,74.0
上海,2023-03-14,50.0,excellent,15.0,53.0,28.0,7.0,0.61,86.0
上海,2023-03-15,51.0,good,27.0,61.0,33.0,8.0,0.69,91.0
上海,2023-03-16,66.0,good,16.0,82.0,17.0,6.0,0.54,86.0
上海,2023-03-17,28.0,excellent,9.0,21.0,22.0,5.0,0.6,70.0
上海,2023-03-18,38.0,excellent,21.0,37.0,27.0,5.0,0.7,63.0
上海,2023-03-19,43.0,excellent,20.0,45.0,28.0,6.0,0.61,75.0
上海,2023-03-20,47.0,excellent,30.0,44.0,30.0,6.0,0.65,81.0
上海,2023-03-21,27.0,excellent,17.0,18.0,50.0,6.0,0.68,30.0
上海,2023-03-22,48.0,excellent,34.0,39.0,59.0,6.0,0.8,11.0
上海,2023-03-23,98.0,good,33.0,121.0,33.0,6.0,0.9,47.0
上海,2023-03-24,83.0,good,26.0,116.0,22.0,6.0,0.6,72.0
上海,2023-03-25,49.0,excellent,17.0,50.0,29.0,6.0,0.68,60.0
上海,2023-03-26,61.0,good,26.0,74.0,23.0,7.0,0.65,83.0
上海,2023-03-27,78.0,good,37.0,107.0,43.0,8.0,0.71,73.0
上海,2023-03-28,66.0,good,38.0,83.0,40.0,8.0,0.63,88.0
上海,2023-03-29,58.0,good,29.0,65.0,40.0,7.0,0.64,86.0
上海,2023-03-30,70.0,good,51.0,68.0,35.0,6.0,0.74,96.0
上海,2023-03-31,45.0,excellent,27.0,46.0,33.0,7.0,0.62,79.0
上海,2023-04-01,54.0,good,33.0,56.0,50.0,8.0,0.63,64.0
上海,2023-04-02,53.0,good,31.0,55.0,46.0,7.0,0.61,87.0
上海,2023-04-03,49.0,excellent,24.0,51.0,21.0,6.0,0.53,102.0
上海,2023-04-04,29.0,excellent,14.0,25.0,18.0,6.0,0.56,80.0
上海,2023-04-05,48.0,excellent,33.0,33.0,22.0,5.0,0.83,57.0
上海,2023-04-06,65.0,good,47.0,49.0,33.0,6.0,0.9,58.0
上海,2023-04-07,84.0,good,62.0,75.0,33.0,6.0,0.9,74.0
上海,2023-04-08,56.0,good,29.0,62.0,33.0,7.0,0.63,91.0
上海,2023-04-09,47.0,excellent,22.0,48.0,32.0,7.0,0.51,110.0
上海,2023-04-10,48.0,excellent,21.0,49.0,28.0,8.0,0.57,111.0
上海,2023-04-11,123.0,lightly_polluted,38.0,167.0,32.0,7.0,0.71,86.0
上海,2023-04-12,218.0,heavily_polluted,56.0,339.0,22.0,6.0,0.52,84.0
上海,2023-04-13,138.0,lightly_polluted,45.0,227.0,30.0,6.0,0.54,73.0
上海,2023-04-14,76.0,good,46.0,100.0,44.0,7.0,0.86,59.0
上海,2023-04-15,57.0,good,34.0,67.0,29.0,6.0,0.73,90.0
上海,2023-04-16,66.0,good,33.0,85.0,23.0,7.0,0.7,115.0
上海,2023-04-17,62.0,good,29.0,73.0,21.0,6.0,0.68,123.0
上海,2023-04-18,66.0,good,32.0,82.0,37.0,8.0,0.81,105.0
上海,2023-04-19,34.0,excellent,19.0,32.0,23.0,6.0,0.63,76.0
上海,2023-04-20,37.0,excellent,17.0,36.0,22.0,6.0,0.58,81.0
上海,2023-04-21,53.0,good,20.0,62.0,16.0,6.0,0.55,91.0
上海,2023-04-22,85.0,good,25.0,120.0,18.0,6.0,0.53,90.0
上海,2023-04-23,83.0,good,26.0,116.0,16.0,6.0,0.55,89.0
上海,2023-04-24,39.0,excellent,14.0,38.0,15.0,6.0,0.59,92.0
上海,2023-04-25,44.0,excellent,23.0,46.0,31.0,7.0,0.77,73.0
上海,2023-04-26,70.0,good,50.0,70.0,29.0,8.0,0.87,87.0
上海,2023-04-27,68.0,good,46.0,64.0,23.0,7.0,0.65,121.0
上海,2023-04-28,56.0,good,37.0,57.0,30.0,7.0,0.73,109.0
上海,2023-04-29,80.0,good,48.0,88.0,36.0,7.0,0.8,57.0
上海,2023-04-30,79.0,good,33.0,108.0,35.0,8.0,0.64,95.0
上海,2023-05-01,70.0,good,32.0,82.0,32.0,9.0,0.58,123.0
上海,2023-05-02,52.0,good,17.0,56.0,15.0,7.0,0.49,132.0
上海,2023-05-03,40.0,excellent,18.0,40.0,16.0,7.0,0.54,86.0
上海,2023-05-04,27.0,excellent,17.0,27.0,20.0,7.0,0.59,57.0
上海,2023-05-05,31.0,excellent,20.0,27.0,26.0,6.0,0.75,52.0
上海,2023-05-06,43.0,excellent,28.0,36.0,23.0,6.0,0.78,57.0
上海,2023-05-07,26.0,excellent,13.0,19.0,17.0,6.0,0.53,78.0
上海,2023-05-08,35.0,excellent,21.0,33.0,17.0,6.0,0.48,100.0
上海,2023-05-09,43.0,excellent,23.0,40.0,34.0,7.0,0.46,92.0
上海,2023-05-10,39.0,excellent,19.0,36.0,30.0,7.0,0.44,100.0
上海,2023-05-11,48.0,excellent,26.0,51.0,51.0,8.0,0.56,82.0
上海,2023-05-12,95.0,good,70.0,95.0,53.0,9.0,0.7,114.0
上海,2023-05-13,109.0,lightly_polluted,69.0,83.0,41.0,8.0,0.75,158.0
上海,2023-05-14,96.0,good,59.0,86.0,38.0,9.0,0.79,145.0
上海,2023-05-15,82.0,good,46.0,79.0,39.0,9.0,0.68,129.0
上海,2023-05-16,49.0,excellent,20.0,49.0,23.0,8.0,0.55,118.0
上海,2023-05-17,29.0,excellent,11.0,20.0,14.0,6.0,0.52,91.0
上海,2023-05-18,39.0,excellent,23.0,26.0,23.0,6.0,0.65,65.0
上海,2023-05-19,27.0,excellent,11.0,16.0,22.0,6.0,0.56,84.0
上海,2023-05-20,34.0,excellent,21.0,29.0,21.0,6.0,0.48,96.0
上海,2023-05-21,39.0,excellent,27.0,38.0,21.0,6.0,0.53,89.0
上海,2023-05-22,72.0,good,34.0,97.0,22.0,6.0,0.54,74.0
上海,2023-05-23,78.0,good,37.0,105.0,35.0,8.0,0.65,83.0
上海,2023-05-24,61.0,good,29.0,73.0,40.0,8.0,0.61,91.0
上海,2023-05-25,56.0,good,31.0,59.0,22.0,7.0,0.53,109.0
上海,2023-05-26,53.0,good,24.0,55.0,26.0,7.0,0.56,79.0
上海,2023-05-27,35.0,excellent,17.0,35.0,16.0,6.0,0.5,67.0
上海,2023-05-28,36.0,excellent,16.0,35.0,17.0,7.0,0.5,84.0
上海,2023-05-29,47.0,excellent,19.0,37.0,24.0,8.0,0.56,86.0
上海,2023-05-30,40.0,excellent,27.0,35.0,28.0,7.0,0.55,50.0
上海,2023-05-31,28.0,excellent,18.0,26.0,26.0,6.0,0.52,56.0
上海,2023-06-01,29.0,excellent,20.0,28.0,27.0,7.0,0.6,58.0
上海,2023-06-02,62.0,good,31.0,52.0,27.0,8.0,0.74,123.0
上海,2023-06-03,49.0,excellent,29.0,46.0,19.0,7.0,0.52,114.0
上海,2023-06-04,38.0,excellent,19.0,36.0,22.0,7.0,0.47,111.0
上海,2023-06-05,43.0,excellent,25.0,41.0,25.0,6.0,0.65,82.0
上海,2023-06-06,43.0,excellent,28.0,31.0,25.0,6.0,0.72,85.0
上海,2023-06-07,47.0,excellent,33.0,37.0,27.0,7.0,0.65,85.0
上海,2023-06-08,58.0,good,34.0,36.0,29.0,7.0,0.7,105.0
上海,2023-06-09,70.0,good,36.0,42.0,28.0,8.0,0.75,118.0
上海,2023-06-10,51.0,good,23.0,36.0,21.0,8.0,0.59,123.0
上海,2023-06-11,40.0,excellent,25.0,32.0,24.0,7.0,0.56,86.0
上海,2023-06-12,22.0,excellent,9.0,15.0,18.0,6.0,0.42,69.0
上海,2023-06-13,18.0,excellent,10.0,17.0,18.0,6.0,0.46,47.0
上海,2023-06-14,42.0,excellent,25.0,36.0,24.0,6.0,0.57,87.0
上海,2023-06-15,65.0,good,41.0,52.0,34.0,8.0,0.79,107.0
上海,2023-06-16,60.0,good,39.0,45.0,25.0,7.0,0.63,120.0
上海,2023-06-17,33.0,excellent,11.0,13.0,16.0,6.0,0.51,103.0
上海,2023-06-18,22.0,excellent,13.0,15.0,31.0,6.0,0.6,42.0
上海,2023-06-19,21.0,excellent,13.0,15.0,29.0,6.0,0.63,45.0
上海,2023-06-20,41.0,excellent,27.0,33.0,25.0,6.0,0.8,88.0
上海,2023-06-21,85.0,good,48.0,55.0,31.0,7.0,0.83,129.0
上海,2023-06-22,81.0,good,56.0,63.0,30.0,7.0,0.78,129.0
上海,2023-06-23,70.0,good,44.0,51.0,22.0,7.0,0.68,108.0
上海,2023-06-24,30.0,excellent,7.0,8.0,14.0,5.0,0.54,96.0
上海,2023-06-25,23.0,excellent,14.0,18.0,21.0,5.0,0.61,56.0
上海,2023-06-26,32.0,excellent,19.0,32.0,25.0,6.0,0.59,54.0
上海,2023-06-27,33.0,excellent,18.0,32.0,25.0,6.0,0.56,56.0
上海,2023-06-28,41.0,excellent,21.0,34.0,19.0,6.0,0.54,89.0
上海,2023-06-29,43.0,excellent,22.0,40.0,22.0,6.0,0.57,91.0
上海,2023-06-30,33.0,excellent,18.0,30.0,23.0,6.0,0.63,62.0
上海,2023-07-01,37.0,excellent,20.0,29.0,17.0,5.0,0.65,106.0
上海,2023-07-02,51.0,good,33.0,39.0,23.0,6.0,0.64,102.0
上海,2023-07-03,43.0,excellent,28.0,41.0,29.0,6.0,0.66,88.0
上海,2023-07-04,41.0,excellent,25.0,35.0,23.0,6.0,0.62,90.0
上海,2023-07-05,36.0,excellent,20.0,31.0,21.0,6.0,0.74,95.0
上海,2023-07-06,56.0,good,38.0,45.0,26.0,6.0,0.72,99.0
上海,2023-07-07,37.0,excellent,23.0,36.0,27.0,6.0,0.66,81.0
上海,2023-07-08,35.0,excellent,24.0,33.0,32.0,6.0,0.7,51.0
上海,2023-07-09,49.0,excellent,34.0,45.0,30.0,6.0,0.68,73.0
上海,2023-07-10,34.0,excellent,20.0,31.0,34.0,6.0,0.64,56.0
上海,2023-07-11,56.0,good,27.0,41.0,21.0,6.0,0.65,112.0
上海,2023-07-12,61.0,good,29.0,46.0,20.0,6.0,0.65,123.0
上海,2023-07-13,50.0,excellent,26.0,44.0,21.0,6.0,0.57,109.0
上海,2023-07-14,55.0,good,25.0,42.0,19.0,6.0,0.58,114.0
上海,2023-07-15,44.0,excellent,20.0,34.0,20.0,6.0,0.58,94.0
上海,2023-07-16,20.0,excellent,11.0,19.0,20.0,6.0,0.58,45.0
上海,2023-07-17,17.0,excellent,6.0,17.0,10.0,5.0,0.41,36.0
上海,2023-07-18,18.0,excellent,8.0,16.0,15.0,6.0,0.52,39.0
上海,2023-07-19,18.0,excellent,7.0,18.0,19.0,6.0,0.45,39.0
上海,2023-07-20,23.0,excellent,12.0,20.0,25.0,5.0,0.53,37.0
上海,2023-07-21,28.0,excellent,16.0,23.0,23.0,5.0,0.58,66.0
上海,2023-07-22,25.0,excellent,15.0,22.0,20.0,5.0,0.55,60.0
上海,2023-07-23,26.0,excellent,14.0,24.0,16.0,6.0,0.53,67.0
上海,2023-07-24,34.0,excellent,20.0,33.0,21.0,6.0,0.6,64.0
上海,2023-07-25,20.0,excellent,7.0,17.0,13.0,6.0,0.46,48.0
上海,2023-07-26,22.0,excellent,6.0,22.0,10.0,6.0,0.43,36.0
上海,2023-07-27,17.0,excellent,5.0,17.0,11.0,5.0,0.4,24.0
上海,2023-07-28,20.0,excellent,5.0,20.0,9.0,5.0,0.4,25.0
上海,2023-07-29,19.0,excellent,6.0,19.0,8.0,5.0,0.42,22.0
上海,2023-07-30,18.0,excellent,6.0,18.0,11.0,5.0,0.4,29.0
上海,2023-07-31,23.0,excellent,12.0,23.0,12.0,6.0,0.4,33.0
上海,2023-08-01,19.0,excellent,9.0,19.0,11.0,6.0,0.44,33.0
上海,2023-08-02,24.0,excellent,11.0,24.0,10.0,6.0,0.46,42.0
上海,2023-08-03,31.0,excellent,11.0,31.0,9.0,6.0,0.41,34.0
上海,2023-08-04,27.0,excellent,11.0,27.0,10.0,6.0,0.44,35.0
上海,2023-08-05,27.0,excellent,13.0,27.0,12.0,6.0,0.5,38.0
上海,2023-08-06,32.0,excellent,17.0,31.0,19.0,7.0,0.58,53.0
上海,2023-08-07,28.0,excellent,14.0,27.0,17.0,6.0,0.55,53.0
上海,2023-08-08,32.0,excellent,16.0,31.0,14.0,6.0,0.68,87.0
上海,2023-08-09,33.0,excellent,17.0,33.0,15.0,6.0,0.65,79.0
上海,2023-08-10,50.0,excellent,24.0,42.0,16.0,6.0,0.69,113.0
上海,2023-08-11,77.0,good,36.0,62.0,20.0,7.0,0.77,146.0
上海,2023-08-12,61.0,good,30.0,43.0,16.0,6.0,0.65,135.0
上海,2023-08-13,31.0,excellent,14.0,27.0,13.0,6.0,0.5,86.0
上海,2023-08-14,27.0,excellent,11.0,24.0,13.0,6.0,0.51,73.0
上海,2023-08-15,27.0,excellent,14.0,26.0,15.0,6.0,0.53,57.0
上海,2023-08-16,38.0,excellent,18.0,38.0,22.0,6.0,0.57,66.0
上海,2023-08-17,37.0,excellent,21.0,32.0,26.0,6.0,0.7,79.0
上海,2023-08-18,33.0,excellent,18.0,29.0,29.0,6.0,0.68,67.0
上海,2023-08-19,34.0,excellent,19.0,30.0,15.0,6.0,0.6,74.0
上海,2023-08-20,26.0,excellent,14.0,25.0,13.0,6.0,0.56,60.0
上海,2023-08-21,36.0,excellent,15.0,28.0,15.0,6.0,0.57,102.0
上海,2023-08-22,48.0,excellent,24.0,38.0,21.0,6.0,0.73,103.0
上海,2023-08-23,40.0,excellent,24.0,28.0,23.0,7.0,0.81,82.0
上海,2023-08-24,42.0,excellent,19.0,35.0,25.0,7.0,0.7,107.0
上海,2023-08-25,38.0,excellent,17.0,32.0,18.0,7.0,0.62,105.0
上海,2023-08-26,34.0,excellent,14.0,31.0,18.0,6.0,0.58,94.0
上海,2023-08-27,21.0,excellent,9.0,19.0,13.0,6.0,0.52,59.0
上海,2023-08-28,19.0,excellent,8.0,17.0,17.0,6.0,0.6,47.0
上海,2023-08-29,22.0,excellent,11.0,16.0,26.0,6.0,0.79,55.0
上海,2023-08-30,24.0,excellent,8.0,10.0,22.0,6.0,0.61,75.0
上海,2023-08-31,37.0,excellent,21.0,22.0,28.0,6.0,0.7,63.0
上海,2023-09-01,27.0,excellent,10.0,18.0,19.0,7.0,0.55,83.0
上海,2023-09-02,38.0,excellent,16.0,35.0,13.0,6.0,0.59,115.0
上海,2023-09-03,30.0,excellent,17.0,30.0,18.0,6.0,0.6,79.0
上海,2023-09-04,21.0,excellent,11.0,21.0,20.0,7.0,0.55,24.0
上海,2023-09-05,26.0,excellent,14.0,26.0,18.0,7.0,0.5,41.0
上海,2023-09-06,25.0,excellent,14.0,25.0,15.0,7.0,0.51,45.0
上海,2023-09-07,38.0,excellent,22.0,37.0,17.0,6.0,0.63,84.0
上海,2023-09-08,34.0,excellent,17.0,27.0,19.0,6.0,0.6,87.0
上海,2023-09-09,33.0,excellent,14.0,28.0,23.0,7.0,0.6,93.0
上海,2023-09-10,37.0,excellent,13.0,30.0,20.0,7.0,0.58,106.0
上海,2023-09-11,36.0,excellent,14.0,34.0,21.0,7.0,0.61,89.0
上海,2023-09-12,26.0,excellent,12.0,26.0,20.0,6.0,0.56,70.0
上海,2023-09-13,26.0,excellent,12.0,24.0,21.0,6.0,0.57,70.0
上海,2023-09-14,21.0,excellent,11.0,20.0,27.0,6.0,0.6,53.0
上海,2023-09-15,25.0,excellent,15.0,22.0,40.0,6.0,0.66,35.0
上海,2023-09-16,32.0,excellent,21.0,26.0,40.0,6.0,0.85,30.0
上海,2023-09-17,59.0,good,36.0,47.0,34.0,7.0,1.03,97.0
上海,2023-09-18,57.0,good,33.0,35.0,19.0,7.0,0.79,132.0
上海,2023-09-19,30.0,excellent,16.0,22.0,18.0,7.0,0.59,80.0
上海,2023-09-20,25.0,excellent,10.0,22.0,19.0,6.0,0.6,62.0
上海,2023-09-21,25.0,excellent,10.0,23.0,25.0,6.0,0.58,70.0
上海,2023-09-22,20.0,excellent,9.0,18.0,29.0,6.0,0.58,60.0
上海,2023-09-23,22.0,excellent,8.0,13.0,30.0,6.0,0.58,61.0
上海,2023-09-24,24.0,excellent,10.0,19.0,29.0,6.0,0.6,55.0
上海,2023-09-25,45.0,excellent,23.0,47.0,43.0,7.0,0.8,51.0
上海,2023-09-26,54.0,good,38.0,48.0,33.0,7.0,0.91,71.0
上海,2023-09-27,53.0,good,37.0,43.0,27.0,6.0,0.82,88.0
上海,2023-09-28,51.0,good,35.0,41.0,26.0,7.0,0.83,80.0
上海,2023-09-29,51.0,good,36.0,41.0,20.0,6.0,0.8,107.0
上海,2023-09-30,49.0,excellent,32.0,29.0,20.0,6.0,0.98,80.0
上海,2023-10-01,29.0,excellent,13.0,23.0,18.0,6.0,0.6,90.0
上海,2023-10-02,27.0,excellent,7.0,24.0,18.0,6.0,0.49,80.0
上海,2023-10-03,27.0,excellent,8.0,24.0,20.0,6.0,0.52,83.0
上海,2023-10-04,28.0,excellent,9.0,22.0,17.0,6.0,0.54,89.0
上海,2023-10-05,39.0,excellent,12.0,39.0,17.0,6.0,0.54,80.0
上海,2023-10-06,28.0,excellent,7.0,28.0,15.0,6.0,0.5,75.0
上海,2023-10-07,26.0,excellent,8.0,25.0,17.0,5.0,0.52,76.0
上海,2023-10-08,25.0,excellent,9.0,18.0,20.0,6.0,0.6,75.0
上海,2023-10-09,37.0,excellent,21.0,38.0,32.0,6.0,0.7,68.0
上海,2023-10-10,51.0,good,33.0,49.0,30.0,6.0,0.73,89.0
上海,2023-10-11,35.0,excellent,18.0,30.0,28.0,6.0,0.63,80.0
上海,2023-10-12,33.0,excellent,17.0,30.0,33.0,6.0,0.62,71.0
上海,2023-10-13,29.0,excellent,15.0,21.0,29.0,5.0,0.64,75.0
上海,2023-10-14,69.0,good,49.0,56.0,50.0,7.0,0.93,62.0
上海,2023-10-15,80.0,good,59.0,75.0,53.0,7.0,0.91,71.0
上海,2023-10-16,87.0,good,64.0,86.0,57.0,8.0,1.1,76.0
上海,2023-10-17,66.0,good,47.0,60.0,47.0,7.0,0.8,82.0
上海,2023-10-18,54.0,good,32.0,47.0,31.0,7.0,0.68,112.0
上海,2023-10-19,71.0,good,46.0,71.0,46.0,8.0,0.83,108.0
上海,2023-10-20,31.0,excellent,18.0,23.0,29.0,6.0,0.65,70.0
上海,2023-11-01,39.0,excellent,18.0,38.0,29.0,7.0,0.6,88.0
上海,2023-11-02,34.0,excellent,12.0,30.0,22.0,6.0,0.6,92.0
上海,2023-11-03,48.0,excellent,24.0,50.0,34.0,7.0,0.65,80.0
上海,2023-11-04,30.0,excellent,17.0,28.0,27.0,6.0,0.58,42.0
上海,2023-11-05,23.0,excellent,9.0,21.0,15.0,6.0,0.56,62.0
上海,2023-11-06,34.0,excellent,19.0,34.0,22.0,7.0,0.71,52.0
上海,2023-11-07,53.0,good,23.0,56.0,38.0,8.0,0.68,49.0
上海,2023-11-08,48.0,excellent,23.0,50.0,38.0,7.0,0.61,59.0
上海,2023-11-09,57.0,good,35.0,59.0,50.0,8.0,0.79,32.0
上海,2023-11-10,29.0,excellent,18.0,22.0,17.0,6.0,0.6,69.0
上海,2023-11-11,28.0,excellent,9.0,28.0,17.0,6.0,0.5,65.0
上海,2023-11-12,38.0,excellent,24.0,35.0,23.0,6.0,0.65,53.0
上海,2023-11-13,32.0,excellent,20.0,31.0,30.0,7.0,0.65,46.0
上海,2023-11-14,51.0,good,31.0,55.0,52.0,8.0,0.8,35.0
上海,2023-11-15,98.0,good,73.0,103.0,73.0,10.0,1.12,48.0
上海,2023-11-16,94.0,good,68.0,87.0,52.0,7.0,0.93,49.0
上海,2023-11-17,90.0,good,29.0,129.0,37.0,8.0,0.65,43.0
上海,2023-11-18,52.0,good,23.0,57.0,46.0,9.0,0.78,34.0
上海,2023-11-19,64.0,good,40.0,79.0,68.0,8.0,0.84,33.0
上海,2023-11-20,88.0,good,65.0,112.0,80.0,10.0,1.08,47.0
上海,2023-11-21,66.0,good,46.0,72.0,60.0,8.0,0.78,73.0
上海,2023-11-22,56.0,good,38.0,59.0,59.0,7.0,0.74,69.0
上海,2023-11-23,118.0,lightly_polluted,88.0,132.0,69.0,11.0,1.13,60.0
上海,2023-11-24,33.0,excellent,13.0,33.0,26.0,7.0,0.64,57.0
上海,2023-11-25,28.0,excellent,10.0,28.0,34.0,6.0,0.55,47.0
上海,2023-11-26,40.0,excellent,18.0,44.0,42.0,6.0,0.58,41.0
上海,2023-11-27,82.0,good,58.0,95.0,54.0,8.0,0.91,44.0
上海,2023-11-28,90.0,good,66.0,118.0,53.0,9.0,0.95,51.0
上海,2023-11-29,71.0,good,48.0,89.0,41.0,8.0,0.8,80.0
上海,2023-11-30,37.0,excellent,18.0,37.0,26.0,7.0,0.64,55.0
上海,2023-12-01,49.0,excellent,27.0,51.0,37.0,10.0,0.72,44.0
上海,2023-12-02,55.0,good,33.0,60.0,60.0,9.0,0.83,30.0
上海,2023-12-03,75.0,good,55.0,91.0,72.0,10.0,1.06,33.0
上海,2023-12-04,91.0,good,67.0,98.0,76.0,8.0,0.99,26.0
上海,2023-12-05,104.0,lightly_polluted,78.0,105.0,75.0,8.0,1.06,24.0
上海,2023-12-06,98.0,good,69.0,126.0,67.0,9.0,1.0,31.0
上海,2023-12-07,104.0,lightly_polluted,60.0,158.0,66.0,9.0,0.96,44.0
上海,2023-12-08,70.0,good,37.0,89.0,57.0,8.0,0.78,61.0
上海,2023-12-09,70.0,good,43.0,91.0,77.0,9.0,0.85,37.0
上海,2023-12-10,55.0,good,34.0,61.0,60.0,7.0,0.73,17.0
上海,2023-12-11,27.0,excellent,19.0,22.0,30.0,5.0,0.72,28.0
上海,2023-12-12,51.0,good,36.0,46.0,32.0,5.0,0.81,33.0
上海,2023-12-13,54.0,good,37.0,57.0,45.0,6.0,0.77,29.0
上海,2023-12-14,50.0,excellent,34.0,50.0,49.0,7.0,0.81,43.0
上海,2023-12-15,45.0,excellent,31.0,39.0,44.0,6.0,1.18,8.0
上海,2023-12-16,48.0,excellent,33.0,42.0,22.0,6.0,0.86,46.0
上海,2023-12-17,31.0,excellent,19.0,30.0,23.0,8.0,0.75,53.0
上海,2023-12-18,23.0,excellent,12.0,21.0,31.0,6.0,0.64,45.0
上海,2023-12-19,27.0,excellent,17.0,23.0,35.0,6.0,0.73,35.0
上海,2023-12-20,61.0,good,41.0,64.0,31.0,7.0,0.82,50.0
上海,2023-12-21,41.0,excellent,23.0,41.0,26.0,9.0,0.77,54.0
上海,2023-12-22,44.0,excellent,25.0,44.0,36.0,9.0,0.84,39.0
上海,2023-12-23,57.0,good,37.0,64.0,62.0,9.0,0.87,17.0
上海,2023-12-24,80.0,good,59.0,103.0,66.0,11.0,1.05,25.0
上海,2023-12-25,104.0,lightly_polluted,78.0,128.0,74.0,12.0,1.21,25.0
上海,2023-12-26,109.0,lightly_polluted,82.0,125.0,74.0,10.0,0.96,29.0
上海,2023-12-27,73.0,good,53.0,70.0,64.0,7.0,0.73,28.0
上海,2023-12-28,85.0,good,62.0,84.0,79.0,8.0,0.9,18.0
上海,2023-12-29,69.0,good,49.0,62.0,48.0,6.0,0.66,39.0
上海,2023-12-30,112.0,lightly_polluted,83.0,97.0,60.0,6.0,0.88,28.0
上海,2023-12-31,200.0,moderately_polluted,154.0,181.0,44.0,7.0,1.35,49.0
广州,2023-01-01,39.0,excellent,26.0,38.0,22.0,5.0,0.73,56.0
广州,2023-01-02,41.0,excellent,27.0,41.0,20.0,6.0,0.79,52.0
广州,2023-01-03,47.0,excellent,32.0,44.0,20.0,5.0,0.8,54.0
广州,2023-01-04,50.0,excellent,35.0,49.0,29.0,6.0,0.8,40.0
广州,2023-01-05,50.0,excellent,33.0,52.0,41.0,6.0,0.88,38.0
广州,2023-01-06,46.0,excellent,29.0,47.0,33.0,6.0,0.79,52.0
广州,2023-01-07,46.0,excellent,31.0,48.0,33.0,6.0,0.8,70.0
广州,2023-01-08,56.0,good,37.0,61.0,49.0,6.0,0.83,30.0
广州,2023-01-09,25.0,excellent,14.0,18.0,30.0,5.0,0.77,25.0
广州,2023-01-10,13.0,excellent,6.0,9.0,26.0,4.0,0.71,23.0
广州,2023-01-11,19.0,excellent,13.0,17.0,29.0,4.0,0.71,14.0
广州,2023-01-12,32.0,excellent,21.0,30.0,37.0,5.0,0.83,9.0
广州,2023-01-13,22.0,excellent,13.0,22.0,35.0,4.0,0.66,15.0
广州,2023-01-14,25.0,excellent,14.0,24.0,26.0,5.0,0.65,27.0
广州,2023-01-15,14.0,excellent,7.0,14.0,16.0,4.0,0.89,24.0
广州,2023-01-16,15.0,excellent,10.0,15.0,11.0,4.0,0.7,38.0
广州,2023-01-17,35.0,excellent,21.0,35.0,11.0,4.0,0.6,45.0
广州,2023-01-18,39.0,excellent,23.0,39.0,11.0,5.0,0.6,59.0
广州,2023-01-19,42.0,excellent,27.0,42.0,17.0,5.0,0.67,58.0
广州,2023-01-20,41.0,excellent,28.0,41.0,14.0,5.0,0.68,63.0
广州,2023-01-21,52.0,good,36.0,51.0,15.0,6.0,0.72,69.0
广州,2023-01-22,82.0,good,60.0,73.0,14.0,9.0,0.7,59.0
广州,2023-01-23,93.0,good,69.0,82.0,14.0,6.0,0.77,40.0
广州,2023-01-24,42.0,excellent,28.0,46.0,6.0,5.0,0.61,61.0
广州,2023-01-25,65.0,good,45.0,80.0,8.0,5.0,0.58,73.0
广州,2023-01-26,56.0,good,39.0,59.0,13.0,5.0,0.63,55.0
广州,2023-01-27,50.0,excellent,31.0,53.0,8.0,5.0,0.62,69.0
广州,2023-01-28,57.0,good,29.0,64.0,9.0,6.0,0.48,87.0
广州,2023-01-29,52.0,good,28.0,54.0,14.0,5.0,0.52,83.0
广州,2023-01-30,50.0,excellent,32.0,53.0,29.0,5.0,0.61,66.0
广州,2023-01-31,54.0,good,35.0,57.0,38.0,6.0,0.7,69.0
广州,2023-02-01,46.0,excellent,24.0,47.0,37.0,5.0,0.66,55.0
广州,2023-02-02,47.0,excellent,26.0,47.0,33.0,6.0,0.67,62.0
广州,2023-02-03,59.0,good,38.0,67.0,31.0,5.0,0.7,61.0
广州,2023-02-04,57.0,good,40.0,57.0,33.0,5.0,0.8,38.0
广州,2023-02-05,39.0,excellent,27.0,35.0,28.0,5.0,0.97,11.0
广州,2023-02-06,42.0,excellent,29.0,39.0,32.0,4.0,0.97,9.0
广州,2023-02-07,52.0,good,32.0,54.0,42.0,5.0,1.06,12.0
广州,2023-02-08,32.0,excellent,18.0,32.0,35.0,5.0,0.88,23.0
广州,2023-02-09,38.0,excellent,21.0,38.0,41.0,5.0,0.71,34.0
广州,2023-02-10,39.0,excellent,22.0,39.0,38.0,5.0,0.92,12.0
广州,2023-02-11,30.0,excellent,15.0,30.0,27.0,5.0,0.8,34.0
广州,2023-02-12,25.0,excellent,12.0,25.0,23.0,5.0,0.57,40.0
广州,2023-02-13,26.0,excellent,12.0,26.0,30.0,5.0,0.65,17.0
广州,2023-02-14,17.0,excellent,7.0,17.0,17.0,5.0,0.83,32.0
广州,2023-02-15,27.0,excellent,17.0,27.0,16.0,5.0,0.73,67.0
广州,2023-02-16,42.0,excellent,28.0,43.0,28.0,5.0,0.66,67.0
广州,2023-02-17,61.0,good,41.0,72.0,55.0,6.0,0.82,60.0
广州,2023-02-18,71.0,good,43.0,78.0,62.0,6.0,0.85,76.0
广州,2023-02-19,63.0,good,41.0,75.0,46.0,7.0,0.82,62.0
广州,2023-02-20,50.0,excellent,34.0,51.0,23.0,6.0,0.8,93.0
广州,2023-02-21,67.0,good,47.0,73.0,32.0,7.0,0.78,96.0
广州,2023-02-22,60.0,good,34.0,70.0,41.0,7.0,0.63,88.0
广州,2023-02-23,72.0,good,44.0,84.0,60.0,7.0,0.69,89.0
广州,2023-02-24,75.0,good,54.0,95.0,57.0,9.0,0.81,67.0
广州,2023-02-25,41.0,excellent,28.0,40.0,17.0,5.0,0.68,69.0
广州,2023-02-26,53.0,good,37.0,52.0,23.0,6.0,0.69,83.0
广州,2023-02-27,68.0,good,49.0,77.0,48.0,7.0,0.72,77.0
广州,2023-02-28,63.0,good,35.0,71.0,54.0,8.0,0.68,85.0
广州,2023-03-01,82.0,good,50.0,93.0,70.0,7.0,0.82,93.0
广州,2023-03-02,68.0,good,49.0,79.0,40.0,7.0,0.79,102.0
广州,2023-03-03,85.0,good,60.0,104.0,48.0,7.0,0.83,116.0
广州,2023-03-04,71.0,good,50.0,86.0,44.0,8.0,0.83,93.0
广州,2023-03-05,73.0,good,45.0,79.0,47.0,7.0,0.77,100.0
广州,2023-03-06,68.0,good,34.0,73.0,45.0,7.0,0.66,112.0
广州,2023-03-07,59.0,good,29.0,68.0,56.0,7.0,0.62,77.0
广州,2023-03-08,61.0,good,33.0,72.0,58.0,6.0,0.65,57.0
广州,2023-03-09,67.0,good,42.0,83.0,57.0,7.0,0.77,59.0
广州,2023-03-10,72.0,good,39.0,74.0,43.0,7.0,0.67,109.0
广州,2023-03-11,58.0,good,32.0,65.0,45.0,6.0,0.62,79.0
广州,2023-03-12,56.0,good,31.0,63.0,32.0,5.0,0.65,62.0
广州,2023-03-13,84.0,good,31.0,119.0,21.0,7.0,0.56,97.0
广州,2023-03-14,87.0,good,46.0,124.0,48.0,7.0,0.71,73.0
广州,2023-03-15,62.0,good,35.0,74.0,39.0,5.0,0.7,88.0
广州,2023-03-16,71.0,good,38.0,77.0,46.0,7.0,0.77,97.0
广州,2023-03-17,57.0,good,30.0,64.0,44.0,6.0,0.68,75.0
广州,2023-03-18,67.0,good,42.0,75.0,40.0,6.0,0.76,83.0
广州,2023-03-19,41.0,excellent,21.0,41.0,24.0,5.0,0.63,71.0
广州,2023-03-20,40.0,excellent,19.0,40.0,28.0,5.0,0.65,59.0
广州,2023-03-21,37.0,excellent,17.0,37.0,31.0,4.0,0.6,28.0
广州,2023-03-22,44.0,excellent,22.0,44.0,31.0,5.0,0.64,19.0
广州,2023-03-23,43.0,excellent,22.0,43.0,27.0,5.0,0.6,29.0
广州,2023-03-24,29.0,excellent,16.0,29.0,29.0,5.0,0.61,22.0
广州,2023-03-25,30.0,excellent,19.0,30.0,33.0,5.0,0.78,12.0
广州,2023-03-26,12.0,excellent,5.0,9.0,21.0,4.0,0.8,26.0
广州,2023-03-27,14.0,excellent,8.0,12.0,24.0,4.0,0.77,26.0
广州,2023-03-28,21.0,excellent,12.0,20.0,28.0,5.0,0.79,14.0
广州,2023-03-29,19.0,excellent,11.0,18.0,33.0,4.0,0.89,8.0
广州,2023-03-30,18.0,excellent,12.0,17.0,32.0,4.0,1.01,6.0
广州,2023-03-31,17.0,excellent,10.0,15.0,31.0,4.0,0.93,7.0
广州,2023-04-01,31.0,excellent,21.0,30.0,38.0,4.0,0.9,21.0
广州,2023-04-02,38.0,excellent,24.0,38.0,40.0,5.0,0.8,29.0
广州,2023-04-03,36.0,excellent,19.0,36.0,30.0,5.0,0.69,56.0
广州,2023-04-04,32.0,excellent,18.0,32.0,28.0,4.0,0.68,43.0
广州,2023-04-05,28.0,excellent,17.0,28.0,26.0,4.0,0.72,24.0
广州,2023-04-06,27.0,excellent,15.0,27.0,23.0,4.0,0.72,24.0
广州,2023-04-07,26.0,excellent,9.0,19.0,17.0,5.0,0.65,71.0
广州,2023-04-08,62.0,good,31.0,75.0,22.0,6.0,0.58,79.0
广州,2023-04-09,62.0,good,38.0,74.0,35.0,6.0,0.67,58.0
广州,2023-04-10,57.0,good,32.0,63.0,47.0,5.0,0.7,53.0
广州,2023-04-11,52.0,good,24.0,54.0,43.0,5.0,0.72,43.0
广州,2023-04-12,55.0,good,30.0,61.0,45.0,5.0,0.8,60.0
广州,2023-04-13,49.0,excellent,28.0,52.0,34.0,5.0,0.68,66.0
广州,2023-04-14,61.0,good,34.0,72.0,47.0,5.0,0.71,31.0
广州,2023-04-15,50.0,excellent,30.0,56.0,33.0,6.0,0.82,57.0
广州,2023-04-16,68.0,good,30.0,60.0,38.0,6.0,0.82,102.0
广州,2023-04-17,51.0,good,31.0,52.0,24.0,5.0,0.74,101.0
广州,2023-04-18,42.0,excellent,23.0,42.0,26.0,5.0,0.69,47.0
广州,2023-04-19,36.0,excellent,20.0,33.0,33.0,5.0,0.79,50.0
广州,2023-04-20,59.0,good,29.0,49.0,42.0,6.0,0.91,87.0
广州,2023-04-21,29.0,excellent,15.0,29.0,32.0,5.0,0.8,59.0
广州,2023-04-22,36.0,excellent,21.0,36.0,25.0,5.0,0.64,67.0
广州,2023-04-23,41.0,excellent,22.0,41.0,22.0,5.0,0.6,59.0
广州,2023-04-24,34.0,excellent,18.0,33.0,31.0,5.0,0.71,24.0
广州,2023-04-25,19.0,excellent,10.0,19.0,24.0,5.0,0.78,18.0
广州,2023-04-26,26.0,excellent,10.0,21.0,25.0,5.0,0.68,59.0
广州,2023-04-27,43.0,excellent,24.0,44.0,37.0,6.0,0.77,73.0
广州,2023-04-28,40.0,excellent,20.0,39.0,30.0,5.0,0.69,76.0
广州,2023-04-29,31.0,excellent,13.0,29.0,27.0,5.0,0.69,47.0
广州,2023-04-30,43.0,excellent,17.0,44.0,19.0,6.0,0.61,90.0
广州,2023-05-01,59.0,good,31.0,67.0,29.0,6.0,0.72,68.0
广州,2023-05-02,46.0,excellent,19.0,47.0,22.0,6.0,0.61,106.0
广州,2023-05-03,36.0,excellent,16.0,36.0,23.0,5.0,0.56,52.0
广州,2023-05-04,29.0,excellent,12.0,28.0,17.0,5.0,0.55,52.0
广州,2023-05-05,29.0,excellent,13.0,29.0,19.0,5.0,0.5,44.0
广州,2023-05-06,30.0,excellent,13.0,30.0,23.0,5.0,0.53,32.0
广州,2023-05-07,23.0,excellent,10.0,22.0,21.0,5.0,0.68,31.0
广州,2023-05-08,29.0,excellent,19.0,29.0,21.0,5.0,0.66,55.0
广州,2023-05-09,44.0,excellent,30.0,45.0,29.0,6.0,0.69,59.0
广州,2023-05-10,48.0,excellent,23.0,48.0,32.0,6.0,0.63,85.0
广州,2023-05-11,41.0,excellent,20.0,41.0,34.0,5.0,0.62,61.0
广州,2023-05-12,21.0,excellent,12.0,20.0,29.0,4.0,0.79,32.0
广州,2023-05-13,38.0,excellent,24.0,38.0,37.0,5.0,0.88,32.0
广州,2023-05-14,49.0,excellent,33.0,48.0,39.0,6.0,0.86,44.0
广州,2023-05-15,66.0,good,33.0,54.0,36.0,6.0,0.74,102.0
广州,2023-05-16,42.0,excellent,23.0,39.0,25.0,5.0,0.7,87.0
广州,2023-05-17,25.0,excellent,11.0,25.0,23.0,5.0,0.62,57.0
广州,2023-05-18,50.0,excellent,29.0,49.0,26.0,5.0,0.68,81.0
广州,2023-05-19,40.0,excellent,24.0,40.0,25.0,5.0,0.72,82.0
广州,2023-05-20,44.0,excellent,25.0,44.0,18.0,4.0,0.61,58.0
广州,2023-05-21,35.0,excellent,18.0,35.0,14.0,4.0,0.59,55.0
广州,2023-05-22,37.0,excellent,19.0,38.0,16.0,4.0,0.61,64.0
广州,2023-05-23,28.0,excellent,15.0,26.0,19.0,5.0,0.75,54.0
广州,2023-05-24,30.0,excellent,17.0,29.0,31.0,4.0,0.69,50.0
广州,2023-05-25,40.0,excellent,23.0,39.0,28.0,5.0,0.69,60.0
广州,2023-05-26,29.0,excellent,12.0,28.0,19.0,4.0,0.53,45.0
广州,2023-05-27,36.0,excellent,18.0,35.0,20.0,4.0,0.52,61.0
广州,2023-05-28,42.0,excellent,19.0,37.0,20.0,5.0,0.6,79.0
广州,2023-05-29,62.0,good,27.0,51.0,26.0,5.0,0.64,104.0
广州,2023-05-30,60.0,good,36.0,61.0,35.0,6.0,0.75,92.0
广州,2023-05-31,50.0,excellent,30.0,50.0,26.0,6.0,0.7,92.0
广州,2023-06-01,51.0,good,28.0,46.0,26.0,5.0,0.76,106.0
广州,2023-06-02,66.0,good,32.0,51.0,24.0,6.0,0.73,120.0
广州,2023-06-03,46.0,excellent,18.0,32.0,17.0,5.0,0.62,104.0
广州,2023-06-04,26.0,excellent,14.0,25.0,17.0,5.0,0.6,67.0
广州,2023-06-05,28.0,excellent,13.0,27.0,21.0,5.0,0.62,49.0
广州,2023-06-06,25.0,excellent,11.0,24.0,24.0,5.0,0.62,33.0
广州,2023-06-07,21.0,excellent,10.0,21.0,24.0,5.0,0.66,33.0
广州,2023-06-08,19.0,excellent,9.0,18.0,25.0,5.0,0.66,28.0
广州,2023-06-09,23.0,excellent,10.0,19.0,22.0,5.0,0.67,48.0
广州,2023-06-10,26.0,excellent,12.0,20.0,19.0,4.0,0.66,71.0
广州,2023-06-11,30.0,excellent,14.0,27.0,18.0,5.0,0.66,71.0
广州,2023-06-12,35.0,excellent,17.0,31.0,21.0,5.0,0.67,84.0
广州,2023-06-13,43.0,excellent,24.0,39.0,22.0,5.0,0.76,100.0
广州,2023-06-14,32.0,excellent,20.0,26.0,21.0,5.0,0.81,74.0
广州,2023-06-15,27.0,excellent,16.0,25.0,16.0,5.0,0.78,72.0
广州,2023-06-16,23.0,excellent,12.0,22.0,24.0,5.0,0.74,47.0
广州,2023-06-17,16.0,excellent,8.0,15.0,23.0,5.0,0.65,36.0
广州,2023-06-18,21.0,excellent,11.0,21.0,26.0,5.0,0.7,17.0
广州,2023-06-19,21.0,excellent,10.0,20.0,22.0,5.0,0.68,33.0
广州,2023-06-20,30.0,excellent,14.0,28.0,19.0,5.0,0.66,51.0
广州,2023-06-21,28.0,excellent,12.0,26.0,17.0,5.0,0.61,61.0
广州,2023-06-22,25.0,excellent,11.0,23.0,12.0,5.0,0.6,55.0
广州,2023-06-23,21.0,excellent,9.0,21.0,19.0,5.0,0.65,36.0
广州,2023-06-24,23.0,excellent,11.0,23.0,24.0,5.0,0.69,25.0
广州,2023-06-25,23.0,excellent,12.0,22.0,20.0,4.0,0.67,28.0
广州,2023-06-26,29.0,excellent,14.0,25.0,24.0,5.0,0.69,46.0
广州,2023-06-27,30.0,excellent,13.0,26.0,25.0,5.0,0.64,56.0
广州,2023-06-28,23.0,excellent,9.0,21.0,23.0,5.0,0.62,36.0
广州,2023-06-29,40.0,excellent,15.0,30.0,22.0,5.0,0.63,75.0
广州,2023-06-30,28.0,excellent,15.0,27.0,18.0,5.0,0.6,59.0
广州,2023-07-01,23.0,excellent,11.0,22.0,19.0,5.0,0.62,45.0
广州,2023-07-02,18.0,excellent,10.0,18.0,22.0,5.0,0.6,33.0
广州,2023-07-03,17.0,excellent,7.0,15.0,19.0,4.0,0.6,41.0
广州,2023-07-04,21.0,excellent,9.0,20.0,25.0,5.0,0.64,30.0
广州,2023-07-05,28.0,excellent,12.0,26.0,20.0,5.0,0.64,48.0
广州,2023-07-06,23.0,excellent,10.0,21.0,13.0,5.0,0.56,46.0
广州,2023-07-07,24.0,excellent,12.0,24.0,13.0,5.0,0.53,43.0
广州,2023-07-08,27.0,excellent,12.0,24.0,15.0,5.0,0.57,51.0
广州,2023-07-09,24.0,excellent,8.0,21.0,14.0,5.0,0.57,48.0
广州,2023-07-10,26.0,excellent,9.0,23.0,15.0,6.0,0.58,58.0
广州,2023-07-11,26.0,excellent,9.0,22.0,15.0,5.0,0.54,59.0
广州,2023-07-12,26.0,excellent,10.0,23.0,15.0,6.0,0.58,63.0
广州,2023-07-13,29.0,excellent,12.0,24.0,17.0,5.0,0.57,70.0
广州,2023-07-14,46.0,excellent,16.0,32.0,22.0,6.0,0.6,93.0
广州,2023-07-15,62.0,good,31.0,54.0,30.0,7.0,0.68,105.0
广州,2023-07-16,27.0,excellent,15.0,27.0,16.0,5.0,0.64,60.0
广州,2023-07-17,15.0,excellent,6.0,13.0,9.0,5.0,0.58,45.0
广州,2023-07-18,20.0,excellent,11.0,19.0,16.0,5.0,0.68,47.0
广州,2023-07-19,22.0,excellent,11.0,20.0,21.0,5.0,0.67,42.0
广州,2023-07-20,23.0,excellent,9.0,19.0,18.0,5.0,0.61,47.0
广州,2023-07-21,38.0,excellent,16.0,32.0,22.0,5.0,0.66,72.0
广州,2023-07-22,30.0,excellent,13.0,28.0,22.0,6.0,0.6,57.0
广州,2023-07-23,29.0,excellent,11.0,24.0,18.0,6.0,0.57,63.0
广州,2023-07-24,25.0,excellent,9.0,21.0,17.0,5.0,0.53,59.0
广州,2023-07-25,36.0,excellent,13.0,27.0,20.0,6.0,0.57,77.0
广州,2023-07-26,49.0,excellent,27.0,44.0,22.0,6.0,0.6,99.0
广州,2023-07-27,30.0,excellent,15.0,28.0,15.0,7.0,0.55,63.0
广州,2023-07-28,29.0,excellent,12.0,25.0,16.0,7.0,0.56,65.0
广州,2023-07-29,33.0,excellent,17.0,33.0,22.0,5.0,0.64,75.0
广州,2023-07-30,20.0,excellent,10.0,19.0,18.0,5.0,0.59,47.0
广州,2023-07-31,28.0,excellent,12.0,26.0,20.0,5.0,0.56,53.0
广州,2023-08-01,26.0,excellent,11.0,23.0,20.0,6.0,0.53,53.0
广州,2023-08-02,43.0,excellent,20.0,33.0,21.0,6.0,0.57,91.0
广州,2023-08-03,56.0,good,22.0,39.0,25.0,6.0,0.61,103.0
广州,2023-08-04,27.0,excellent,10.0,23.0,17.0,6.0,0.6,66.0
广州,2023-08-05,30.0,excellent,12.0,27.0,14.0,6.0,0.59,64.0
广州,2023-08-06,32.0,excellent,14.0,31.0,13.0,6.0,0.6,65.0
广州,2023-08-07,33.0,excellent,15.0,31.0,17.0,5.0,0.63,62.0
广州,2023-08-08,28.0,excellent,12.0,27.0,19.0,6.0,0.62,59.0
广州,2023-08-09,36.0,excellent,17.0,34.0,21.0,6.0,0.68,61.0
广州,2023-08-10,35.0,excellent,18.0,35.0,28.0,5.0,0.73,38.0
广州,2023-08-11,30.0,excellent,10.0,21.0,22.0,5.0,0.65,84.0
广州,2023-08-12,30.0,excellent,16.0,28.0,22.0,5.0,0.68,61.0
广州,2023-08-13,29.0,excellent,14.0,26.0,18.0,5.0,0.65,66.0
广州,2023-08-14,32.0,excellent,17.0,32.0,20.0,5.0,0.65,62.0
广州,2023-08-15,28.0,excellent,15.0,28.0,23.0,5.0,0.65,43.0
广州,2023-08-16,40.0,excellent,22.0,40.0,22.0,5.0,0.67,62.0
广州,2023-08-17,39.0,excellent,22.0,40.0,29.0,5.0,0.73,31.0
广州,2023-08-18,46.0,excellent,29.0,47.0,36.0,5.0,0.85,43.0
广州,2023-08-19,56.0,good,27.0,44.0,29.0,5.0,0.83,96.0
广州,2023-08-20,25.0,excellent,13.0,25.0,21.0,5.0,0.68,49.0
广州,2023-08-21,25.0,excellent,11.0,23.0,25.0,5.0,0.61,40.0
广州,2023-08-22,28.0,excellent,13.0,25.0,23.0,5.0,0.63,56.0
广州,2023-08-23,27.0,excellent,13.0,27.0,25.0,5.0,0.63,37.0
广州,2023-08-24,22.0,excellent,12.0,21.0,26.0,5.0,0.68,34.0
广州,2023-08-25,27.0,excellent,14.0,26.0,31.0,5.0,0.73,35.0
广州,2023-08-26,32.0,excellent,17.0,32.0,32.0,5.0,0.73,37.0
广州,2023-08-27,26.0,excellent,12.0,24.0,19.0,5.0,0.62,52.0
广州,2023-08-28,24.0,excellent,11.0,21.0,20.0,5.0,0.64,54.0
广州,2023-08-29,21.0,excellent,12.0,20.0,19.0,5.0,0.78,47.0
广州,2023-08-30,23.0,excellent,13.0,21.0,13.0,6.0,0.76,62.0
广州,2023-08-31,22.0,excellent,10.0,18.0,13.0,6.0,0.71,64.0
广州,2023-09-01,23.0,excellent,13.0,23.0,12.0,6.0,0.7,54.0
广州,2023-09-02,18.0,excellent,12.0,17.0,11.0,5.0,0.64,41.0
广州,2023-09-03,22.0,excellent,13.0,20.0,14.0,5.0,0.65,47.0
广州,2023-09-04,33.0,excellent,21.0,32.0,18.0,6.0,0.68,58.0
广州,2023-09-05,35.0,excellent,22.0,35.0,19.0,7.0,0.68,58.0
广州,2023-09-06,28.0,excellent,16.0,27.0,22.0,6.0,0.7,38.0
广州,2023-09-07,12.0,excellent,5.0,9.0,23.0,5.0,0.67,20.0
广州,2023-09-08,17.0,excellent,9.0,13.0,18.0,5.0,0.66,40.0
广州,2023-09-09,22.0,excellent,12.0,19.0,23.0,5.0,0.67,36.0
广州,2023-09-10,18.0,excellent,10.0,16.0,22.0,5.0,0.64,36.0
广州,2023-09-11,19.0,excellent,10.0,18.0,24.0,5.0,0.63,26.0
广州,2023-09-12,24.0,excellent,11.0,21.0,24.0,6.0,0.62,39.0
广州,2023-09-13,23.0,excellent,12.0,22.0,27.0,5.0,0.68,34.0
广州,2023-09-14,19.0,excellent,10.0,19.0,26.0,5.0,0.76,18.0
广州,2023-09-15,14.0,excellent,6.0,12.0,25.0,5.0,0.64,19.0
广州,2023-09-16,22.0,excellent,10.0,18.0,22.0,5.0,0.6,48.0
广州,2023-09-17,26.0,excellent,12.0,24.0,23.0,5.0,0.59,48.0
广州,2023-09-18,32.0,excellent,14.0,28.0,25.0,5.0,0.58,53.0
广州,2023-09-19,37.0,excellent,16.0,33.0,27.0,5.0,0.6,61.0
广州,2023-09-20,39.0,excellent,17.0,34.0,25.0,5.0,0.59,71.0
广州,2023-09-21,55.0,good,23.0,43.0,28.0,6.0,0.67,92.0
广州,2023-09-22,48.0,excellent,27.0,47.0,33.0,6.0,0.71,77.0
广州,2023-09-23,54.0,good,30.0,49.0,34.0,5.0,0.75,82.0
广州,2023-09-24,32.0,excellent,14.0,29.0,23.0,5.0,0.6,61.0
广州,2023-09-25,29.0,excellent,13.0,26.0,20.0,5.0,0.57,60.0
广州,2023-09-26,34.0,excellent,16.0,31.0,27.0,5.0,0.58,64.0
广州,2023-09-27,42.0,excellent,22.0,40.0,28.0,5.0,0.64,72.0
广州,2023-09-28,43.0,excellent,27.0,43.0,31.0,5.0,0.7,72.0
广州,2023-09-29,35.0,excellent,19.0,32.0,22.0,5.0,0.63,70.0
广州,2023-09-30,33.0,excellent,20.0,31.0,16.0,5.0,0.62,69.0
广州,2023-10-01,41.0,excellent,26.0,41.0,19.0,5.0,0.7,77.0
广州,2023-10-02,27.0,excellent,13.0,22.0,16.0,4.0,0.7,74.0
广州,2023-10-03,44.0,excellent,27.0,41.0,22.0,5.0,0.78,87.0
广州,2023-10-04,48.0,excellent,32.0,48.0,24.0,5.0,0.8,68.0
广州,2023-10-05,30.0,excellent,18.0,28.0,13.0,5.0,0.71,70.0
广州,2023-10-06,33.0,excellent,16.0,30.0,13.0,5.0,0.59,98.0
广州,2023-10-07,19.0,excellent,8.0,15.0,14.0,5.0,0.6,61.0
广州,2023-10-08,16.0,excellent,7.0,14.0,14.0,5.0,0.62,48.0
广州,2023-10-09,13.0,excellent,7.0,11.0,16.0,5.0,0.63,35.0
广州,2023-10-10,14.0,excellent,6.0,12.0,17.0,5.0,0.64,36.0
广州,2023-10-11,20.0,excellent,10.0,17.0,18.0,5.0,0.62,54.0
广州,2023-10-12,33.0,excellent,20.0,31.0,21.0,5.0,0.63,66.0
广州,2023-10-13,33.0,excellent,19.0,31.0,17.0,5.0,0.61,72.0
广州,2023-10-14,47.0,excellent,32.0,47.0,22.0,6.0,0.69,83.0
广州,2023-10-15,50.0,excellent,35.0,49.0,22.0,6.0,0.73,87.0
广州,2023-10-16,46.0,excellent,29.0,45.0,26.0,6.0,0.65,87.0
广州,2023-10-17,48.0,excellent,30.0,48.0,30.0,6.0,0.64,85.0
广州,2023-10-18,42.0,excellent,28.0,40.0,26.0,5.0,0.69,73.0
广州,2023-10-19,42.0,excellent,29.0,39.0,33.0,5.0,0.79,45.0
广州,2023-10-20,24.0,excellent,14.0,24.0,25.0,5.0,0.73,27.0
广州,2023-11-01,53.0,good,29.0,52.0,43.0,5.0,0.66,75.0
广州,2023-11-02,64.0,good,34.0,62.0,47.0,6.0,0.69,87.0
广州,2023-11-03,67.0,good,39.0,70.0,53.0,5.0,0.74,79.0
广州,2023-11-04,63.0,good,34.0,60.0,42.0,5.0,0.7,83.0
广州,2023-11-05,43.0,excellent,21.0,42.0,34.0,5.0,0.62,61.0
广州,2023-11-06,43.0,excellent,23.0,44.0,33.0,6.0,0.66,55.0
广州,2023-11-07,38.0,excellent,17.0,39.0,29.0,7.0,0.6,82.0
广州,2023-11-08,61.0,good,39.0,72.0,47.0,7.0,0.79,50.0
广州,2023-11-09,54.0,good,30.0,59.0,37.0,6.0,0.74,56.0
广州,2023-11-10,54.0,good,30.0,58.0,43.0,5.0,0.75,41.0
广州,2023-11-11,19.0,excellent,11.0,19.0,26.0,5.0,0.73,15.0
广州,2023-11-12,16.0,excellent,6.0,13.0,15.0,5.0,0.66,38.0
广州,2023-11-13,18.0,excellent,8.0,17.0,18.0,5.0,0.57,38.0
广州,2023-11-14,26.0,excellent,16.0,26.0,22.0,6.0,0.63,40.0
广州,2023-11-15,37.0,excellent,23.0,37.0,31.0,6.0,0.69,40.0
广州,2023-11-16,31.0,excellent,15.0,31.0,28.0,6.0,0.71,36.0
广州,2023-11-17,52.0,good,20.0,57.0,24.0,6.0,0.5,65.0
广州,2023-11-18,57.0,good,23.0,65.0,33.0,6.0,0.48,58.0
广州,2023-11-19,60.0,good,29.0,70.0,46.0,6.0,0.6,54.0
广州,2023-11-20,69.0,good,41.0,88.0,61.0,7.0,0.76,52.0
广州,2023-11-21,65.0,good,40.0,81.0,60.0,6.0,0.77,60.0
广州,2023-11-22,66.0,good,40.0,76.0,62.0,6.0,0.76,69.0
广州,2023-11-23,81.0,good,51.0,92.0,66.0,6.0,0.85,82.0
广州,2023-11-24,58.0,good,37.0,65.0,47.0,6.0,0.68,77.0
广州,2023-11-25,70.0,good,49.0,90.0,43.0,6.0,0.79,86.0
广州,2023-11-26,63.0,good,42.0,75.0,45.0,6.0,0.81,63.0
广州,2023-11-27,70.0,good,50.0,79.0,46.0,7.0,0.86,62.0
广州,2023-11-28,57.0,good,38.0,64.0,40.0,7.0,0.7,82.0
广州,2023-11-29,65.0,good,46.0,79.0,58.0,6.0,0.8,42.0
广州,2023-11-30,49.0,excellent,33.0,53.0,32.0,6.0,0.79,50.0
广州,2023-12-01,49.0,excellent,32.0,52.0,21.0,6.0,0.74,64.0
广州,2023-12-02,46.0,excellent,26.0,47.0,29.0,7.0,0.67,63.0
广州,2023-12-03,50.0,excellent,31.0,52.0,34.0,8.0,0.73,48.0
广州,2023-12-04,46.0,excellent,29.0,46.0,35.0,7.0,0.77,25.0
广州,2023-12-05,36.0,excellent,20.0,37.0,35.0,7.0,0.85,28.0
广州,2023-12-06,40.0,excellent,23.0,40.0,38.0,7.0,0.86,18.0
广州,2023-12-07,41.0,excellent,21.0,43.0,44.0,7.0,0.64,41.0
广州,2023-12-08,63.0,good,38.0,76.0,64.0,8.0,0.76,55.0
广州,2023-12-09,63.0,good,39.0,76.0,64.0,7.0,0.79,49.0
广州,2023-12-10,47.0,excellent,23.0,48.0,39.0,6.0,0.68,54.0
广州,2023-12-11,53.0,good,30.0,58.0,50.0,5.0,0.76,47.0
广州,2023-12-12,45.0,excellent,26.0,49.0,36.0,6.0,0.82,36.0
广州,2023-12-13,43.0,excellent,25.0,46.0,38.0,6.0,0.8,16.0
广州,2023-12-14,60.0,good,40.0,70.0,55.0,7.0,0.97,25.0
广州,2023-12-15,61.0,good,38.0,72.0,60.0,6.0,0.91,43.0
广州,2023-12-16,23.0,excellent,8.0,23.0,21.0,5.0,0.81,26.0
广州,2023-12-17,30.0,excellent,19.0,30.0,17.0,5.0,0.68,36.0
广州,2023-12-18,35.0,excellent,23.0,35.0,27.0,5.0,0.75,14.0
广州,2023-12-19,13.0,excellent,6.0,13.0,22.0,5.0,0.73,12.0
广州,2023-12-20,25.0,excellent,16.0,25.0,17.0,5.0,0.65,32.0
广州,2023-12-21,31.0,excellent,20.0,30.0,15.0,5.0,0.63,43.0
广州,2023-12-22,55.0,good,36.0,60.0,19.0,6.0,0.57,76.0
广州,2023-12-23,43.0,excellent,27.0,43.0,24.0,6.0,0.53,60.0
广州,2023-12-24,40.0,excellent,25.0,40.0,27.0,7.0,0.52,62.0
广州,2023-12-25,43.0,excellent,22.0,46.0,35.0,6.0,0.53,58.0
广州,2023-12-26,63.0,good,36.0,77.0,66.0,7.0,0.73,30.0
广州,2023-12-27,75.0,good,51.0,100.0,74.0,8.0,0.93,34.0
广州,2023-12-28,74.0,good,50.0,98.0,75.0,8.0,0.98,38.0
广州,2023-12-29,73.0,good,51.0,96.0,74.0,8.0,0.94,45.0
广州,2023-12-30,77.0,good,56.0,84.0,71.0,5.0,0.93,25.0
广州,2023-12-31,73.0,good,53.0,76.0,57.0,6.0,1.01,45.0
深圳,2023-01-01,49.0,excellent,31.0,50.0,28.0,6.0,0.82,39.0
深圳,2023-01-02,50.0,excellent,32.0,51.0,25.0,6.0,0.76,50.0
深圳,2023-01-03,46.0,excellent,31.0,46.0,22.0,5.0,0.7,46.0
深圳,2023-01-04,48.0,excellent,32.0,49.0,26.0,5.0,0.73,48.0
深圳,2023-01-05,52.0,good,32.0,56.0,38.0,5.0,0.73,59.0
深圳,2023-01-06,41.0,excellent,24.0,42.0,30.0,5.0,0.63,56.0
深圳,2023-01-07,43.0,excellent,26.0,43.0,25.0,6.0,0.61,78.0
深圳,2023-01-08,48.0,excellent,23.0,49.0,27.0,7.0,0.58,71.0
深圳,2023-01-09,48.0,excellent,29.0,50.0,33.0,5.0,0.66,43.0
深圳,2023-01-10,14.0,excellent,8.0,14.0,23.0,4.0,0.66,22.0
深圳,2023-01-11,23.0,excellent,15.0,23.0,25.0,4.0,0.65,22.0
深圳,2023-01-12,21.0,excellent,11.0,21.0,17.0,4.0,0.55,49.0
深圳,2023-01-13,24.0,excellent,11.0,23.0,23.0,4.0,0.6,26.0
深圳,2023-01-14,17.0,excellent,9.0,16.0,22.0,4.0,0.58,19.0
深圳,2023-01-15,19.0,excellent,10.0,18.0,18.0,4.0,0.81,23.0
深圳,2023-01-16,16.0,excellent,7.0,14.0,9.0,4.0,0.59,44.0
深圳,2023-01-17,30.0,excellent,17.0,30.0,10.0,4.0,0.6,41.0
深圳,2023-01-18,34.0,excellent,20.0,34.0,10.0,5.0,0.6,62.0
深圳,2023-01-19,37.0,excellent,24.0,37.0,15.0,5.0,0.61,62.0
深圳,2023-01-20,40.0,excellent,26.0,40.0,13.0,5.0,0.63,62.0
深圳,2023-01-21,44.0,excellent,29.0,44.0,11.0,5.0,0.63,66.0
深圳,2023-01-22,55.0,good,39.0,48.0,12.0,6.0,0.63,57.0
深圳,2023-01-23,54.0,good,38.0,47.0,14.0,5.0,0.64,45.0
深圳,2023-01-24,40.0,excellent,25.0,41.0,6.0,5.0,0.64,63.0
深圳,2023-01-25,59.0,good,39.0,69.0,7.0,5.0,0.6,74.0
深圳,2023-01-26,51.0,good,34.0,53.0,13.0,5.0,0.65,59.0
深圳,2023-01-27,50.0,excellent,30.0,54.0,7.0,5.0,0.6,70.0
深圳,2023-01-28,57.0,good,27.0,64.0,7.0,5.0,0.51,89.0
深圳,2023-01-29,52.0,good,27.0,54.0,12.0,5.0,0.53,86.0
深圳,2023-01-30,44.0,excellent,26.0,45.0,22.0,5.0,0.6,75.0
深圳,2023-01-31,38.0,excellent,19.0,37.0,17.0,5.0,0.6,86.0
深圳,2023-02-01,41.0,excellent,16.0,41.0,16.0,5.0,0.6,72.0
深圳,2023-02-02,40.0,excellent,21.0,41.0,15.0,5.0,0.66,79.0
深圳,2023-02-03,42.0,excellent,22.0,42.0,14.0,5.0,0.61,87.0
深圳,2023-02-04,38.0,excellent,23.0,38.0,14.0,5.0,0.63,71.0
深圳,2023-02-05,46.0,excellent,31.0,46.0,20.0,5.0,0.74,42.0
深圳,2023-02-06,28.0,excellent,18.0,27.0,24.0,4.0,0.83,26.0
深圳,2023-02-07,27.0,excellent,15.0,27.0,29.0,5.0,0.75,35.0
深圳,2023-02-08,21.0,excellent,10.0,18.0,14.0,5.0,0.69,65.0
深圳,2023-02-09,25.0,excellent,12.0,23.0,20.0,5.0,0.64,61.0
深圳,2023-02-10,27.0,excellent,14.0,27.0,27.0,5.0,0.72,37.0
深圳,2023-02-11,20.0,excellent,10.0,17.0,12.0,5.0,0.76,59.0
深圳,2023-02-12,22.0,excellent,12.0,21.0,12.0,5.0,0.7,55.0
深圳,2023-02-13,21.0,excellent,10.0,21.0,21.0,5.0,0.63,34.0
深圳,2023-02-14,18.0,excellent,7.0,18.0,17.0,5.0,0.86,44.0
深圳,2023-02-15,29.0,excellent,14.0,29.0,15.0,5.0,0.73,69.0
深圳,2023-02-16,43.0,excellent,23.0,44.0,19.0,6.0,0.67,85.0
深圳,2023-02-17,50.0,excellent,24.0,53.0,27.0,6.0,0.62,103.0
深圳,2023-02-18,49.0,excellent,25.0,52.0,37.0,5.0,0.65,66.0
深圳,2023-02-19,51.0,good,25.0,54.0,28.0,6.0,0.65,81.0
深圳,2023-02-20,57.0,good,39.0,62.0,18.0,6.0,0.87,99.0
深圳,2023-02-21,61.0,good,39.0,71.0,17.0,6.0,0.73,103.0
深圳,2023-02-22,43.0,excellent,15.0,44.0,20.0,6.0,0.5,97.0
深圳,2023-02-23,47.0,excellent,23.0,50.0,28.0,6.0,0.55,98.0
深圳,2023-02-24,47.0,excellent,26.0,52.0,24.0,7.0,0.64,97.0
深圳,2023-02-25,49.0,excellent,30.0,51.0,16.0,5.0,0.75,75.0
深圳,2023-02-26,48.0,excellent,30.0,49.0,16.0,6.0,0.68,88.0
深圳,2023-02-27,45.0,excellent,18.0,46.0,21.0,6.0,0.55,96.0
深圳,2023-02-28,41.0,excellent,15.0,41.0,22.0,5.0,0.54,86.0
深圳,2023-03-01,72.0,good,38.0,77.0,48.0,6.0,0.71,109.0
深圳,2023-03-02,69.0,good,49.0,85.0,39.0,7.0,0.76,103.0
深圳,2023-03-03,60.0,good,35.0,69.0,26.0,6.0,0.7,122.0
深圳,2023-03-04,57.0,good,32.0,65.0,28.0,6.0,0.7,117.0
深圳,2023-03-05,50.0,excellent,26.0,51.0,22.0,6.0,0.69,117.0
深圳,2023-03-06,50.0,excellent,21.0,51.0,22.0,6.0,0.55,116.0
深圳,2023-03-07,46.0,excellent,19.0,46.0,29.0,5.0,0.5,95.0
深圳,2023-03-08,49.0,excellent,22.0,51.0,38.0,5.0,0.58,56.0
深圳,2023-03-09,59.0,good,31.0,66.0,45.0,6.0,0.68,76.0
深圳,2023-03-10,49.0,excellent,25.0,46.0,19.0,6.0,0.6,121.0
深圳,2023-03-11,45.0,excellent,22.0,45.0,22.0,5.0,0.61,98.0
深圳,2023-03-12,52.0,good,27.0,56.0,29.0,5.0,0.7,71.0
深圳,2023-03-13,76.0,good,36.0,103.0,22.0,6.0,0.7,98.0
深圳,2023-03-14,62.0,good,27.0,73.0,19.0,5.0,0.61,106.0
深圳,2023-03-15,54.0,good,26.0,59.0,26.0,5.0,0.6,95.0
深圳,2023-03-16,51.0,good,27.0,54.0,25.0,5.0,0.63,93.0
深圳,2023-03-17,38.0,excellent,18.0,38.0,20.0,5.0,0.53,79.0
深圳,2023-03-18,47.0,excellent,28.0,47.0,24.0,5.0,0.6,75.0
深圳,2023-03-19,29.0,excellent,15.0,29.0,12.0,5.0,0.59,83.0
深圳,2023-03-20,33.0,excellent,16.0,31.0,15.0,5.0,0.6,78.0
深圳,2023-03-21,30.0,excellent,13.0,30.0,20.0,5.0,0.56,39.0
深圳,2023-03-22,27.0,excellent,14.0,27.0,17.0,5.0,0.53,32.0
深圳,2023-03-23,28.0,excellent,15.0,28.0,16.0,5.0,0.51,32.0
深圳,2023-03-24,33.0,excellent,21.0,33.0,14.0,5.0,0.54,44.0
深圳,2023-03-25,28.0,excellent,16.0,26.0,15.0,5.0,0.65,50.0
深圳,2023-03-26,15.0,excellent,7.0,13.0,18.0,5.0,0.81,34.0
深圳,2023-03-27,15.0,excellent,7.0,15.0,20.0,5.0,0.79,27.0
深圳,2023-03-28,31.0,excellent,16.0,31.0,26.0,5.0,0.81,17.0
深圳,2023-03-29,36.0,excellent,18.0,36.0,22.0,5.0,0.71,70.0
深圳,2023-03-30,38.0,excellent,22.0,38.0,23.0,5.0,0.73,59.0
深圳,2023-03-31,27.0,excellent,12.0,23.0,17.0,4.0,0.66,72.0
深圳,2023-04-01,29.0,excellent,15.0,27.0,15.0,5.0,0.63,79.0
深圳,2023-04-02,26.0,excellent,14.0,24.0,12.0,4.0,0.6,78.0
深圳,2023-04-03,30.0,excellent,16.0,29.0,13.0,5.0,0.57,84.0
深圳,2023-04-04,32.0,excellent,15.0,32.0,15.0,5.0,0.57,62.0
深圳,2023-04-05,28.0,excellent,14.0,28.0,16.0,5.0,0.55,31.0
深圳,2023-04-06,26.0,excellent,15.0,26.0,19.0,5.0,0.58,19.0
深圳,2023-04-07,24.0,excellent,10.0,20.0,16.0,5.0,0.71,72.0
深圳,2023-04-08,52.0,good,26.0,58.0,19.0,6.0,0.63,74.0
深圳,2023-04-09,61.0,good,36.0,72.0,27.0,6.0,0.66,73.0
深圳,2023-04-10,37.0,excellent,13.0,36.0,18.0,6.0,0.51,96.0
深圳,2023-04-11,38.0,excellent,14.0,38.0,17.0,5.0,0.56,73.0
深圳,2023-04-12,42.0,excellent,18.0,42.0,30.0,5.0,0.62,50.0
深圳,2023-04-13,48.0,excellent,23.0,49.0,13.0,5.0,0.6,100.0
深圳,2023-04-14,58.0,good,26.0,66.0,25.0,5.0,0.6,57.0
深圳,2023-04-15,52.0,good,25.0,57.0,30.0,6.0,0.75,68.0
深圳,2023-04-16,56.0,good,25.0,51.0,32.0,6.0,0.84,96.0
深圳,2023-04-17,39.0,excellent,24.0,39.0,14.0,5.0,0.75,91.0
深圳,2023-04-18,33.0,excellent,19.0,33.0,17.0,5.0,0.67,52.0
深圳,2023-04-19,31.0,excellent,17.0,28.0,26.0,5.0,0.76,48.0
深圳,2023-04-20,37.0,excellent,19.0,34.0,29.0,5.0,0.82,61.0
深圳,2023-04-21,29.0,excellent,8.0,22.0,14.0,5.0,0.7,88.0
深圳,2023-04-22,35.0,excellent,17.0,35.0,11.0,5.0,0.6,91.0
深圳,2023-04-23,46.0,excellent,22.0,46.0,11.0,5.0,0.6,90.0
深圳,2023-04-24,45.0,excellent,24.0,45.0,19.0,5.0,0.67,69.0
深圳,2023-04-25,34.0,excellent,19.0,34.0,29.0,5.0,0.86,17.0
深圳,2023-04-26,23.0,excellent,8.0,19.0,17.0,5.0,0.73,67.0
深圳,2023-04-27,36.0,excellent,17.0,34.0,16.0,6.0,0.69,98.0
深圳,2023-04-28,33.0,excellent,15.0,29.0,15.0,5.0,0.6,97.0
深圳,2023-04-29,32.0,excellent,17.0,32.0,22.0,5.0,0.64,67.0
深圳,2023-04-30,40.0,excellent,16.0,41.0,18.0,6.0,0.65,90.0
深圳,2023-05-01,42.0,excellent,18.0,40.0,11.0,6.0,0.65,108.0
深圳,2023-05-02,42.0,excellent,15.0,42.0,12.0,6.0,0.53,120.0
深圳,2023-05-03,32.0,excellent,14.0,32.0,11.0,5.0,0.52,77.0
深圳,2023-05-04,26.0,excellent,10.0,26.0,12.0,5.0,0.49,48.0
深圳,2023-05-05,22.0,excellent,8.0,22.0,14.0,5.0,0.5,41.0
深圳,2023-05-06,21.0,excellent,9.0,21.0,12.0,5.0,0.5,42.0
深圳,2023-05-07,25.0,excellent,11.0,22.0,19.0,5.0,0.6,44.0
深圳,2023-05-08,28.0,excellent,17.0,28.0,17.0,5.0,0.79,44.0
深圳,2023-05-09,33.0,excellent,14.0,28.0,15.0,5.0,0.67,78.0
深圳,2023-05-10,40.0,excellent,16.0,38.0,12.0,6.0,0.54,116.0
深圳,2023-05-11,41.0,excellent,18.0,39.0,17.0,6.0,0.56,106.0
深圳,2023-05-12,35.0,excellent,19.0,35.0,25.0,5.0,0.69,52.0
深圳,2023-05-13,30.0,excellent,17.0,30.0,26.0,5.0,0.8,44.0
深圳,2023-05-14,39.0,excellent,26.0,39.0,28.0,5.0,0.8,46.0
深圳,2023-05-15,42.0,excellent,25.0,37.0,22.0,5.0,0.73,86.0
深圳,2023-05-16,31.0,excellent,13.0,22.0,20.0,4.0,0.65,67.0
深圳,2023-05-17,19.0,excellent,6.0,15.0,17.0,4.0,0.6,50.0
深圳,2023-05-18,42.0,excellent,23.0,42.0,20.0,4.0,0.61,55.0
深圳,2023-05-19,45.0,excellent,27.0,45.0,20.0,4.0,0.64,55.0
深圳,2023-05-20,36.0,excellent,21.0,36.0,12.0,4.0,0.6,53.0
深圳,2023-05-21,22.0,excellent,11.0,22.0,11.0,4.0,0.57,42.0
深圳,2023-05-22,25.0,excellent,11.0,25.0,14.0,4.0,0.54,46.0
深圳,2023-05-23,30.0,excellent,13.0,30.0,14.0,4.0,0.62,62.0
深圳,2023-05-24,51.0,good,26.0,54.0,14.0,4.0,0.62,89.0
深圳,2023-05-25,41.0,excellent,21.0,44.0,11.0,4.0,0.58,75.0
深圳,2023-05-26,26.0,excellent,11.0,26.0,10.0,4.0,0.53,48.0
深圳,2023-05-27,28.0,excellent,14.0,28.0,10.0,4.0,0.59,57.0
深圳,2023-05-28,30.0,excellent,13.0,29.0,13.0,4.0,0.6,69.0
深圳,2023-05-29,45.0,excellent,20.0,43.0,24.0,5.0,0.64,91.0
深圳,2023-05-30,75.0,good,36.0,64.0,33.0,5.0,0.78,126.0
深圳,2023-05-31,62.0,good,38.0,64.0,33.0,5.0,0.79,102.0
深圳,2023-06-01,49.0,excellent,21.0,36.0,26.0,4.0,0.78,113.0
深圳,2023-06-02,45.0,excellent,22.0,37.0,21.0,4.0,0.75,109.0
深圳,2023-06-03,26.0,excellent,13.0,25.0,17.0,4.0,0.65,70.0
深圳,2023-06-04,17.0,excellent,7.0,16.0,8.0,4.0,0.53,49.0
深圳,2023-06-05,20.0,excellent,9.0,20.0,8.0,4.0,0.55,45.0
深圳,2023-06-06,16.0,excellent,5.0,15.0,13.0,4.0,0.58,41.0
深圳,2023-06-07,16.0,excellent,5.0,16.0,16.0,4.0,0.6,32.0
深圳,2023-06-08,14.0,excellent,3.0,13.0,13.0,4.0,0.57,33.0
深圳,2023-06-09,14.0,excellent,4.0,13.0,14.0,4.0,0.61,36.0
深圳,2023-06-10,21.0,excellent,9.0,19.0,17.0,5.0,0.63,38.0
深圳,2023-06-11,24.0,excellent,9.0,19.0,15.0,4.0,0.65,59.0
深圳,2023-06-12,22.0,excellent,8.0,16.0,11.0,5.0,0.64,65.0
深圳,2023-06-13,27.0,excellent,13.0,25.0,17.0,5.0,0.68,65.0
深圳,2023-06-14,25.0,excellent,14.0,23.0,21.0,5.0,0.74,66.0
深圳,2023-06-15,23.0,excellent,11.0,21.0,21.0,5.0,0.81,57.0
深圳,2023-06-16,17.0,excellent,6.0,13.0,22.0,4.0,0.72,41.0
深圳,2023-06-17,15.0,excellent,5.0,14.0,22.0,4.0,0.66,23.0
深圳,2023-06-18,16.0,excellent,6.0,16.0,16.0,4.0,0.64,21.0
深圳,2023-06-19,17.0,excellent,6.0,17.0,12.0,4.0,0.61,31.0
深圳,2023-06-20,20.0,excellent,8.0,20.0,12.0,4.0,0.59,36.0
深圳,2023-06-21,19.0,excellent,7.0,19.0,12.0,4.0,0.54,37.0
深圳,2023-06-22,18.0,excellent,7.0,18.0,9.0,4.0,0.51,42.0
深圳,2023-06-23,20.0,excellent,7.0,20.0,14.0,4.0,0.57,36.0
深圳,2023-06-24,19.0,excellent,8.0,19.0,15.0,4.0,0.62,23.0
深圳,2023-06-25,20.0,excellent,10.0,20.0,13.0,4.0,0.59,25.0
深圳,2023-06-26,16.0,excellent,5.0,14.0,14.0,4.0,0.62,29.0
深圳,2023-06-27,16.0,excellent,5.0,15.0,12.0,4.0,0.6,31.0
深圳,2023-06-28,13.0,excellent,4.0,13.0,13.0,4.0,0.64,17.0
深圳,2023-06-29,19.0,excellent,6.0,17.0,14.0,4.0,0.65,42.0
深圳,2023-06-30,19.0,excellent,9.0,18.0,16.0,4.0,0.65,30.0
深圳,2023-07-01,13.0,excellent,7.0,13.0,15.0,4.0,0.64,25.0
深圳,2023-07-02,13.0,excellent,5.0,13.0,18.0,4.0,0.69,23.0
深圳,2023-07-03,15.0,excellent,5.0,14.0,15.0,4.0,0.65,31.0
深圳,2023-07-04,17.0,excellent,6.0,17.0,19.0,4.0,0.63,25.0
深圳,2023-07-05,21.0,excellent,8.0,21.0,16.0,5.0,0.58,24.0
深圳,2023-07-06,17.0,excellent,6.0,17.0,12.0,5.0,0.53,24.0
深圳,2023-07-07,21.0,excellent,12.0,21.0,12.0,5.0,0.5,25.0
深圳,2023-07-08,18.0,excellent,9.0,18.0,14.0,5.0,0.51,30.0
深圳,2023-07-09,13.0,excellent,4.0,12.0,13.0,5.0,0.5,27.0
深圳,2023-07-10,15.0,excellent,4.0,14.0,15.0,5.0,0.52,31.0
深圳,2023-07-11,14.0,excellent,3.0,14.0,15.0,5.0,0.51,29.0
深圳,2023-07-12,13.0,excellent,3.0,13.0,14.0,5.0,0.52,37.0
深圳,2023-07-13,17.0,excellent,7.0,16.0,17.0,5.0,0.56,40.0
深圳,2023-07-14,25.0,excellent,10.0,23.0,21.0,5.0,0.6,62.0
深圳,2023-07-15,46.0,excellent,22.0,42.0,29.0,5.0,0.72,86.0
深圳,2023-07-16,22.0,excellent,10.0,22.0,13.0,5.0,0.67,51.0
深圳,2023-07-17,21.0,excellent,6.0,21.0,6.0,5.0,0.6,55.0
深圳,2023-07-18,27.0,excellent,11.0,27.0,9.0,5.0,0.61,46.0
深圳,2023-07-19,17.0,excellent,6.0,17.0,11.0,5.0,0.6,31.0
深圳,2023-07-20,15.0,excellent,5.0,15.0,13.0,5.0,0.6,29.0
深圳,2023-07-21,19.0,excellent,8.0,19.0,21.0,5.0,0.61,24.0
深圳,2023-07-22,16.0,excellent,5.0,16.0,18.0,5.0,0.6,28.0
深圳,2023-07-23,13.0,excellent,3.0,13.0,13.0,5.0,0.6,31.0
深圳,2023-07-24,15.0,excellent,4.0,14.0,15.0,5.0,0.6,30.0
深圳,2023-07-25,24.0,excellent,8.0,23.0,22.0,5.0,0.61,41.0
深圳,2023-07-26,46.0,excellent,23.0,46.0,28.0,5.0,0.71,80.0
深圳,2023-07-27,32.0,excellent,14.0,30.0,18.0,5.0,0.63,56.0
深圳,2023-07-28,29.0,excellent,12.0,28.0,21.0,5.0,0.66,57.0
深圳,2023-07-29,26.0,excellent,14.0,26.0,16.0,5.0,0.72,57.0
深圳,2023-07-30,19.0,excellent,8.0,19.0,13.0,5.0,0.68,34.0
深圳,2023-07-31,17.0,excellent,6.0,17.0,10.0,5.0,0.61,33.0
深圳,2023-08-01,21.0,excellent,9.0,21.0,14.0,5.0,0.61,36.0
深圳,2023-08-02,27.0,excellent,13.0,26.0,16.0,6.0,0.58,52.0
深圳,2023-08-03,27.0,excellent,11.0,25.0,23.0,5.0,0.6,53.0
深圳,2023-08-04,19.0,excellent,7.0,17.0,14.0,5.0,0.59,42.0
深圳,2023-08-05,24.0,excellent,9.0,24.0,13.0,5.0,0.58,43.0
深圳,2023-08-06,30.0,excellent,11.0,30.0,12.0,5.0,0.59,43.0
深圳,2023-08-07,26.0,excellent,10.0,26.0,17.0,5.0,0.6,35.0
深圳,2023-08-08,27.0,excellent,11.0,27.0,20.0,5.0,0.6,36.0
深圳,2023-08-09,27.0,excellent,11.0,27.0,19.0,5.0,0.61,49.0
深圳,2023-08-10,28.0,excellent,13.0,28.0,26.0,5.0,0.66,27.0
深圳,2023-08-11,29.0,excellent,16.0,28.0,27.0,5.0,0.7,54.0
深圳,2023-08-12,18.0,excellent,6.0,16.0,18.0,5.0,0.61,37.0
深圳,2023-08-13,21.0,excellent,9.0,21.0,16.0,5.0,0.65,38.0
深圳,2023-08-14,26.0,excellent,12.0,26.0,19.0,5.0,0.67,32.0
深圳,2023-08-15,29.0,excellent,13.0,29.0,17.0,5.0,0.63,33.0
深圳,2023-08-16,33.0,excellent,15.0,33.0,16.0,5.0,0.64,44.0
深圳,2023-08-17,36.0,excellent,18.0,36.0,23.0,5.0,0.68,31.0
深圳,2023-08-18,32.0,excellent,16.0,31.0,28.0,5.0,0.75,39.0
深圳,2023-08-19,33.0,excellent,17.0,31.0,28.0,5.0,0.78,44.0
深圳,2023-08-20,21.0,excellent,8.0,21.0,19.0,5.0,0.64,26.0
深圳,2023-08-21,18.0,excellent,6.0,17.0,15.0,5.0,0.6,25.0
深圳,2023-08-22,18.0,excellent,7.0,18.0,19.0,6.0,0.58,28.0
深圳,2023-08-23,22.0,excellent,8.0,22.0,17.0,6.0,0.58,33.0
深圳,2023-08-24,16.0,excellent,6.0,16.0,16.0,5.0,0.6,31.0
深圳,2023-08-25,22.0,excellent,9.0,22.0,21.0,5.0,0.63,29.0
深圳,2023-08-26,23.0,excellent,10.0,23.0,21.0,5.0,0.65,30.0
深圳,2023-08-27,18.0,excellent,7.0,18.0,14.0,5.0,0.6,33.0
深圳,2023-08-28,19.0,excellent,8.0,18.0,17.0,5.0,0.61,33.0
深圳,2023-08-29,24.0,excellent,12.0,23.0,22.0,5.0,0.68,37.0
深圳,2023-08-30,25.0,excellent,14.0,24.0,15.0,5.0,0.78,58.0
深圳,2023-08-31,22.0,excellent,10.0,21.0,13.0,5.0,0.73,56.0
深圳,2023-09-01,17.0,excellent,8.0,15.0,8.0,5.0,0.64,46.0
深圳,2023-09-02,22.0,excellent,5.0,11.0,6.0,5.0,0.6,68.0
深圳,2023-09-03,23.0,excellent,11.0,21.0,16.0,5.0,0.63,50.0
深圳,2023-09-04,40.0,excellent,23.0,40.0,24.0,6.0,0.73,61.0
深圳,2023-09-05,37.0,excellent,21.0,37.0,24.0,6.0,0.7,45.0
深圳,2023-09-06,35.0,excellent,20.0,35.0,27.0,6.0,0.7,52.0
深圳,2023-09-07,22.0,excellent,12.0,21.0,27.0,5.0,0.68,32.0
深圳,2023-09-08,17.0,excellent,5.0,11.0,16.0,5.0,0.6,48.0
深圳,2023-09-09,17.0,excellent,7.0,14.0,15.0,5.0,0.6,52.0
深圳,2023-09-10,16.0,excellent,5.0,12.0,15.0,5.0,0.53,45.0
深圳,2023-09-11,12.0,excellent,4.0,11.0,15.0,5.0,0.55,25.0
深圳,2023-09-12,12.0,excellent,4.0,12.0,15.0,5.0,0.51,28.0
深圳,2023-09-13,13.0,excellent,4.0,13.0,14.0,5.0,0.5,31.0
深圳,2023-09-14,12.0,excellent,5.0,12.0,18.0,5.0,0.55,23.0
深圳,2023-09-15,14.0,excellent,5.0,14.0,18.0,4.0,0.58,19.0
深圳,2023-09-16,15.0,excellent,5.0,14.0,16.0,5.0,0.59,32.0
深圳,2023-09-17,19.0,excellent,8.0,19.0,16.0,5.0,0.61,33.0
深圳,2023-09-18,19.0,excellent,8.0,18.0,18.0,5.0,0.6,31.0
深圳,2023-09-19,20.0,excellent,9.0,20.0,20.0,5.0,0.61,35.0
深圳,2023-09-20,20.0,excellent,9.0,20.0,22.0,5.0,0.57,39.0
深圳,2023-09-21,34.0,excellent,16.0,33.0,29.0,5.0,0.62,68.0
深圳,2023-09-22,34.0,excellent,19.0,34.0,27.0,5.0,0.67,72.0
深圳,2023-09-23,27.0,excellent,12.0,25.0,18.0,5.0,0.64,55.0
深圳,2023-09-24,21.0,excellent,7.0,20.0,13.0,5.0,0.59,52.0
深圳,2023-09-25,24.0,excellent,9.0,24.0,12.0,5.0,0.58,65.0
深圳,2023-09-26,23.0,excellent,9.0,21.0,13.0,6.0,0.6,67.0
深圳,2023-09-27,29.0,excellent,14.0,28.0,13.0,5.0,0.59,74.0
深圳,2023-09-28,26.0,excellent,13.0,26.0,13.0,5.0,0.59,69.0
深圳,2023-09-29,22.0,excellent,9.0,20.0,11.0,5.0,0.6,67.0
深圳,2023-09-30,28.0,excellent,16.0,28.0,15.0,5.0,0.63,68.0
深圳,2023-10-01,31.0,excellent,15.0,27.0,15.0,5.0,0.7,70.0
深圳,2023-10-02,31.0,excellent,12.0,27.0,8.0,5.0,0.71,98.0
深圳,2023-10-03,40.0,excellent,19.0,40.0,14.0,5.0,0.7,102.0
深圳,2023-10-04,47.0,excellent,27.0,48.0,19.0,6.0,0.81,74.0
深圳,2023-10-05,30.0,excellent,15.0,29.0,12.0,6.0,0.72,70.0
深圳,2023-10-06,31.0,excellent,13.0,30.0,12.0,6.0,0.64,84.0
深圳,2023-10-07,16.0,excellent,5.0,12.0,12.0,6.0,0.62,50.0
深圳,2023-10-08,11.0,excellent,2.0,8.0,12.0,5.0,0.66,34.0
深圳,2023-10-09,12.0,excellent,5.0,11.0,15.0,5.0,0.73,24.0
深圳,2023-10-10,16.0,excellent,7.0,16.0,15.0,5.0,0.71,35.0
深圳,2023-10-11,21.0,excellent,8.0,21.0,15.0,6.0,0.7,51.0
深圳,2023-10-12,26.0,excellent,13.0,26.0,16.0,6.0,0.72,55.0
深圳,2023-10-13,29.0,excellent,13.0,28.0,16.0,6.0,0.7,62.0
深圳,2023-10-14,40.0,excellent,21.0,39.0,20.0,6.0,0.72,74.0
深圳,2023-10-15,50.0,excellent,31.0,51.0,20.0,6.0,0.8,86.0
深圳,2023-10-16,48.0,excellent,31.0,48.0,18.0,7.0,0.78,102.0
深圳,2023-10-17,44.0,excellent,23.0,44.0,19.0,7.0,0.65,112.0
深圳,2023-10-18,48.0,excellent,27.0,48.0,23.0,6.0,0.72,89.0
深圳,2023-10-19,37.0,excellent,22.0,37.0,20.0,6.0,0.73,75.0
深圳,2023-10-20,32.0,excellent,18.0,32.0,20.0,5.0,0.76,44.0
深圳,2023-11-01,40.0,excellent,16.0,38.0,21.0,4.0,0.51,102.0
深圳,2023-11-02,37.0,excellent,15.0,37.0,21.0,4.0,0.53,83.0
深圳,2023-11-03,38.0,excellent,18.0,36.0,24.0,4.0,0.57,74.0
深圳,2023-11-04,32.0,excellent,15.0,29.0,17.0,4.0,0.57,76.0
深圳,2023-11-05,29.0,excellent,13.0,27.0,20.0,3.0,0.58,60.0
深圳,2023-11-06,42.0,excellent,20.0,43.0,27.0,4.0,0.63,62.0
深圳,2023-11-07,43.0,excellent,18.0,45.0,22.0,4.0,0.64,83.0
深圳,2023-11-08,42.0,excellent,18.0,42.0,13.0,4.0,0.66,102.0
深圳,2023-11-09,40.0,excellent,17.0,40.0,15.0,4.0,0.65,89.0
深圳,2023-11-10,35.0,excellent,16.0,35.0,17.0,3.0,0.61,59.0
深圳,2023-11-11,28.0,excellent,12.0,27.0,12.0,3.0,0.6,64.0
深圳,2023-11-12,21.0,excellent,7.0,20.0,14.0,3.0,0.7,41.0
深圳,2023-11-13,24.0,excellent,9.0,24.0,14.0,3.0,0.67,37.0
深圳,2023-11-14,37.0,excellent,19.0,37.0,21.0,3.0,0.75,42.0
深圳,2023-11-15,36.0,excellent,18.0,34.0,22.0,3.0,0.71,58.0
深圳,2023-11-16,39.0,excellent,19.0,41.0,29.0,4.0,0.75,40.0
深圳,2023-11-17,56.0,good,18.0,64.0,18.0,3.0,0.59,75.0
深圳,2023-11-18,65.0,good,25.0,80.0,27.0,3.0,0.54,69.0
深圳,2023-11-19,64.0,good,30.0,79.0,39.0,4.0,0.65,70.0
深圳,2023-11-20,65.0,good,32.0,79.0,44.0,4.0,0.74,84.0
深圳,2023-11-21,55.0,good,29.0,61.0,42.0,4.0,0.7,82.0
深圳,2023-11-22,50.0,excellent,23.0,52.0,41.0,4.0,0.67,69.0
深圳,2023-11-23,69.0,good,37.0,70.0,47.0,4.0,0.72,91.0
深圳,2023-11-24,59.0,good,37.0,67.0,35.0,5.0,0.73,91.0
深圳,2023-11-25,57.0,good,29.0,65.0,21.0,4.0,0.63,114.0
深圳,2023-11-26,52.0,good,25.0,56.0,29.0,4.0,0.59,82.0
深圳,2023-11-27,63.0,good,42.0,75.0,46.0,4.0,0.76,64.0
深圳,2023-11-28,55.0,good,34.0,60.0,26.0,5.0,0.67,93.0
深圳,2023-11-29,56.0,good,28.0,62.0,26.0,4.0,0.62,98.0
深圳,2023-11-30,59.0,good,35.0,67.0,35.0,5.0,0.7,67.0
深圳,2023-12-01,49.0,excellent,28.0,51.0,19.0,4.0,0.77,66.0
深圳,2023-12-02,52.0,good,31.0,56.0,27.0,4.0,0.79,68.0
深圳,2023-12-03,51.0,good,28.0,53.0,27.0,5.0,0.76,66.0
深圳,2023-12-04,57.0,good,36.0,65.0,36.0,5.0,0.8,56.0
深圳,2023-12-05,47.0,excellent,27.0,50.0,39.0,5.0,0.78,52.0
深圳,2023-12-06,45.0,excellent,25.0,47.0,38.0,4.0,0.75,33.0
深圳,2023-12-07,35.0,excellent,14.0,35.0,31.0,5.0,0.58,66.0
深圳,2023-12-08,53.0,good,24.0,57.0,43.0,5.0,0.67,76.0
深圳,2023-12-09,51.0,good,26.0,54.0,30.0,4.0,0.66,84.0
深圳,2023-12-10,37.0,excellent,17.0,35.0,20.0,4.0,0.61,81.0
深圳,2023-12-11,24.0,excellent,9.0,23.0,29.0,4.0,0.61,44.0
深圳,2023-12-12,48.0,excellent,24.0,50.0,35.0,4.0,0.72,47.0
深圳,2023-12-13,39.0,excellent,19.0,39.0,21.0,4.0,0.67,48.0
深圳,2023-12-14,38.0,excellent,20.0,38.0,23.0,4.0,0.63,58.0
深圳,2023-12-15,27.0,excellent,12.0,26.0,20.0,4.0,0.55,56.0
深圳,2023-12-16,25.0,excellent,7.0,25.0,15.0,4.0,0.69,36.0
深圳,2023-12-17,35.0,excellent,17.0,35.0,16.0,4.0,0.74,30.0
深圳,2023-12-18,49.0,excellent,29.0,55.0,34.0,4.0,0.73,16.0
深圳,2023-12-19,33.0,excellent,16.0,34.0,24.0,4.0,0.63,15.0
深圳,2023-12-20,31.0,excellent,15.0,31.0,16.0,4.0,0.57,32.0
深圳,2023-12-21,33.0,excellent,16.0,33.0,15.0,4.0,0.58,33.0
深圳,2023-12-22,54.0,good,29.0,59.0,20.0,5.0,0.53,65.0
深圳,2023-12-23,48.0,excellent,27.0,49.0,23.0,5.0,0.53,55.0
深圳,2023-12-24,44.0,excellent,26.0,44.0,24.0,5.0,0.55,59.0
深圳,2023-12-25,48.0,excellent,26.0,51.0,33.0,5.0,0.55,60.0
深圳,2023-12-26,63.0,good,38.0,76.0,57.0,5.0,0.62,53.0
深圳,2023-12-27,65.0,good,40.0,80.0,70.0,6.0,0.65,46.0
深圳,2023-12-28,66.0,good,44.0,82.0,64.0,6.0,0.65,65.0
深圳,2023-12-29,56.0,good,36.0,64.0,43.0,5.0,0.6,58.0
深圳,2023-12-30,58.0,good,36.0,66.0,50.0,5.0,0.6,62.0
深圳,2023-12-31,65.0,good,46.0,73.0,47.0,5.0,0.7,69.0
杭州,2023-01-01,120.0,lightly_polluted,90.0,119.0,62.0,7.0,0.93,19.0
杭州,2023-01-02,109.0,lightly_polluted,82.0,107.0,52.0,6.0,0.85,36.0
杭州,2023-01-03,68.0,good,49.0,65.0,37.0,6.0,0.73,40.0
杭州,2023-01-04,64.0,good,46.0,66.0,41.0,7.0,0.67,38.0
杭州,2023-01-05,86.0,good,63.0,93.0,59.0,7.0,0.74,17.0
杭州,2023-01-06,70.0,good,51.0,78.0,49.0,7.0,0.76,28.0
杭州,2023-01-07,69.0,good,49.0,77.0,48.0,7.0,0.68,35.0
杭州,2023-01-08,69.0,good,49.0,82.0,52.0,6.0,0.73,35.0
杭州,2023-01-09,91.0,good,67.0,107.0,54.0,7.0,0.82,37.0
杭州,2023-01-10,66.0,good,41.0,77.0,26.0,6.0,0.58,66.0
杭州,2023-01-11,56.0,good,35.0,63.0,43.0,6.0,0.6,35.0
杭州,2023-01-12,60.0,good,41.0,66.0,45.0,6.0,0.75,27.0
杭州,2023-01-13,33.0,excellent,22.0,30.0,41.0,6.0,0.8,9.0
杭州,2023-01-14,15.0,excellent,7.0,9.0,23.0,5.0,0.61,29.0
杭州,2023-01-15,22.0,excellent,15.0,18.0,14.0,5.0,0.5,48.0
杭州,2023-01-16,49.0,excellent,31.0,50.0,16.0,6.0,0.61,61.0
杭州,2023-01-17,61.0,good,43.0,66.0,18.0,6.0,0.62,60.0
杭州,2023-01-18,61.0,good,41.0,64.0,20.0,7.0,0.66,59.0
杭州,2023-01-19,70.0,good,50.0,83.0,25.0,6.0,0.72,56.0
杭州,2023-01-20,84.0,good,58.0,113.0,20.0,7.0,0.7,69.0
杭州,2023-01-21,83.0,good,37.0,115.0,12.0,5.0,0.47,71.0
杭州,2023-01-22,103.0,lightly_polluted,76.0,117.0,12.0,5.0,0.52,40.0
杭州,2023-01-23,42.0,excellent,29.0,38.0,9.0,5.0,0.58,49.0
杭州,2023-01-24,52.0,good,34.0,53.0,6.0,5.0,0.55,67.0
杭州,2023-01-25,51.0,good,35.0,52.0,10.0,5.0,0.57,64.0
杭州,2023-01-26,53.0,good,37.0,50.0,12.0,5.0,0.57,57.0
杭州,2023-01-27,62.0,good,41.0,68.0,11.0,7.0,0.63,70.0
杭州,2023-01-28,56.0,good,35.0,62.0,16.0,6.0,0.63,64.0
杭州,2023-01-29,53.0,good,33.0,56.0,22.0,6.0,0.59,57.0
杭州,2023-01-30,52.0,good,34.0,55.0,25.0,6.0,0.59,56.0
杭州,2023-01-31,52.0,good,36.0,55.0,31.0,6.0,0.63,50.0
杭州,2023-02-01,77.0,good,55.0,81.0,40.0,7.0,0.73,54.0
杭州,2023-02-02,43.0,excellent,17.0,44.0,20.0,5.0,0.44,53.0
杭州,2023-02-03,57.0,good,35.0,63.0,29.0,5.0,0.59,30.0
杭州,2023-02-04,45.0,excellent,24.0,45.0,25.0,5.0,0.53,48.0
杭州,2023-02-05,58.0,good,39.0,57.0,28.0,5.0,0.6,42.0
杭州,2023-02-06,67.0,good,48.0,57.0,35.0,5.0,0.77,13.0
杭州,2023-02-07,30.0,excellent,21.0,25.0,35.0,5.0,0.72,28.0
杭州,2023-02-08,68.0,good,48.0,71.0,33.0,5.0,0.69,59.0
杭州,2023-02-09,28.0,excellent,18.0,25.0,37.0,5.0,0.59,32.0
杭州,2023-02-10,37.0,excellent,26.0,33.0,27.0,5.0,0.67,40.0
杭州,2023-02-11,38.0,excellent,26.0,34.0,31.0,5.0,0.59,43.0
杭州,2023-02-12,21.0,excellent,13.0,17.0,32.0,5.0,0.65,24.0
杭州,2023-02-13,26.0,excellent,14.0,19.0,23.0,5.0,0.8,54.0
杭州,2023-02-14,36.0,excellent,24.0,35.0,21.0,6.0,0.53,65.0
杭州,2023-02-15,51.0,good,33.0,52.0,28.0,7.0,0.54,64.0
杭州,2023-02-16,69.0,good,49.0,73.0,44.0,6.0,0.6,50.0
杭州,2023-02-17,77.0,good,56.0,87.0,54.0,7.0,0.66,37.0
杭州,2023-02-18,80.0,good,57.0,93.0,55.0,7.0,0.82,37.0
杭州,2023-02-19,118.0,lightly_polluted,88.0,119.0,32.0,6.0,0.88,68.0
杭州,2023-02-20,67.0,good,47.0,70.0,41.0,7.0,0.67,56.0
杭州,2023-02-21,52.0,good,31.0,57.0,31.0,6.0,0.5,58.0
杭州,2023-02-22,43.0,excellent,20.0,44.0,25.0,6.0,0.45,62.0
杭州,2023-02-23,55.0,good,35.0,61.0,39.0,6.0,0.53,36.0
杭州,2023-02-24,61.0,good,43.0,56.0,42.0,5.0,0.74,21.0
杭州,2023-02-25,69.0,good,49.0,67.0,32.0,6.0,0.76,54.0
杭州,2023-02-26,37.0,excellent,21.0,38.0,30.0,6.0,0.52,59.0
杭州,2023-02-27,53.0,good,34.0,56.0,34.0,6.0,0.56,61.0
杭州,2023-02-28,50.0,excellent,32.0,54.0,40.0,6.0,0.63,41.0
杭州,2023-03-01,70.0,good,51.0,69.0,42.0,7.0,0.78,41.0
杭州,2023-03-02,84.0,good,62.0,92.0,36.0,7.0,0.67,85.0
杭州,2023-03-03,70.0,good,50.0,83.0,48.0,7.0,0.63,62.0
杭州,2023-03-04,93.0,good,69.0,108.0,59.0,7.0,0.69,56.0
杭州,2023-03-05,94.0,good,70.0,114.0,64.0,7.0,0.75,63.0
杭州,2023-03-06,70.0,good,47.0,87.0,56.0,7.0,0.68,66.0
杭州,2023-03-07,68.0,good,46.0,86.0,62.0,8.0,0.68,68.0
杭州,2023-03-08,69.0,good,47.0,87.0,62.0,7.0,0.8,39.0
杭州,2023-03-09,53.0,good,36.0,57.0,33.0,6.0,0.65,92.0
杭州,2023-03-10,62.0,good,39.0,71.0,48.0,7.0,0.68,77.0
杭州,2023-03-11,63.0,good,37.0,76.0,59.0,7.0,0.64,59.0
杭州,2023-03-12,69.0,good,37.0,86.0,22.0,6.0,0.65,77.0
杭州,2023-03-13,64.0,good,26.0,78.0,30.0,7.0,0.53,72.0
杭州,2023-03-14,61.0,good,30.0,72.0,46.0,7.0,0.62,66.0
杭州,2023-03-15,69.0,good,40.0,89.0,39.0,8.0,0.66,82.0
杭州,2023-03-16,70.0,good,35.0,90.0,22.0,5.0,0.53,86.0
杭州,2023-03-17,37.0,excellent,13.0,37.0,27.0,5.0,0.53,54.0
杭州,2023-03-18,48.0,excellent,33.0,46.0,26.0,5.0,0.61,50.0
杭州,2023-03-19,49.0,excellent,33.0,50.0,36.0,6.0,0.67,40.0
杭州,2023-03-20,46.0,excellent,31.0,43.0,42.0,6.0,0.75,23.0
杭州,2023-03-21,38.0,excellent,24.0,31.0,55.0,5.0,0.87,11.0
杭州,2023-03-22,40.0,excellent,27.0,36.0,59.0,6.0,1.05,5.0
杭州,2023-03-23,24.0,excellent,13.0,23.0,31.0,5.0,0.97,28.0
杭州,2023-03-24,101.0,lightly_polluted,29.0,153.0,29.0,5.0,0.64,54.0
杭州,2023-03-25,52.0,good,20.0,54.0,35.0,6.0,0.66,41.0
杭州,2023-03-26,62.0,good,33.0,75.0,36.0,7.0,0.75,57.0
杭州,2023-03-27,94.0,good,47.0,139.0,38.0,8.0,0.73,80.0
杭州,2023-03-28,88.0,good,56.0,126.0,45.0,7.0,0.74,81.0
杭州,2023-03-29,57.0,good,32.0,68.0,40.0,7.0,0.64,59.0
杭州,2023-03-30,37.0,excellent,23.0,37.0,23.0,5.0,0.63,89.0
杭州,2023-03-31,51.0,good,33.0,53.0,34.0,5.0,0.68,59.0
杭州,2023-04-01,53.0,good,36.0,55.0,38.0,6.0,0.7,57.0
杭州,2023-04-02,56.0,good,34.0,56.0,40.0,7.0,0.7,77.0
杭州,2023-04-03,46.0,excellent,22.0,47.0,42.0,6.0,0.61,66.0
杭州,2023-04-04,35.0,excellent,19.0,35.0,31.0,5.0,0.66,44.0
杭州,2023-04-05,31.0,excellent,21.0,29.0,20.0,5.0,0.68,53.0
杭州,2023-04-06,38.0,excellent,26.0,34.0,28.0,5.0,0.67,54.0
杭州,2023-04-07,40.0,excellent,23.0,40.0,27.0,5.0,0.69,67.0
杭州,2023-04-08,61.0,good,40.0,71.0,39.0,6.0,0.68,85.0
杭州,2023-04-09,57.0,good,34.0,61.0,42.0,7.0,0.61,90.0
杭州,2023-04-10,58.0,good,32.0,65.0,45.0,7.0,0.68,82.0
杭州,2023-04-11,66.0,good,37.0,81.0,47.0,7.0,0.77,53.0
杭州,2023-04-12,290.0,heavily_polluted,72.0,406.0,26.0,7.0,0.49,77.0
杭州,2023-04-13,118.0,lightly_polluted,51.0,186.0,57.0,7.0,0.61,28.0
杭州,2023-04-14,66.0,good,36.0,81.0,32.0,5.0,0.8,48.0
杭州,2023-04-15,69.0,good,39.0,87.0,27.0,6.0,0.78,100.0
杭州,2023-04-16,79.0,good,40.0,109.0,24.0,7.0,0.65,118.0
杭州,2023-04-17,84.0,good,46.0,105.0,35.0,7.0,0.75,111.0
杭州,2023-04-18,65.0,good,35.0,79.0,33.0,6.0,0.75,88.0
杭州,2023-04-19,37.0,excellent,20.0,34.0,18.0,5.0,0.6,78.0
杭州,2023-04-20,28.0,excellent,12.0,24.0,18.0,5.0,0.51,79.0
杭州,2023-04-21,45.0,excellent,22.0,47.0,22.0,5.0,0.51,83.0
杭州,2023-04-22,70.0,good,22.0,90.0,26.0,6.0,0.47,92.0
杭州,2023-04-23,78.0,good,30.0,105.0,21.0,5.0,0.48,74.0
杭州,2023-04-24,40.0,excellent,17.0,40.0,22.0,4.0,0.5,68.0
杭州,2023-04-25,48.0,excellent,23.0,49.0,28.0,5.0,0.57,45.0
杭州,2023-04-26,44.0,excellent,25.0,42.0,25.0,5.0,0.57,81.0
杭州,2023-04-27,56.0,good,35.0,56.0,29.0,6.0,0.6,99.0
杭州,2023-04-28,55.0,good,35.0,60.0,41.0,6.0,0.75,47.0
杭州,2023-04-29,69.0,good,31.0,89.0,25.0,5.0,0.64,44.0
杭州,2023-04-30,83.0,good,31.0,116.0,27.0,6.0,0.58,61.0
杭州,2023-05-01,64.0,good,29.0,78.0,28.0,6.0,0.54,89.0
杭州,2023-05-02,43.0,excellent,15.0,41.0,17.0,6.0,0.42,104.0
杭州,2023-05-03,37.0,excellent,21.0,38.0,25.0,5.0,0.6,57.0
杭州,2023-05-04,42.0,excellent,25.0,43.0,25.0,6.0,0.64,51.0
杭州,2023-05-05,26.0,excellent,13.0,23.0,15.0,5.0,0.6,62.0
杭州,2023-05-06,37.0,excellent,25.0,35.0,22.0,5.0,0.77,44.0
杭州,2023-05-07,27.0,excellent,12.0,20.0,15.0,5.0,0.51,85.0
杭州,2023-05-08,38.0,excellent,23.0,38.0,18.0,5.0,0.47,101.0
杭州,2023-05-09,48.0,excellent,24.0,42.0,26.0,6.0,0.39,101.0
杭州,2023-05-10,54.0,good,30.0,53.0,35.0,7.0,0.43,103.0
杭州,2023-05-11,37.0,excellent,22.0,37.0,37.0,6.0,0.44,72.0
杭州,2023-05-12,45.0,excellent,27.0,45.0,31.0,6.0,0.52,79.0
杭州,2023-05-13,48.0,excellent,29.0,46.0,27.0,6.0,0.58,87.0
杭州,2023-05-14,53.0,good,31.0,54.0,29.0,6.0,0.55,89.0
杭州,2023-05-15,57.0,good,31.0,58.0,32.0,7.0,0.53,98.0
杭州,2023-05-16,54.0,good,31.0,57.0,33.0,7.0,0.55,95.0
杭州,2023-05-17,23.0,excellent,13.0,23.0,23.0,5.0,0.5,58.0
杭州,2023-05-18,24.0,excellent,13.0,20.0,18.0,5.0,0.56,59.0
杭州,2023-05-19,32.0,excellent,17.0,30.0,20.0,6.0,0.5,87.0
杭州,2023-05-20,60.0,good,38.0,57.0,32.0,7.0,0.63,93.0
杭州,2023-05-21,68.0,good,46.0,71.0,32.0,6.0,0.7,88.0
杭州,2023-05-22,50.0,excellent,23.0,60.0,16.0,5.0,0.52,63.0
杭州,2023-05-23,74.0,good,32.0,98.0,21.0,6.0,0.46,90.0
杭州,2023-05-24,52.0,good,24.0,54.0,30.0,6.0,0.47,76.0
杭州,2023-05-25,54.0,good,30.0,55.0,25.0,6.0,0.58,90.0
杭州,2023-05-26,72.0,good,46.0,80.0,35.0,6.0,0.71,96.0
杭州,2023-05-27,53.0,good,34.0,58.0,29.0,6.0,0.74,62.0
杭州,2023-05-28,40.0,excellent,22.0,38.0,20.0,6.0,0.59,81.0
杭州,2023-05-29,58.0,good,33.0,55.0,27.0,6.0,0.65,96.0
杭州,2023-05-30,71.0,good,51.0,74.0,23.0,6.0,0.78,105.0
杭州,2023-05-31,46.0,excellent,31.0,44.0,26.0,5.0,0.82,50.0
杭州,2023-06-01,41.0,excellent,23.0,41.0,21.0,5.0,0.64,93.0
杭州,2023-06-02,73.0,good,32.0,52.0,25.0,6.0,0.76,132.0
杭州,2023-06-03,62.0,good,38.0,66.0,26.0,6.0,0.61,117.0
杭州,2023-06-04,65.0,good,30.0,64.0,27.0,8.0,0.54,128.0
杭州,2023-06-05,56.0,good,34.0,63.0,26.0,6.0,0.64,83.0
杭州,2023-06-06,33.0,excellent,21.0,32.0,23.0,5.0,0.9,52.0
杭州,2023-06-07,39.0,excellent,24.0,38.0,29.0,5.0,0.94,52.0
杭州,2023-06-08,38.0,excellent,20.0,33.0,24.0,5.0,0.75,68.0
杭州,2023-06-09,49.0,excellent,22.0,36.0,19.0,5.0,0.65,99.0
杭州,2023-06-10,62.0,good,31.0,51.0,25.0,6.0,0.68,114.0
杭州,2023-06-11,71.0,good,31.0,55.0,19.0,6.0,0.68,147.0
杭州,2023-06-12,56.0,good,21.0,37.0,14.0,6.0,0.49,130.0
杭州,2023-06-13,43.0,excellent,25.0,43.0,19.0,6.0,0.5,91.0
杭州,2023-06-14,62.0,good,22.0,39.0,20.0,6.0,0.54,119.0
杭州,2023-06-15,70.0,good,29.0,51.0,27.0,6.0,0.62,142.0
杭州,2023-06-16,70.0,good,40.0,64.0,32.0,6.0,0.64,125.0
杭州,2023-06-17,34.0,excellent,23.0,32.0,19.0,5.0,0.55,80.0
杭州,2023-06-18,44.0,excellent,29.0,43.0,27.0,6.0,0.71,42.0
杭州,2023-06-19,27.0,excellent,13.0,26.0,22.0,6.0,0.6,35.0
杭州,2023-06-20,19.0,excellent,10.0,19.0,17.0,5.0,0.58,48.0
杭州,2023-06-21,44.0,excellent,24.0,38.0,19.0,5.0,0.7,101.0
杭州,2023-06-22,63.0,good,40.0,61.0,25.0,5.0,0.78,97.0
杭州,2023-06-23,33.0,excellent,14.0,23.0,14.0,5.0,0.5,82.0
杭州,2023-06-24,21.0,excellent,10.0,14.0,23.0,5.0,0.54,50.0
杭州,2023-06-25,15.0,excellent,7.0,14.0,18.0,5.0,0.56,30.0
杭州,2023-06-26,21.0,excellent,10.0,21.0,18.0,5.0,0.56,26.0
杭州,2023-06-27,26.0,excellent,12.0,24.0,18.0,5.0,0.55,47.0
杭州,2023-06-28,28.0,excellent,12.0,25.0,17.0,6.0,0.5,59.0
杭州,2023-06-29,29.0,excellent,13.0,27.0,17.0,6.0,0.5,59.0
杭州,2023-06-30,29.0,excellent,17.0,29.0,20.0,6.0,0.57,53.0
杭州,2023-07-01,22.0,excellent,12.0,19.0,13.0,5.0,0.48,53.0
杭州,2023-07-02,30.0,excellent,16.0,29.0,21.0,5.0,0.55,48.0
杭州,2023-07-03,27.0,excellent,14.0,25.0,17.0,5.0,0.58,49.0
杭州,2023-07-04,22.0,excellent,10.0,20.0,11.0,5.0,0.49,52.0
杭州,2023-07-05,21.0,excellent,11.0,17.0,17.0,5.0,0.63,53.0
杭州,2023-07-06,27.0,excellent,14.0,26.0,16.0,5.0,0.6,47.0
杭州,2023-07-07,26.0,excellent,14.0,25.0,12.0,6.0,0.5,62.0
杭州,2023-07-08,25.0,excellent,14.0,24.0,12.0,6.0,0.49,60.0
杭州,2023-07-09,29.0,excellent,18.0,29.0,17.0,6.0,0.54,50.0
杭州,2023-07-10,34.0,excellent,18.0,32.0,17.0,6.0,0.55,69.0
杭州,2023-07-11,43.0,excellent,25.0,42.0,21.0,6.0,0.58,89.0
杭州,2023-07-12,42.0,excellent,25.0,40.0,21.0,6.0,0.58,87.0
杭州,2023-07-13,37.0,excellent,22.0,36.0,23.0,6.0,0.57,73.0
杭州,2023-07-14,40.0,excellent,22.0,39.0,23.0,6.0,0.57,69.0
杭州,2023-07-15,49.0,excellent,23.0,40.0,22.0,6.0,0.6,97.0
杭州,2023-07-16,31.0,excellent,17.0,30.0,16.0,5.0,0.6,82.0
杭州,2023-07-17,24.0,excellent,12.0,22.0,15.0,5.0,0.52,49.0
杭州,2023-07-18,30.0,excellent,13.0,26.0,15.0,5.0,0.52,72.0
杭州,2023-07-19,36.0,excellent,20.0,32.0,15.0,5.0,0.59,82.0
杭州,2023-07-20,16.0,excellent,7.0,13.0,14.0,4.0,0.59,47.0
杭州,2023-07-21,21.0,excellent,10.0,18.0,14.0,5.0,0.58,52.0
杭州,2023-07-22,17.0,excellent,7.0,13.0,11.0,4.0,0.53,54.0
杭州,2023-07-23,19.0,excellent,9.0,19.0,14.0,4.0,0.58,40.0
杭州,2023-07-24,32.0,excellent,16.0,29.0,15.0,5.0,0.61,70.0
杭州,2023-07-25,29.0,excellent,15.0,27.0,16.0,5.0,0.56,58.0
杭州,2023-07-26,22.0,excellent,8.0,20.0,11.0,5.0,0.46,49.0
杭州,2023-07-27,18.0,excellent,7.0,18.0,14.0,6.0,0.51,27.0
杭州,2023-07-28,14.0,excellent,6.0,14.0,14.0,5.0,0.51,19.0
杭州,2023-07-29,18.0,excellent,8.0,17.0,12.0,5.0,0.5,35.0
杭州,2023-07-30,22.0,excellent,10.0,22.0,11.0,5.0,0.5,38.0
杭州,2023-07-31,25.0,excellent,11.0,23.0,11.0,5.0,0.49,54.0
杭州,2023-08-01,23.0,excellent,12.0,22.0,10.0,5.0,0.5,36.0
杭州,2023-08-02,25.0,excellent,13.0,25.0,9.0,5.0,0.5,42.0
杭州,2023-08-03,28.0,excellent,13.0,28.0,13.0,5.0,0.51,41.0
杭州,2023-08-04,30.0,excellent,15.0,29.0,12.0,5.0,0.53,53.0
杭州,2023-08-05,32.0,excellent,16.0,30.0,15.0,5.0,0.55,60.0
杭州,2023-08-06,51.0,good,25.0,41.0,18.0,5.0,0.63,98.0
杭州,2023-08-07,39.0,excellent,24.0,37.0,16.0,5.0,0.71,83.0
杭州,2023-08-08,30.0,excellent,18.0,27.0,15.0,5.0,0.69,77.0
杭州,2023-08-09,42.0,excellent,22.0,35.0,14.0,5.0,0.74,105.0
杭州,2023-08-10,38.0,excellent,22.0,34.0,14.0,5.0,0.66,102.0
杭州,2023-08-11,73.0,good,37.0,55.0,22.0,6.0,0.78,132.0
杭州,2023-08-12,62.0,good,36.0,54.0,21.0,6.0,0.73,118.0
杭州,2023-08-13,67.0,good,34.0,55.0,21.0,6.0,0.73,121.0
杭州,2023-08-14,51.0,good,27.0,43.0,17.0,5.0,0.73,116.0
杭州,2023-08-15,28.0,excellent,15.0,27.0,19.0,5.0,0.6,61.0
杭州,2023-08-16,40.0,excellent,21.0,36.0,18.0,5.0,0.6,82.0
杭州,2023-08-17,47.0,excellent,23.0,37.0,21.0,6.0,0.65,99.0
杭州,2023-08-18,51.0,good,22.0,37.0,20.0,6.0,0.62,109.0
杭州,2023-08-19,31.0,excellent,14.0,24.0,18.0,6.0,0.55,77.0
杭州,2023-08-20,30.0,excellent,15.0,26.0,14.0,5.0,0.54,70.0
杭州,2023-08-21,29.0,excellent,13.0,24.0,15.0,5.0,0.6,76.0
杭州,2023-08-22,27.0,excellent,15.0,26.0,16.0,5.0,0.65,64.0
杭州,2023-08-23,32.0,excellent,12.0,22.0,14.0,5.0,0.69,91.0
杭州,2023-08-24,54.0,good,20.0,35.0,20.0,6.0,0.69,119.0
杭州,2023-08-25,58.0,good,25.0,43.0,20.0,6.0,0.71,117.0
杭州,2023-08-26,35.0,excellent,17.0,31.0,13.0,6.0,0.59,95.0
杭州,2023-08-27,24.0,excellent,12.0,22.0,15.0,5.0,0.55,52.0
杭州,2023-08-28,20.0,excellent,9.0,18.0,16.0,5.0,0.64,46.0
杭州,2023-08-29,21.0,excellent,8.0,12.0,15.0,5.0,0.75,63.0
杭州,2023-08-30,25.0,excellent,6.0,10.0,13.0,5.0,0.64,79.0
杭州,2023-08-31,30.0,excellent,19.0,28.0,19.0,5.0,0.77,74.0
杭州,2023-09-01,37.0,excellent,15.0,29.0,21.0,6.0,0.65,88.0
杭州,2023-09-02,47.0,excellent,21.0,35.0,17.0,6.0,0.61,109.0
杭州,2023-09-03,48.0,excellent,32.0,48.0,16.0,6.0,0.68,107.0
杭州,2023-09-04,28.0,excellent,14.0,26.0,15.0,6.0,0.49,49.0
杭州,2023-09-05,26.0,excellent,15.0,26.0,20.0,6.0,0.53,40.0
杭州,2023-09-06,35.0,excellent,21.0,34.0,19.0,6.0,0.55,59.0
杭州,2023-09-07,37.0,excellent,20.0,34.0,15.0,5.0,0.55,81.0
杭州,2023-09-08,42.0,excellent,22.0,35.0,17.0,6.0,0.56,98.0
杭州,2023-09-09,56.0,good,24.0,39.0,23.0,6.0,0.58,112.0
杭州,2023-09-10,56.0,good,27.0,43.0,21.0,6.0,0.6,115.0
杭州,2023-09-11,65.0,good,34.0,53.0,24.0,6.0,0.66,120.0
杭州,2023-09-12,62.0,good,36.0,56.0,25.0,6.0,0.65,103.0
杭州,2023-09-13,33.0,excellent,18.0,30.0,19.0,5.0,0.61,62.0
杭州,2023-09-14,18.0,excellent,11.0,16.0,19.0,5.0,0.65,47.0
杭州,2023-09-15,18.0,excellent,10.0,14.0,24.0,5.0,0.71,36.0
杭州,2023-09-16,23.0,excellent,9.0,13.0,18.0,5.0,0.78,62.0
杭州,2023-09-17,32.0,excellent,15.0,25.0,17.0,5.0,0.72,72.0
杭州,2023-09-18,47.0,excellent,28.0,42.0,21.0,5.0,0.74,87.0
杭州,2023-09-19,40.0,excellent,24.0,37.0,21.0,5.0,0.71,74.0
杭州,2023-09-20,27.0,excellent,14.0,24.0,16.0,5.0,0.63,60.0
杭州,2023-09-21,23.0,excellent,10.0,17.0,16.0,5.0,0.61,69.0
杭州,2023-09-22,21.0,excellent,12.0,20.0,20.0,5.0,0.65,49.0
杭州,2023-09-23,19.0,excellent,9.0,14.0,21.0,5.0,0.58,50.0
杭州,2023-09-24,34.0,excellent,21.0,31.0,19.0,5.0,0.62,58.0
杭州,2023-09-25,45.0,excellent,26.0,40.0,20.0,5.0,0.7,74.0
杭州,2023-09-26,60.0,good,40.0,57.0,22.0,6.0,0.97,91.0
杭州,2023-09-27,58.0,good,34.0,48.0,20.0,6.0,0.78,109.0
杭州,2023-09-28,58.0,good,41.0,55.0,18.0,6.0,0.95,109.0
杭州,2023-09-29,41.0,excellent,25.0,35.0,15.0,6.0,0.7,99.0
杭州,2023-09-30,32.0,excellent,18.0,26.0,12.0,6.0,0.84,65.0
杭州,2023-10-01,33.0,excellent,14.0,26.0,13.0,6.0,0.65,102.0
杭州,2023-10-02,30.0,excellent,8.0,24.0,15.0,6.0,0.4,88.0
杭州,2023-10-03,34.0,excellent,19.0,33.0,21.0,6.0,0.48,73.0
杭州,2023-10-04,28.0,excellent,14.0,27.0,20.0,7.0,0.55,72.0
杭州,2023-10-05,32.0,excellent,14.0,32.0,18.0,7.0,0.5,78.0
杭州,2023-10-06,33.0,excellent,10.0,33.0,19.0,7.0,0.45,63.0
杭州,2023-10-07,21.0,excellent,10.0,19.0,15.0,6.0,0.42,65.0
杭州,2023-10-08,23.0,excellent,14.0,19.0,17.0,6.0,0.57,62.0
杭州,2023-10-09,36.0,excellent,23.0,36.0,25.0,7.0,0.67,52.0
杭州,2023-10-10,49.0,excellent,32.0,47.0,27.0,7.0,0.69,78.0
杭州,2023-10-11,46.0,excellent,29.0,45.0,27.0,7.0,0.7,82.0
杭州,2023-10-12,44.0,excellent,25.0,39.0,31.0,7.0,0.61,84.0
杭州,2023-10-13,42.0,excellent,28.0,41.0,30.0,6.0,0.62,66.0
杭州,2023-10-14,42.0,excellent,25.0,38.0,30.0,6.0,0.66,62.0
杭州,2023-10-15,46.0,excellent,29.0,44.0,34.0,6.0,0.67,66.0
杭州,2023-10-16,57.0,good,37.0,56.0,39.0,7.0,0.65,74.0
杭州,2023-10-17,78.0,good,52.0,77.0,42.0,8.0,0.73,104.0
杭州,2023-10-18,74.0,good,49.0,72.0,40.0,7.0,0.71,93.0
杭州,2023-10-19,66.0,good,47.0,66.0,40.0,6.0,0.75,69.0
杭州,2023-10-20,30.0,excellent,16.0,28.0,22.0,6.0,0.53,65.0
杭州,2023-11-01,54.0,good,33.0,54.0,47.0,6.0,0.61,62.0
杭州,2023-11-02,47.0,excellent,27.0,46.0,45.0,6.0,0.55,56.0
杭州,2023-11-03,52.0,good,34.0,54.0,49.0,7.0,0.68,50.0
杭州,2023-11-04,67.0,good,47.0,70.0,46.0,6.0,0.7,54.0
杭州,2023-11-05,64.0,good,41.0,63.0,31.0,6.0,0.67,67.0
杭州,2023-11-06,22.0,excellent,8.0,20.0,19.0,6.0,0.52,58.0
杭州,2023-11-07,47.0,excellent,25.0,52.0,41.0,7.0,0.53,43.0
杭州,2023-11-08,56.0,good,36.0,60.0,47.0,7.0,0.67,23.0
杭州,2023-11-09,52.0,good,36.0,52.0,43.0,6.0,0.77,11.0
杭州,2023-11-10,29.0,excellent,17.0,28.0,23.0,6.0,0.58,52.0
杭州,2023-11-11,27.0,excellent,13.0,27.0,26.0,6.0,0.48,39.0
杭州,2023-11-12,34.0,excellent,23.0,31.0,18.0,5.0,0.58,47.0
杭州,2023-11-13,43.0,excellent,28.0,41.0,27.0,8.0,0.64,48.0
杭州,2023-11-14,56.0,good,38.0,59.0,49.0,7.0,0.65,34.0
杭州,2023-11-15,91.0,good,67.0,99.0,56.0,8.0,0.77,45.0
杭州,2023-11-16,64.0,good,38.0,68.0,30.0,6.0,0.67,57.0
杭州,2023-11-17,79.0,good,24.0,109.0,25.0,6.0,0.41,51.0
杭州,2023-11-18,55.0,good,23.0,63.0,36.0,8.0,0.53,35.0
杭州,2023-11-19,57.0,good,31.0,64.0,47.0,7.0,0.68,28.0
杭州,2023-11-20,70.0,good,47.0,82.0,52.0,8.0,0.75,41.0
杭州,2023-11-21,70.0,good,48.0,81.0,62.0,7.0,0.78,38.0
杭州,2023-11-22,56.0,good,36.0,62.0,54.0,7.0,0.74,42.0
杭州,2023-11-23,81.0,good,58.0,95.0,43.0,9.0,0.77,63.0
杭州,2023-11-24,50.0,excellent,16.0,53.0,32.0,8.0,0.52,43.0
杭州,2023-11-25,52.0,good,25.0,55.0,42.0,7.0,0.57,33.0
杭州,2023-11-26,64.0,good,42.0,76.0,53.0,7.0,0.67,10.0
杭州,2023-11-27,68.0,good,45.0,79.0,50.0,7.0,0.78,30.0
杭州,2023-11-28,65.0,good,40.0,81.0,48.0,7.0,0.7,34.0
杭州,2023-11-29,79.0,good,54.0,103.0,48.0,8.0,0.79,48.0
杭州,2023-11-30,48.0,excellent,22.0,50.0,26.0,7.0,0.58,45.0
杭州,2023-12-01,39.0,excellent,19.0,39.0,29.0,10.0,0.55,46.0
杭州,2023-12-02,61.0,good,42.0,67.0,57.0,9.0,0.7,25.0
杭州,2023-12-03,102.0,lightly_polluted,76.0,114.0,72.0,10.0,0.88,26.0
杭州,2023-12-04,106.0,lightly_polluted,80.0,111.0,64.0,7.0,0.97,7.0
杭州,2023-12-05,52.0,good,36.0,51.0,36.0,6.0,0.78,17.0
杭州,2023-12-06,58.0,good,33.0,68.0,38.0,7.0,0.73,30.0
杭州,2023-12-07,71.0,good,39.0,92.0,46.0,7.0,0.73,37.0
杭州,2023-12-08,57.0,good,30.0,64.0,42.0,7.0,0.67,45.0
杭州,2023-12-09,53.0,good,31.0,57.0,51.0,7.0,0.64,34.0
杭州,2023-12-10,81.0,good,60.0,94.0,67.0,7.0,0.84,11.0
杭州,2023-12-11,23.0,excellent,14.0,23.0,25.0,5.0,0.74,20.0
杭州,2023-12-12,30.0,excellent,20.0,27.0,24.0,5.0,0.75,23.0
杭州,2023-12-13,67.0,good,48.0,67.0,40.0,6.0,0.77,21.0
杭州,2023-12-14,52.0,good,33.0,55.0,46.0,7.0,0.92,19.0
杭州,2023-12-15,34.0,excellent,20.0,32.0,35.0,6.0,1.06,6.0
杭州,2023-12-16,34.0,excellent,24.0,31.0,15.0,6.0,0.79,46.0
杭州,2023-12-17,38.0,excellent,24.0,37.0,22.0,7.0,0.68,55.0
杭州,2023-12-18,37.0,excellent,23.0,34.0,48.0,7.0,0.84,13.0
杭州,2023-12-19,38.0,excellent,26.0,29.0,37.0,6.0,0.92,13.0
杭州,2023-12-20,73.0,good,53.0,67.0,28.0,7.0,0.72,49.0
杭州,2023-12-21,50.0,excellent,31.0,51.0,22.0,9.0,0.57,59.0
杭州,2023-12-22,43.0,excellent,27.0,43.0,27.0,8.0,0.55,47.0
杭州,2023-12-23,58.0,good,40.0,61.0,57.0,7.0,0.66,15.0
杭州,2023-12-24,68.0,good,48.0,78.0,53.0,7.0,0.76,24.0
杭州,2023-12-25,74.0,good,53.0,93.0,58.0,7.0,0.81,24.0
杭州,2023-12-26,104.0,lightly_polluted,78.0,125.0,76.0,7.0,0.93,14.0
杭州,2023-12-27,122.0,lightly_polluted,92.0,142.0,83.0,8.0,1.01,20.0
杭州,2023-12-28,170.0,moderately_polluted,129.0,179.0,82.0,9.0,1.16,32.0
杭州,2023-12-29,196.0,moderately_polluted,148.0,205.0,89.0,7.0,1.23,16.0
杭州,2023-12-30,185.0,moderately_polluted,139.0,191.0,92.0,6.0,1.23,14.0
杭州,2023-12-31,149.0,lightly_polluted,113.0,159.0,44.0,8.0,1.08,59.0
成都,2023-01-01,73.0,good,53.0,65.0,32.0,2.0,0.67,19.0
成都,2023-01-02,79.0,good,58.0,73.0,37.0,2.0,0.75,21.0
成都,2023-01-03,121.0,lightly_polluted,91.0,111.0,52.0,3.0,0.95,7.0
成都,2023-01-04,109.0,lightly_polluted,81.0,101.0,40.0,2.0,0.72,22.0
成都,2023-01-05,104.0,lightly_polluted,78.0,98.0,46.0,2.0,0.88,28.0
成都,2023-01-06,102.0,lightly_polluted,76.0,95.0,46.0,3.0,0.9,39.0
成都,2023-01-07,118.0,lightly_polluted,89.0,108.0,54.0,2.0,1.0,27.0
成都,2023-01-08,136.0,lightly_polluted,103.0,124.0,48.0,4.0,0.9,27.0
成都,2023-01-09,145.0,lightly_polluted,110.0,134.0,52.0,3.0,1.05,23.0
成都,2023-01-10,143.0,lightly_polluted,109.0,131.0,53.0,2.0,0.91,20.0
成都,2023-01-11,204.0,heavily_polluted,155.0,185.0,54.0,2.0,1.03,8.0
成都,2023-01-12,168.0,moderately_polluted,129.0,154.0,43.0,2.0,1.01,32.0
成都,2023-01-13,152.0,moderately_polluted,111.0,146.0,39.0,2.0,0.91,36.0
成都,2023-01-14,114.0,lightly_polluted,49.0,178.0,13.0,2.0,0.32,57.0
成都,2023-01-15,74.0,good,31.0,97.0,16.0,2.0,0.4,48.0
成都,2023-01-16,68.0,good,39.0,86.0,21.0,2.0,0.44,37.0
成都,2023-01-17,76.0,good,51.0,99.0,27.0,2.0,0.49,34.0
成都,2023-01-18,70.0,good,44.0,87.0,19.0,2.0,0.45,58.0
成都,2023-01-19,74.0,good,54.0,78.0,23.0,2.0,0.56,54.0
成都,2023-01-20,66.0,good,47.0,65.0,24.0,2.0,0.58,54.0
成都,2023-01-21,96.0,good,71.0,84.0,18.0,2.0,0.68,46.0
成都,2023-01-22,158.0,moderately_polluted,121.0,138.0,20.0,2.0,0.79,40.0
成都,2023-01-23,105.0,lightly_polluted,79.0,95.0,16.0,2.0,0.66,56.0
成都,2023-01-24,65.0,good,30.0,79.0,8.0,2.0,0.33,64.0
成都,2023-01-25,78.0,good,47.0,105.0,15.0,2.0,0.45,55.0
成都,2023-01-26,99.0,good,73.0,111.0,21.0,2.0,0.65,39.0
成都,2023-01-27,78.0,good,51.0,87.0,30.0,2.0,0.65,37.0
成都,2023-01-28,73.0,good,52.0,88.0,39.0,3.0,0.78,38.0
成都,2023-01-29,90.0,good,67.0,99.0,39.0,3.0,0.91,48.0
成都,2023-01-30,113.0,lightly_polluted,85.0,119.0,53.0,3.0,0.99,47.0
成都,2023-01-31,141.0,lightly_polluted,107.0,142.0,65.0,4.0,1.17,43.0
成都,2023-02-01,137.0,lightly_polluted,104.0,135.0,64.0,3.0,1.13,29.0
成都,2023-02-02,82.0,good,60.0,88.0,36.0,3.0,0.7,60.0
成都,2023-02-03,150.0,lightly_polluted,114.0,143.0,46.0,4.0,0.94,50.0
成都,2023-02-04,174.0,moderately_polluted,131.0,162.0,38.0,3.0,0.96,71.0
成都,2023-02-05,156.0,moderately_polluted,118.0,142.0,29.0,3.0,0.97,40.0
成都,2023-02-06,151.0,moderately_polluted,115.0,136.0,50.0,2.0,1.17,14.0
成都,2023-02-07,173.0,moderately_polluted,130.0,152.0,50.0,3.0,1.2,20.0
成都,2023-02-08,101.0,lightly_polluted,75.0,85.0,26.0,2.0,0.81,35.0
成都,2023-02-09,42.0,excellent,29.0,37.0,23.0,2.0,0.73,42.0
成都,2023-02-10,73.0,good,53.0,66.0,33.0,2.0,0.81,24.0
成都,2023-02-11,91.0,good,67.0,77.0,34.0,2.0,0.9,13.0
成都,2023-02-12,53.0,good,36.0,51.0,30.0,2.0,0.82,18.0
成都,2023-02-13,33.0,excellent,18.0,33.0,23.0,2.0,0.69,37.0
成都,2023-02-14,29.0,excellent,18.0,29.0,25.0,2.0,0.75,51.0
成都,2023-02-15,39.0,excellent,26.0,38.0,27.0,2.0,0.77,38.0
成都,2023-02-16,60.0,good,43.0,58.0,35.0,2.0,0.87,17.0
成都,2023-02-17,89.0,good,66.0,79.0,33.0,3.0,0.89,29.0
成都,2023-02-18,80.0,good,59.0,75.0,38.0,2.0,0.94,28.0
成都,2023-02-19,53.0,good,27.0,58.0,47.0,2.0,0.54,34.0
成都,2023-02-20,86.0,good,62.0,106.0,62.0,5.0,0.85,4.0
成都,2023-02-21,79.0,good,59.0,82.0,40.0,3.0,0.8,9.0
成都,2023-02-22,27.0,excellent,17.0,26.0,22.0,3.0,0.46,37.0
成都,2023-02-23,46.0,excellent,32.0,43.0,39.0,2.0,0.6,23.0
成都,2023-02-24,65.0,good,46.0,65.0,39.0,4.0,0.65,44.0
成都,2023-02-25,55.0,good,38.0,54.0,28.0,5.0,0.6,66.0
成都,2023-02-26,73.0,good,52.0,75.0,41.0,5.0,0.69,51.0
成都,2023-02-27,92.0,good,68.0,96.0,48.0,6.0,0.72,29.0
成都,2023-02-28,81.0,good,59.0,93.0,50.0,4.0,0.72,29.0
成都,2023-03-01,78.0,good,49.0,96.0,40.0,4.0,0.55,45.0
成都,2023-03-02,83.0,good,56.0,103.0,37.0,4.0,0.55,34.0
成都,2023-03-03,93.0,good,69.0,102.0,36.0,3.0,0.66,50.0
成都,2023-03-04,71.0,good,51.0,84.0,45.0,4.0,0.67,66.0
成都,2023-03-05,89.0,good,66.0,96.0,44.0,5.0,0.75,70.0
成都,2023-03-06,73.0,good,53.0,72.0,32.0,3.0,0.68,71.0
成都,2023-03-07,79.0,good,58.0,77.0,37.0,3.0,0.73,44.0
成都,2023-03-08,92.0,good,68.0,91.0,40.0,3.0,0.81,52.0
成都,2023-03-09,74.0,good,53.0,76.0,41.0,5.0,0.79,64.0
成都,2023-03-10,58.0,good,40.0,55.0,26.0,3.0,0.58,72.0
成都,2023-03-11,66.0,good,43.0,78.0,35.0,3.0,0.62,63.0
成都,2023-03-12,48.0,excellent,14.0,50.0,15.0,2.0,0.31,68.0
成都,2023-03-13,38.0,excellent,15.0,37.0,23.0,3.0,0.4,60.0
成都,2023-03-14,62.0,good,39.0,71.0,42.0,4.0,0.54,59.0
成都,2023-03-15,82.0,good,60.0,95.0,57.0,4.0,0.74,38.0
成都,2023-03-16,55.0,good,33.0,64.0,40.0,3.0,0.57,62.0
成都,2023-03-17,35.0,excellent,18.0,35.0,26.0,3.0,0.49,66.0
成都,2023-03-18,40.0,excellent,24.0,42.0,27.0,3.0,0.54,66.0
成都,2023-03-19,66.0,good,47.0,64.0,29.0,3.0,0.63,42.0
成都,2023-03-20,46.0,excellent,31.0,44.0,27.0,2.0,0.65,30.0
成都,2023-03-21,62.0,good,43.0,65.0,40.0,3.0,0.82,45.0
成都,2023-03-22,68.0,good,44.0,76.0,22.0,2.0,0.55,65.0
成都,2023-03-23,34.0,excellent,16.0,33.0,17.0,2.0,0.41,58.0
成都,2023-03-24,27.0,excellent,15.0,27.0,27.0,2.0,0.43,48.0
成都,2023-03-25,34.0,excellent,17.0,36.0,23.0,2.0,0.51,53.0
成都,2023-03-26,34.0,excellent,18.0,34.0,25.0,2.0,0.58,37.0
成都,2023-03-27,25.0,excellent,11.0,25.0,21.0,2.0,0.5,54.0
成都,2023-03-28,47.0,excellent,31.0,48.0,32.0,2.0,0.57,35.0
成都,2023-03-29,46.0,excellent,29.0,46.0,27.0,2.0,0.52,52.0
成都,2023-03-30,58.0,good,38.0,62.0,31.0,3.0,0.56,57.0
成都,2023-03-31,66.0,good,47.0,73.0,33.0,3.0,0.6,64.0
成都,2023-04-01,60.0,good,41.0,63.0,23.0,4.0,0.56,92.0
成都,2023-04-02,71.0,good,50.0,74.0,22.0,3.0,0.6,80.0
成都,2023-04-03,29.0,excellent,11.0,27.0,17.0,2.0,0.41,63.0
成都,2023-04-04,37.0,excellent,18.0,38.0,23.0,3.0,0.41,81.0
成都,2023-04-05,31.0,excellent,17.0,31.0,18.0,2.0,0.5,60.0
成都,2023-04-06,56.0,good,25.0,69.0,17.0,2.0,0.37,64.0
成都,2023-04-07,85.0,good,41.0,119.0,37.0,3.0,0.43,55.0
成都,2023-04-08,83.0,good,44.0,117.0,38.0,3.0,0.53,70.0
成都,2023-04-09,68.0,good,39.0,85.0,25.0,3.0,0.58,96.0
成都,2023-04-10,91.0,good,61.0,117.0,37.0,4.0,0.72,110.0
成都,2023-04-11,85.0,good,57.0,95.0,38.0,3.0,0.68,96.0
成都,2023-04-12,56.0,good,34.0,57.0,27.0,3.0,0.5,100.0
成都,2023-04-13,55.0,good,37.0,56.0,23.0,2.0,0.54,62.0
成都,2023-04-14,64.0,good,38.0,73.0,32.0,2.0,0.55,62.0
成都,2023-04-15,71.0,good,36.0,79.0,40.0,4.0,0.55,84.0
成都,2023-04-16,85.0,good,46.0,88.0,45.0,5.0,0.67,115.0
成都,2023-04-17,85.0,good,52.0,95.0,37.0,6.0,0.68,110.0
成都,2023-04-18,50.0,excellent,26.0,49.0,17.0,2.0,0.46,103.0
成都,2023-04-19,58.0,good,36.0,54.0,18.0,3.0,0.53,114.0
成都,2023-04-20,40.0,excellent,27.0,39.0,15.0,2.0,0.55,94.0
成都,2023-04-21,37.0,excellent,21.0,38.0,9.0,2.0,0.4,65.0
成都,2023-04-22,20.0,excellent,4.0,12.0,11.0,2.0,0.32,61.0
成都,2023-04-23,19.0,excellent,5.0,15.0,14.0,2.0,0.41,58.0
成都,2023-04-24,25.0,excellent,10.0,22.0,19.0,2.0,0.45,54.0
成都,2023-04-25,34.0,excellent,17.0,33.0,24.0,3.0,0.46,63.0
成都,2023-04-26,56.0,good,34.0,60.0,30.0,4.0,0.51,96.0
成都,2023-04-27,59.0,good,36.0,67.0,21.0,5.0,0.42,108.0
成都,2023-04-28,57.0,good,36.0,62.0,25.0,2.0,0.46,60.0
成都,2023-04-29,56.0,good,22.0,62.0,16.0,2.0,0.26,81.0
成都,2023-04-30,68.0,good,32.0,86.0,27.0,3.0,0.38,90.0
成都,2023-05-01,67.0,good,39.0,81.0,32.0,4.0,0.49,91.0
成都,2023-05-02,52.0,good,31.0,56.0,11.0,2.0,0.41,111.0
成都,2023-05-03,55.0,good,36.0,59.0,15.0,2.0,0.45,87.0
成都,2023-05-04,56.0,good,35.0,56.0,22.0,3.0,0.54,82.0
成都,2023-05-05,66.0,good,39.0,81.0,25.0,2.0,0.49,63.0
成都,2023-05-06,52.0,good,27.0,54.0,17.0,2.0,0.42,73.0
成都,2023-05-07,32.0,excellent,20.0,31.0,13.0,2.0,0.5,59.0
成都,2023-05-08,17.0,excellent,10.0,15.0,11.0,2.0,0.43,46.0
成都,2023-05-09,11.0,excellent,5.0,10.0,14.0,2.0,0.45,32.0
成都,2023-05-10,21.0,excellent,10.0,17.0,15.0,2.0,0.46,51.0
成都,2023-05-11,29.0,excellent,14.0,28.0,20.0,2.0,0.46,50.0
成都,2023-05-12,46.0,excellent,20.0,48.0,31.0,3.0,0.49,54.0
成都,2023-05-13,46.0,excellent,21.0,45.0,28.0,3.0,0.49,77.0
成都,2023-05-14,56.0,good,33.0,61.0,36.0,3.0,0.63,81.0
成都,2023-05-15,73.0,good,50.0,82.0,42.0,3.0,0.76,90.0
成都,2023-05-16,101.0,lightly_polluted,62.0,91.0,35.0,3.0,0.74,126.0
成都,2023-05-17,92.0,good,67.0,95.0,43.0,3.0,0.72,99.0
成都,2023-05-18,40.0,excellent,22.0,40.0,17.0,2.0,0.39,87.0
成都,2023-05-19,46.0,excellent,30.0,46.0,12.0,2.0,0.52,93.0
成都,2023-05-20,50.0,excellent,35.0,49.0,19.0,2.0,0.6,71.0
成都,2023-05-21,59.0,good,37.0,57.0,19.0,2.0,0.55,51.0
成都,2023-05-22,42.0,excellent,21.0,44.0,21.0,2.0,0.44,51.0
成都,2023-05-23,50.0,excellent,30.0,51.0,20.0,2.0,0.45,77.0
成都,2023-05-24,62.0,good,43.0,67.0,29.0,2.0,0.52,92.0
成都,2023-05-25,62.0,good,42.0,64.0,27.0,2.0,0.55,69.0
成都,2023-05-26,48.0,excellent,28.0,51.0,31.0,2.0,0.54,58.0
成都,2023-05-27,44.0,excellent,25.0,46.0,24.0,2.0,0.51,63.0
成都,2023-05-28,54.0,good,32.0,55.0,28.0,2.0,0.57,79.0
成都,2023-05-29,59.0,good,29.0,53.0,28.0,3.0,0.67,94.0
成都,2023-05-30,83.0,good,40.0,69.0,31.0,3.0,0.73,134.0
成都,2023-05-31,52.0,good,31.0,52.0,16.0,2.0,0.56,102.0
成都,2023-06-01,26.0,excellent,8.0,22.0,11.0,2.0,0.4,76.0
成都,2023-06-02,22.0,excellent,5.0,14.0,7.0,2.0,0.43,71.0
成都,2023-06-03,21.0,excellent,4.0,12.0,11.0,2.0,0.41,66.0
成都,2023-06-04,22.0,excellent,5.0,14.0,12.0,2.0,0.45,68.0
成都,2023-06-05,29.0,excellent,11.0,25.0,20.0,2.0,0.51,77.0
成都,2023-06-06,49.0,excellent,20.0,39.0,27.0,2.0,0.53,91.0
成都,2023-06-07,51.0,good,24.0,41.0,16.0,2.0,0.45,125.0
成都,2023-06-08,53.0,good,33.0,54.0,29.0,5.0,0.59,89.0
成都,2023-06-09,65.0,good,43.0,67.0,37.0,4.0,0.67,95.0
成都,2023-06-10,63.0,good,37.0,59.0,25.0,5.0,0.54,104.0
成都,2023-06-11,36.0,excellent,13.0,30.0,25.0,3.0,0.41,95.0
成都,2023-06-12,55.0,good,18.0,37.0,26.0,3.0,0.48,116.0
成都,2023-06-13,47.0,excellent,21.0,42.0,19.0,4.0,0.44,114.0
成都,2023-06-14,39.0,excellent,22.0,39.0,22.0,4.0,0.46,85.0
成都,2023-06-15,34.0,excellent,19.0,30.0,16.0,2.0,0.42,80.0
成都,2023-06-16,36.0,excellent,24.0,35.0,20.0,2.0,0.48,61.0
成都,2023-06-17,47.0,excellent,32.0,46.0,19.0,2.0,0.55,70.0
成都,2023-06-18,73.0,good,44.0,57.0,22.0,2.0,0.62,107.0
成都,2023-06-19,46.0,excellent,25.0,46.0,31.0,2.0,0.58,71.0
成都,2023-06-20,59.0,good,34.0,67.0,43.0,4.0,0.69,63.0
成都,2023-06-21,35.0,excellent,17.0,34.0,17.0,2.0,0.43,78.0
成都,2023-06-22,44.0,excellent,21.0,40.0,18.0,3.0,0.48,105.0
成都,2023-06-23,47.0,excellent,23.0,41.0,12.0,3.0,0.51,114.0
成都,2023-06-24,61.0,good,32.0,52.0,20.0,4.0,0.59,112.0
成都,2023-06-25,58.0,good,31.0,49.0,22.0,2.0,0.64,109.0
成都,2023-06-26,67.0,good,35.0,55.0,21.0,2.0,0.66,131.0
成都,2023-06-27,60.0,good,32.0,49.0,15.0,3.0,0.63,127.0
成都,2023-06-28,46.0,excellent,23.0,45.0,10.0,2.0,0.47,98.0
成都,2023-06-29,41.0,excellent,20.0,40.0,18.0,2.0,0.46,82.0
成都,2023-06-30,39.0,excellent,16.0,36.0,22.0,2.0,0.46,83.0
成都,2023-07-01,47.0,excellent,22.0,44.0,20.0,3.0,0.54,100.0
成都,2023-07-02,56.0,good,38.0,58.0,20.0,3.0,0.64,100.0
成都,2023-07-03,44.0,excellent,30.0,40.0,15.0,2.0,0.59,63.0
成都,2023-07-04,29.0,excellent,8.0,21.0,20.0,3.0,0.45,87.0
成都,2023-07-05,52.0,good,18.0,38.0,25.0,5.0,0.53,105.0
成都,2023-07-06,68.0,good,25.0,50.0,24.0,3.0,0.56,144.0
成都,2023-07-07,59.0,good,33.0,67.0,32.0,3.0,0.68,85.0
成都,2023-07-08,80.0,good,39.0,61.0,23.0,3.0,0.66,137.0
成都,2023-07-09,66.0,good,35.0,56.0,17.0,3.0,0.65,131.0
成都,2023-07-10,67.0,good,35.0,56.0,17.0,3.0,0.66,139.0
成都,2023-07-11,48.0,excellent,31.0,49.0,15.0,3.0,0.6,86.0
成都,2023-07-12,28.0,excellent,12.0,22.0,10.0,2.0,0.48,84.0
成都,2023-07-13,21.0,excellent,7.0,14.0,9.0,3.0,0.43,62.0
成都,2023-07-14,32.0,excellent,11.0,27.0,14.0,2.0,0.38,82.0
成都,2023-07-15,79.0,good,32.0,74.0,30.0,4.0,0.6,122.0
成都,2023-07-16,61.0,good,26.0,52.0,26.0,4.0,0.57,109.0
成都,2023-07-17,64.0,good,25.0,49.0,29.0,4.0,0.58,114.0
成都,2023-07-18,56.0,good,25.0,42.0,22.0,3.0,0.55,113.0
成都,2023-07-19,50.0,excellent,23.0,38.0,17.0,2.0,0.53,119.0
成都,2023-07-20,26.0,excellent,10.0,21.0,11.0,2.0,0.47,77.0
成都,2023-07-21,44.0,excellent,15.0,26.0,12.0,2.0,0.5,117.0
成都,2023-07-22,41.0,excellent,21.0,32.0,10.0,2.0,0.53,114.0
成都,2023-07-23,44.0,excellent,18.0,30.0,10.0,2.0,0.5,123.0
成都,2023-07-24,31.0,excellent,17.0,27.0,12.0,2.0,0.53,88.0
成都,2023-07-25,35.0,excellent,19.0,30.0,15.0,2.0,0.53,84.0
成都,2023-07-26,23.0,excellent,12.0,20.0,12.0,2.0,0.48,54.0
成都,2023-07-27,18.0,excellent,6.0,10.0,6.0,2.0,0.4,53.0
成都,2023-07-28,24.0,excellent,6.0,12.0,7.0,2.0,0.38,75.0
成都,2023-07-29,36.0,excellent,15.0,26.0,16.0,2.0,0.49,95.0
成都,2023-07-30,33.0,excellent,16.0,26.0,14.0,3.0,0.5,88.0
成都,2023-07-31,33.0,excellent,14.0,26.0,15.0,3.0,0.51,84.0
成都,2023-08-01,34.0,excellent,16.0,25.0,14.0,2.0,0.52,90.0
成都,2023-08-02,27.0,excellent,14.0,23.0,13.0,2.0,0.54,62.0
成都,2023-08-03,26.0,excellent,13.0,22.0,14.0,2.0,0.56,47.0
成都,2023-08-04,27.0,excellent,11.0,21.0,14.0,2.0,0.55,65.0
成都,2023-08-05,32.0,excellent,15.0,26.0,15.0,2.0,0.57,73.0
成都,2023-08-06,24.0,excellent,12.0,21.0,13.0,3.0,0.53,58.0
成都,2023-08-07,27.0,excellent,9.0,18.0,12.0,3.0,0.51,68.0
成都,2023-08-08,26.0,excellent,11.0,21.0,11.0,2.0,0.5,69.0
成都,2023-08-09,29.0,excellent,16.0,27.0,12.0,2.0,0.54,80.0
成都,2023-08-10,32.0,excellent,14.0,25.0,10.0,3.0,0.49,90.0
成都,2023-08-11,28.0,excellent,14.0,24.0,12.0,3.0,0.51,81.0
成都,2023-08-12,27.0,excellent,7.0,13.0,10.0,2.0,0.47,85.0
成都,2023-08-13,39.0,excellent,14.0,26.0,19.0,3.0,0.56,91.0
成都,2023-08-14,37.0,excellent,16.0,32.0,20.0,4.0,0.57,89.0
成都,2023-08-15,41.0,excellent,21.0,38.0,21.0,3.0,0.59,99.0
成都,2023-08-16,55.0,good,37.0,59.0,28.0,4.0,0.72,83.0
成都,2023-08-17,50.0,excellent,31.0,51.0,26.0,5.0,0.67,66.0
成都,2023-08-18,50.0,excellent,27.0,53.0,24.0,4.0,0.59,54.0
成都,2023-08-19,50.0,excellent,22.0,51.0,24.0,3.0,0.54,57.0
成都,2023-08-20,29.0,excellent,13.0,29.0,15.0,2.0,0.49,57.0
成都,2023-08-21,50.0,excellent,19.0,37.0,19.0,3.0,0.56,94.0
成都,2023-08-22,45.0,excellent,25.0,41.0,16.0,4.0,0.61,99.0
成都,2023-08-23,42.0,excellent,25.0,42.0,18.0,3.0,0.58,78.0
成都,2023-08-24,27.0,excellent,14.0,27.0,22.0,3.0,0.53,50.0
成都,2023-08-25,24.0,excellent,15.0,23.0,16.0,2.0,0.54,55.0
成都,2023-08-26,20.0,excellent,6.0,13.0,11.0,2.0,0.48,56.0
成都,2023-08-27,31.0,excellent,10.0,21.0,17.0,4.0,0.49,85.0
成都,2023-08-28,45.0,excellent,23.0,41.0,30.0,3.0,0.73,69.0
成都,2023-08-29,39.0,excellent,24.0,39.0,31.0,3.0,0.73,44.0
成都,2023-08-30,35.0,excellent,17.0,29.0,21.0,3.0,0.6,65.0
成都,2023-08-31,39.0,excellent,21.0,36.0,27.0,4.0,0.64,76.0
成都,2023-09-01,34.0,excellent,20.0,33.0,18.0,3.0,0.58,90.0
成都,2023-09-02,51.0,good,26.0,40.0,22.0,4.0,0.64,89.0
成都,2023-09-03,66.0,good,32.0,52.0,32.0,4.0,0.72,102.0
成都,2023-09-04,67.0,good,38.0,57.0,29.0,4.0,0.69,101.0
成都,2023-09-05,69.0,good,42.0,61.0,27.0,4.0,0.71,102.0
成都,2023-09-06,65.0,good,47.0,65.0,21.0,4.0,0.7,103.0
成都,2023-09-07,59.0,good,40.0,60.0,23.0,6.0,0.66,86.0
成都,2023-09-08,50.0,excellent,30.0,49.0,24.0,4.0,0.66,95.0
成都,2023-09-09,47.0,excellent,30.0,44.0,16.0,3.0,0.63,95.0
成都,2023-09-10,32.0,excellent,14.0,24.0,14.0,3.0,0.58,86.0
成都,2023-09-11,23.0,excellent,8.0,15.0,9.0,3.0,0.41,68.0
成都,2023-09-12,24.0,excellent,9.0,18.0,19.0,3.0,0.42,60.0
成都,2023-09-13,36.0,excellent,17.0,30.0,24.0,3.0,0.51,83.0
成都,2023-09-14,39.0,excellent,22.0,38.0,22.0,5.0,0.55,72.0
成都,2023-09-15,48.0,excellent,30.0,49.0,27.0,5.0,0.66,71.0
成都,2023-09-16,61.0,good,39.0,57.0,28.0,4.0,0.71,87.0
成都,2023-09-17,56.0,good,39.0,56.0,28.0,4.0,0.7,62.0
成都,2023-09-18,40.0,excellent,27.0,38.0,20.0,3.0,0.66,51.0
成都,2023-09-19,31.0,excellent,18.0,29.0,20.0,3.0,0.63,30.0
成都,2023-09-20,35.0,excellent,17.0,30.0,20.0,3.0,0.58,50.0
成都,2023-09-21,27.0,excellent,7.0,17.0,15.0,3.0,0.45,79.0
成都,2023-09-22,24.0,excellent,14.0,21.0,13.0,2.0,0.53,63.0
成都,2023-09-23,21.0,excellent,10.0,20.0,16.0,2.0,0.51,33.0
成都,2023-09-24,18.0,excellent,8.0,18.0,16.0,2.0,0.51,34.0
成都,2023-09-25,22.0,excellent,11.0,22.0,24.0,3.0,0.58,29.0
成都,2023-09-26,26.0,excellent,13.0,26.0,27.0,2.0,0.58,24.0
成都,2023-09-27,40.0,excellent,25.0,41.0,28.0,2.0,0.61,22.0
成都,2023-09-28,67.0,good,48.0,65.0,28.0,5.0,0.72,34.0
成都,2023-09-29,41.0,excellent,25.0,37.0,20.0,2.0,0.63,47.0
成都,2023-09-30,31.0,excellent,19.0,30.0,18.0,2.0,0.59,51.0
成都,2023-10-01,52.0,good,36.0,48.0,18.0,3.0,0.65,33.0
成都,2023-10-02,33.0,excellent,19.0,33.0,18.0,3.0,0.6,30.0
成都,2023-10-03,34.0,excellent,20.0,33.0,20.0,3.0,0.64,34.0
成都,2023-10-04,37.0,excellent,23.0,36.0,20.0,3.0,0.67,32.0
成都,2023-10-05,21.0,excellent,11.0,20.0,15.0,3.0,0.55,37.0
成都,2023-10-06,18.0,excellent,5.0,12.0,15.0,2.0,0.5,45.0
成都,2023-10-07,21.0,excellent,9.0,16.0,16.0,3.0,0.55,53.0
成都,2023-10-08,33.0,excellent,22.0,31.0,22.0,2.0,0.63,40.0
成都,2023-10-09,25.0,excellent,15.0,25.0,24.0,2.0,0.58,26.0
成都,2023-10-10,29.0,excellent,20.0,28.0,19.0,3.0,0.5,41.0
成都,2023-10-11,32.0,excellent,22.0,28.0,16.0,2.0,0.5,40.0
成都,2023-10-12,19.0,excellent,11.0,18.0,14.0,2.0,0.45,47.0
成都,2023-10-13,27.0,excellent,16.0,26.0,27.0,2.0,0.61,33.0
成都,2023-10-14,39.0,excellent,22.0,35.0,26.0,3.0,0.65,55.0
成都,2023-10-15,44.0,excellent,30.0,42.0,25.0,2.0,0.63,59.0
成都,2023-10-16,58.0,good,41.0,56.0,33.0,2.0,0.71,35.0
成都,2023-10-17,60.0,good,43.0,57.0,26.0,3.0,0.63,40.0
成都,2023-10-18,32.0,excellent,20.0,29.0,18.0,3.0,0.48,39.0
成都,2023-10-19,20.0,excellent,9.0,19.0,23.0,3.0,0.43,38.0
成都,2023-10-20,31.0,excellent,16.0,32.0,33.0,2.0,0.52,26.0
成都,2023-11-01,75.0,good,55.0,71.0,35.0,2.0,0.82,26.0
成都,2023-11-02,79.0,good,58.0,75.0,33.0,2.0,0.75,25.0
成都,2023-11-03,52.0,good,33.0,53.0,34.0,2.0,0.67,19.0
成都,2023-11-04,59.0,good,41.0,63.0,31.0,3.0,0.67,31.0
成都,2023-11-05,42.0,excellent,22.0,42.0,24.0,2.0,0.5,55.0
成都,2023-11-06,43.0,excellent,15.0,44.0,27.0,2.0,0.44,49.0
成都,2023-11-07,59.0,good,39.0,67.0,40.0,4.0,0.65,40.0
成都,2023-11-08,59.0,good,40.0,66.0,39.0,2.0,0.65,28.0
成都,2023-11-09,80.0,good,58.0,81.0,37.0,2.0,0.77,28.0
成都,2023-11-10,70.0,good,51.0,72.0,34.0,2.0,0.71,45.0
成都,2023-11-11,41.0,excellent,27.0,39.0,21.0,2.0,0.6,18.0
成都,2023-11-12,32.0,excellent,21.0,32.0,12.0,2.0,0.48,52.0
成都,2023-11-13,22.0,excellent,12.0,21.0,17.0,2.0,0.42,47.0
成都,2023-11-14,30.0,excellent,18.0,29.0,24.0,2.0,0.48,18.0
成都,2023-11-15,36.0,excellent,21.0,35.0,27.0,2.0,0.54,20.0
成都,2023-11-16,50.0,excellent,18.0,52.0,28.0,2.0,0.43,35.0
成都,2023-11-17,61.0,good,32.0,71.0,41.0,2.0,0.68,27.0
成都,2023-11-18,73.0,good,51.0,91.0,46.0,3.0,0.79,22.0
成都,2023-11-19,88.0,good,65.0,99.0,36.0,4.0,0.78,36.0
成都,2023-11-20,88.0,good,65.0,99.0,46.0,2.0,0.8,28.0
成都,2023-11-21,135.0,lightly_polluted,102.0,140.0,48.0,3.0,0.95,13.0
成都,2023-11-22,82.0,good,59.0,82.0,34.0,2.0,0.76,26.0
成都,2023-11-23,88.0,good,65.0,91.0,44.0,3.0,0.88,27.0
成都,2023-11-24,131.0,lightly_polluted,99.0,135.0,57.0,3.0,1.07,5.0
成都,2023-11-25,98.0,good,73.0,100.0,37.0,2.0,0.8,18.0
成都,2023-11-26,39.0,excellent,17.0,39.0,34.0,2.0,0.61,33.0
成都,2023-11-27,56.0,good,35.0,61.0,46.0,3.0,0.75,32.0
成都,2023-11-28,86.0,good,64.0,91.0,42.0,2.0,0.78,43.0
成都,2023-11-29,74.0,good,52.0,80.0,45.0,3.0,0.66,23.0
成都,2023-11-30,44.0,excellent,22.0,44.0,22.0,2.0,0.41,45.0
成都,2023-12-01,31.0,excellent,17.0,31.0,22.0,2.0,0.45,35.0
成都,2023-12-02,45.0,excellent,31.0,46.0,28.0,2.0,0.55,19.0
成都,2023-12-03,72.0,good,53.0,73.0,32.0,2.0,0.67,20.0
成都,2023-12-04,86.0,good,64.0,83.0,32.0,2.0,0.78,35.0
成都,2023-12-05,69.0,good,49.0,69.0,34.0,2.0,0.7,22.0
成都,2023-12-06,79.0,good,57.0,90.0,40.0,2.0,0.93,21.0
成都,2023-12-07,102.0,lightly_polluted,76.0,111.0,44.0,3.0,1.02,23.0
成都,2023-12-08,134.0,lightly_polluted,101.0,133.0,47.0,2.0,1.12,20.0
成都,2023-12-09,155.0,moderately_polluted,117.0,148.0,46.0,2.0,1.27,23.0
成都,2023-12-10,213.0,heavily_polluted,164.0,194.0,56.0,2.0,1.4,12.0
成都,2023-12-11,131.0,lightly_polluted,99.0,126.0,41.0,3.0,1.07,31.0
成都,2023-12-12,60.0,good,41.0,66.0,37.0,3.0,0.83,18.0
成都,2023-12-13,55.0,good,37.0,59.0,34.0,2.0,0.78,21.0
成都,2023-12-14,61.0,good,42.0,62.0,35.0,2.0,0.83,23.0
成都,2023-12-15,54.0,good,16.0,62.0,16.0,2.0,0.4,41.0
成都,2023-12-16,56.0,good,12.0,63.0,19.0,2.0,0.33,49.0
成都,2023-12-17,65.0,good,27.0,79.0,26.0,2.0,0.44,31.0
成都,2023-12-18,61.0,good,39.0,72.0,28.0,2.0,0.54,30.0
成都,2023-12-19,64.0,good,46.0,70.0,29.0,2.0,0.53,39.0
成都,2023-12-20,54.0,good,36.0,55.0,23.0,2.0,0.45,43.0
成都,2023-12-21,78.0,good,57.0,78.0,30.0,2.0,0.54,23.0
成都,2023-12-22,110.0,lightly_polluted,83.0,106.0,39.0,3.0,0.69,14.0
成都,2023-12-23,106.0,lightly_polluted,80.0,102.0,39.0,2.0,0.78,16.0
成都,2023-12-24,79.0,good,58.0,75.0,33.0,2.0,0.76,30.0
成都,2023-12-25,97.0,good,72.0,97.0,50.0,2.0,0.89,21.0
成都,2023-12-26,123.0,lightly_polluted,93.0,118.0,46.0,2.0,0.96,37.0
成都,2023-12-27,150.0,lightly_polluted,114.0,141.0,56.0,2.0,1.13,32.0
成都,2023-12-28,170.0,moderately_polluted,129.0,157.0,63.0,2.0,1.1,12.0
成都,2023-12-29,179.0,moderately_polluted,137.0,166.0,53.0,2.0,1.18,32.0
成都,2023-12-30,176.0,moderately_polluted,134.0,157.0,44.0,2.0,1.08,28.0
成都,2023-12-31,193.0,moderately_polluted,146.0,168.0,42.0,2.0,1.18,13.0
武汉,2023-01-01,191.0,moderately_polluted,145.0,169.0,84.0,11.0,1.47,21.0
武汉,2023-01-02,172.0,moderately_polluted,130.0,144.0,44.0,10.0,1.13,49.0
武汉,2023-01-03,239.0,heavily_polluted,189.0,207.0,59.0,9.0,1.49,58.0
武汉,2023-01-04,120.0,lightly_polluted,90.0,111.0,50.0,9.0,1.19,56.0
武汉,2023-01-05,93.0,good,69.0,85.0,65.0,10.0,1.15,23.0
武汉,2023-01-06,201.0,heavily_polluted,153.0,174.0,69.0,11.0,1.25,42.0
武汉,2023-01-07,130.0,lightly_polluted,98.0,128.0,72.0,9.0,1.26,38.0
武汉,2023-01-08,99.0,good,74.0,104.0,78.0,14.0,1.39,30.0
武汉,2023-01-09,186.0,moderately_polluted,145.0,169.0,63.0,11.0,1.35,67.0
武汉,2023-01-10,209.0,heavily_polluted,162.0,205.0,50.0,10.0,1.55,52.0
武汉,2023-01-11,116.0,lightly_polluted,87.0,125.0,59.0,9.0,1.37,38.0
武汉,2023-01-12,88.0,good,64.0,107.0,51.0,9.0,1.39,20.0
武汉,2023-01-13,68.0,good,48.0,65.0,34.0,7.0,1.28,10.0
武汉,2023-01-14,28.0,excellent,17.0,25.0,14.0,5.0,0.82,42.0
武汉,2023-01-15,24.0,excellent,13.0,22.0,9.0,5.0,0.47,65.0
武汉,2023-01-16,41.0,excellent,27.0,40.0,21.0,7.0,0.61,61.0
武汉,2023-01-17,55.0,good,38.0,53.0,25.0,7.0,0.6,62.0
武汉,2023-01-18,77.0,good,56.0,79.0,38.0,7.0,0.77,50.0
武汉,2023-01-19,79.0,good,57.0,89.0,51.0,8.0,0.83,48.0
武汉,2023-01-20,89.0,good,64.0,102.0,36.0,8.0,0.84,63.0
武汉,2023-01-21,113.0,lightly_polluted,85.0,139.0,27.0,9.0,0.96,67.0
武汉,2023-01-22,135.0,lightly_polluted,102.0,129.0,19.0,8.0,0.78,58.0
武汉,2023-01-23,166.0,moderately_polluted,127.0,159.0,17.0,7.0,0.88,65.0
武汉,2023-01-24,77.0,good,47.0,93.0,10.0,7.0,0.61,75.0
武汉,2023-01-25,49.0,excellent,32.0,45.0,16.0,8.0,0.72,68.0
武汉,2023-01-26,85.0,good,62.0,78.0,30.0,12.0,1.19,47.0
武汉,2023-01-27,101.0,lightly_polluted,75.0,112.0,19.0,9.0,0.81,74.0
武汉,2023-01-28,67.0,good,44.0,80.0,41.0,8.0,0.79,53.0
武汉,2023-01-29,86.0,good,64.0,95.0,56.0,9.0,0.88,57.0
武汉,2023-01-30,102.0,lightly_polluted,76.0,103.0,59.0,12.0,1.21,57.0
武汉,2023-01-31,74.0,good,54.0,74.0,59.0,13.0,1.23,55.0
武汉,2023-02-01,133.0,lightly_polluted,99.0,129.0,56.0,12.0,1.15,60.0
武汉,2023-02-02,65.0,good,32.0,82.0,23.0,8.0,0.62,51.0
武汉,2023-02-03,62.0,good,44.0,56.0,35.0,8.0,0.8,39.0
武汉,2023-02-04,124.0,lightly_polluted,94.0,110.0,55.0,10.0,1.01,40.0
武汉,2023-02-05,135.0,lightly_polluted,103.0,115.0,46.0,8.0,1.06,40.0
武汉,2023-02-06,159.0,moderately_polluted,121.0,141.0,52.0,9.0,1.24,30.0
武汉,2023-02-07,111.0,lightly_polluted,83.0,102.0,38.0,7.0,0.96,49.0
武汉,2023-02-08,53.0,good,38.0,46.0,30.0,6.0,0.85,27.0
武汉,2023-02-09,45.0,excellent,32.0,37.0,24.0,6.0,0.75,48.0
武汉,2023-02-10,43.0,excellent,30.0,31.0,32.0,6.0,0.8,35.0
武汉,2023-02-11,42.0,excellent,29.0,33.0,37.0,6.0,0.9,18.0
武汉,2023-02-12,21.0,excellent,13.0,17.0,28.0,6.0,0.71,25.0
武汉,2023-02-13,29.0,excellent,19.0,19.0,22.0,6.0,0.9,40.0
武汉,2023-02-14,54.0,good,38.0,42.0,23.0,7.0,0.64,67.0
武汉,2023-02-15,85.0,good,62.0,65.0,41.0,8.0,0.96,56.0
武汉,2023-02-16,90.0,good,66.0,79.0,61.0,11.0,1.13,37.0
武汉,2023-02-17,98.0,good,73.0,89.0,62.0,12.0,1.22,28.0
武汉,2023-02-18,98.0,good,73.0,95.0,62.0,10.0,1.31,14.0
武汉,2023-02-19,91.0,good,67.0,103.0,46.0,8.0,0.84,65.0
武汉,2023-02-20,75.0,good,55.0,86.0,53.0,10.0,0.83,72.0
武汉,2023-02-21,69.0,good,50.0,71.0,40.0,9.0,0.7,72.0
武汉,2023-02-22,54.0,good,37.0,46.0,41.0,7.0,0.7,39.0
武汉,2023-02-23,68.0,good,49.0,53.0,49.0,6.0,0.7,22.0
武汉,2023-02-24,58.0,good,41.0,44.0,34.0,6.0,0.57,45.0
武汉,2023-02-25,66.0,good,48.0,50.0,37.0,7.0,0.69,61.0
武汉,2023-02-26,90.0,good,67.0,82.0,47.0,10.0,0.84,63.0
武汉,2023-02-27,56.0,good,39.0,55.0,55.0,12.0,0.8,60.0
武汉,2023-02-28,86.0,good,64.0,90.0,89.0,15.0,1.09,23.0
武汉,2023-03-01,139.0,lightly_polluted,106.0,134.0,59.0,11.0,1.0,69.0
武汉,2023-03-02,124.0,lightly_polluted,94.0,123.0,59.0,12.0,1.02,80.0
武汉,2023-03-03,101.0,lightly_polluted,76.0,109.0,82.0,12.0,1.02,61.0
武汉,2023-03-04,110.0,lightly_polluted,81.0,117.0,55.0,9.0,0.9,78.0
武汉,2023-03-05,76.0,good,53.0,92.0,73.0,10.0,0.94,57.0
武汉,2023-03-06,72.0,good,49.0,92.0,76.0,14.0,1.03,61.0
武汉,2023-03-07,93.0,good,69.0,120.0,97.0,20.0,1.36,27.0
武汉,2023-03-08,95.0,good,69.0,125.0,53.0,9.0,1.14,57.0
武汉,2023-03-09,67.0,good,47.0,80.0,41.0,7.0,1.08,63.0
武汉,2023-03-10,78.0,good,49.0,95.0,71.0,11.0,1.23,43.0
武汉,2023-03-11,53.0,good,31.0,59.0,35.0,8.0,0.8,74.0
武汉,2023-03-12,96.0,good,18.0,142.0,16.0,7.0,0.41,83.0
武汉,2023-03-13,65.0,good,18.0,80.0,31.0,9.0,0.57,78.0
武汉,2023-03-14,67.0,good,26.0,84.0,40.0,9.0,0.61,87.0
武汉,2023-03-15,99.0,good,50.0,149.0,58.0,15.0,1.04,75.0
武汉,2023-03-16,106.0,lightly_polluted,38.0,164.0,32.0,9.0,0.81,66.0
武汉,2023-03-17,20.0,excellent,13.0,16.0,18.0,5.0,0.5,54.0
武汉,2023-03-18,35.0,excellent,24.0,29.0,27.0,6.0,0.63,45.0
武汉,2023-03-19,46.0,excellent,32.0,40.0,37.0,6.0,0.78,26.0
武汉,2023-03-20,47.0,excellent,32.0,47.0,41.0,6.0,1.01,16.0
武汉,2023-03-21,38.0,excellent,26.0,37.0,41.0,6.0,1.03,12.0
武汉,2023-03-22,56.0,good,39.0,59.0,34.0,5.0,0.94,29.0
武汉,2023-03-23,72.0,good,43.0,92.0,30.0,6.0,0.92,57.0
武汉,2023-03-24,106.0,lightly_polluted,37.0,162.0,23.0,6.0,0.58,68.0
武汉,2023-03-25,55.0,good,21.0,60.0,33.0,6.0,0.58,52.0
武汉,2023-03-26,60.0,good,29.0,70.0,48.0,8.0,0.69,56.0
武汉,2023-03-27,90.0,good,55.0,130.0,53.0,11.0,0.89,74.0
武汉,2023-03-28,93.0,good,56.0,136.0,76.0,10.0,1.09,43.0
武汉,2023-03-29,101.0,lightly_polluted,70.0,151.0,80.0,10.0,1.05,28.0
武汉,2023-03-30,79.0,good,54.0,106.0,52.0,8.0,0.86,70.0
武汉,2023-03-31,75.0,good,50.0,100.0,57.0,8.0,1.0,72.0
武汉,2023-04-01,70.0,good,46.0,88.0,50.0,9.0,1.0,89.0
武汉,2023-04-02,59.0,good,34.0,67.0,27.0,10.0,0.94,107.0
武汉,2023-04-03,30.0,excellent,17.0,26.0,22.0,6.0,0.96,59.0
武汉,2023-04-04,22.0,excellent,10.0,14.0,17.0,5.0,0.63,64.0
武汉,2023-04-05,29.0,excellent,12.0,17.0,15.0,6.0,0.59,92.0
武汉,2023-04-06,38.0,excellent,24.0,34.0,28.0,6.0,0.65,70.0
武汉,2023-04-07,70.0,good,35.0,91.0,46.0,7.0,0.7,60.0
武汉,2023-04-08,64.0,good,32.0,79.0,37.0,8.0,0.62,97.0
武汉,2023-04-09,61.0,good,33.0,73.0,54.0,9.0,0.7,81.0
武汉,2023-04-10,65.0,good,37.0,79.0,48.0,9.0,0.82,79.0
武汉,2023-04-11,102.0,lightly_polluted,51.0,134.0,38.0,9.0,0.77,77.0
武汉,2023-04-12,198.0,moderately_polluted,88.0,283.0,29.0,10.0,0.81,103.0
武汉,2023-04-13,86.0,good,50.0,120.0,32.0,7.0,1.08,59.0
武汉,2023-04-14,71.0,good,38.0,92.0,26.0,6.0,0.93,71.0
武汉,2023-04-15,98.0,good,42.0,146.0,29.0,9.0,0.62,88.0
武汉,2023-04-16,69.0,good,34.0,87.0,25.0,9.0,0.63,115.0
武汉,2023-04-17,65.0,good,36.0,80.0,37.0,9.0,0.84,97.0
武汉,2023-04-18,51.0,good,31.0,54.0,33.0,6.0,0.81,78.0
武汉,2023-04-19,69.0,good,43.0,88.0,37.0,6.0,0.9,83.0
武汉,2023-04-20,83.0,good,47.0,93.0,41.0,7.0,1.01,120.0
武汉,2023-04-21,59.0,good,28.0,68.0,19.0,6.0,0.69,92.0
武汉,2023-04-22,36.0,excellent,14.0,36.0,17.0,6.0,0.43,66.0
武汉,2023-04-23,18.0,excellent,9.0,12.0,18.0,5.0,0.51,49.0
武汉,2023-04-24,22.0,excellent,10.0,18.0,18.0,6.0,0.42,58.0
武汉,2023-04-25,32.0,excellent,18.0,30.0,20.0,6.0,0.43,71.0
武汉,2023-04-26,38.0,excellent,18.0,32.0,32.0,7.0,0.53,86.0
武汉,2023-04-27,45.0,excellent,25.0,45.0,36.0,8.0,0.77,76.0
武汉,2023-04-28,54.0,good,31.0,58.0,43.0,10.0,0.98,51.0
武汉,2023-04-29,116.0,lightly_polluted,44.0,182.0,24.0,6.0,0.38,79.0
武汉,2023-04-30,96.0,good,43.0,143.0,47.0,8.0,0.52,72.0
武汉,2023-05-01,70.0,good,34.0,90.0,44.0,10.0,0.75,86.0
武汉,2023-05-02,63.0,good,33.0,76.0,34.0,9.0,0.78,81.0
武汉,2023-05-03,48.0,excellent,30.0,50.0,26.0,7.0,0.95,62.0
武汉,2023-05-04,30.0,excellent,16.0,27.0,24.0,5.0,0.65,50.0
武汉,2023-05-05,25.0,excellent,11.0,21.0,14.0,5.0,0.68,71.0
武汉,2023-05-06,27.0,excellent,15.0,26.0,14.0,5.0,0.59,67.0
武汉,2023-05-07,38.0,excellent,16.0,37.0,13.0,7.0,0.43,100.0
武汉,2023-05-08,46.0,excellent,21.0,40.0,22.0,8.0,0.55,122.0
武汉,2023-05-09,47.0,excellent,22.0,42.0,26.0,11.0,0.63,118.0
武汉,2023-05-10,38.0,excellent,25.0,38.0,21.0,6.0,0.53,94.0
武汉,2023-05-11,49.0,excellent,32.0,52.0,23.0,6.0,0.55,106.0
武汉,2023-05-12,57.0,good,35.0,62.0,30.0,7.0,0.57,106.0
武汉,2023-05-13,51.0,good,30.0,52.0,36.0,8.0,0.62,90.0
武汉,2023-05-14,59.0,good,38.0,64.0,40.0,8.0,0.71,93.0
武汉,2023-05-15,61.0,good,38.0,66.0,35.0,8.0,0.64,104.0
武汉,2023-05-16,65.0,good,46.0,73.0,35.0,8.0,0.82,74.0
武汉,2023-05-17,27.0,excellent,13.0,24.0,26.0,5.0,0.71,62.0
武汉,2023-05-18,59.0,good,26.0,50.0,38.0,6.0,0.79,97.0
武汉,2023-05-19,65.0,good,39.0,67.0,40.0,7.0,0.81,103.0
武汉,2023-05-20,68.0,good,47.0,80.0,32.0,6.0,0.88,91.0
武汉,2023-05-21,61.0,good,38.0,72.0,23.0,8.0,0.78,64.0
武汉,2023-05-22,51.0,good,24.0,57.0,13.0,6.0,0.44,80.0
武汉,2023-05-23,59.0,good,35.0,68.0,29.0,7.0,0.63,78.0
武汉,2023-05-24,41.0,excellent,24.0,40.0,22.0,6.0,0.5,89.0
武汉,2023-05-25,48.0,excellent,27.0,49.0,36.0,7.0,0.7,72.0
武汉,2023-05-26,31.0,excellent,18.0,30.0,26.0,6.0,0.93,66.0
武汉,2023-05-27,36.0,excellent,18.0,36.0,20.0,5.0,0.82,74.0
武汉,2023-05-28,45.0,excellent,21.0,47.0,20.0,4.0,0.78,62.0
武汉,2023-05-29,37.0,excellent,19.0,36.0,15.0,5.0,0.76,72.0
武汉,2023-05-30,29.0,excellent,14.0,26.0,13.0,5.0,0.72,57.0
武汉,2023-05-31,29.0,excellent,15.0,26.0,14.0,6.0,0.7,86.0
武汉,2023-06-01,44.0,excellent,22.0,39.0,22.0,6.0,0.66,110.0
武汉,2023-06-02,59.0,good,35.0,69.0,46.0,7.0,0.74,82.0
武汉,2023-06-03,41.0,excellent,15.0,41.0,20.0,9.0,0.56,98.0
武汉,2023-06-04,54.0,good,29.0,62.0,18.0,8.0,0.61,91.0
武汉,2023-06-05,26.0,excellent,6.0,13.0,14.0,6.0,0.5,84.0
武汉,2023-06-06,33.0,excellent,15.0,25.0,21.0,6.0,0.51,88.0
武汉,2023-06-07,47.0,excellent,22.0,40.0,32.0,6.0,0.62,99.0
武汉,2023-06-08,48.0,excellent,20.0,35.0,24.0,7.0,0.55,119.0
武汉,2023-06-09,57.0,good,28.0,51.0,33.0,7.0,0.62,101.0
武汉,2023-06-10,59.0,good,27.0,50.0,29.0,7.0,0.62,120.0
武汉,2023-06-11,67.0,good,36.0,75.0,36.0,7.0,0.78,116.0
武汉,2023-06-12,79.0,good,34.0,67.0,35.0,8.0,0.78,150.0
武汉,2023-06-13,49.0,excellent,22.0,40.0,23.0,7.0,0.66,131.0
武汉,2023-06-14,71.0,good,24.0,42.0,34.0,7.0,0.7,139.0
武汉,2023-06-15,68.0,good,32.0,57.0,36.0,9.0,0.84,139.0
武汉,2023-06-16,49.0,excellent,29.0,48.0,24.0,9.0,0.76,115.0
武汉,2023-06-17,40.0,excellent,24.0,40.0,20.0,7.0,0.82,69.0
武汉,2023-06-18,46.0,excellent,22.0,48.0,24.0,6.0,0.89,43.0
武汉,2023-06-19,18.0,excellent,8.0,17.0,18.0,5.0,0.69,54.0
武汉,2023-06-20,40.0,excellent,16.0,30.0,22.0,6.0,0.66,103.0
武汉,2023-06-21,49.0,excellent,23.0,41.0,25.0,6.0,0.74,106.0
武汉,2023-06-22,39.0,excellent,19.0,34.0,22.0,7.0,0.75,88.0
武汉,2023-06-23,32.0,excellent,17.0,25.0,19.0,8.0,0.67,96.0
武汉,2023-06-24,38.0,excellent,22.0,39.0,23.0,7.0,0.72,77.0
武汉,2023-06-25,36.0,excellent,20.0,36.0,19.0,7.0,0.56,80.0
武汉,2023-06-26,45.0,excellent,20.0,38.0,27.0,7.0,0.53,92.0
武汉,2023-06-27,33.0,excellent,13.0,27.0,24.0,6.0,0.5,68.0
武汉,2023-06-28,25.0,excellent,12.0,23.0,16.0,6.0,0.41,66.0
武汉,2023-06-29,26.0,excellent,12.0,24.0,15.0,6.0,0.45,70.0
武汉,2023-06-30,24.0,excellent,11.0,23.0,17.0,5.0,0.58,72.0
武汉,2023-07-01,34.0,excellent,16.0,34.0,20.0,5.0,0.68,72.0
武汉,2023-07-02,32.0,excellent,16.0,31.0,18.0,5.0,0.74,61.0
武汉,2023-07-03,35.0,excellent,18.0,34.0,14.0,5.0,0.53,71.0
武汉,2023-07-04,27.0,excellent,8.0,20.0,14.0,5.0,0.45,74.0
武汉,2023-07-05,32.0,excellent,10.0,23.0,16.0,7.0,0.47,101.0
武汉,2023-07-06,28.0,excellent,12.0,25.0,14.0,5.0,0.47,74.0
武汉,2023-07-07,27.0,excellent,12.0,27.0,14.0,6.0,0.5,72.0
武汉,2023-07-08,25.0,excellent,13.0,24.0,18.0,5.0,0.56,48.0
武汉,2023-07-09,25.0,excellent,11.0,22.0,15.0,5.0,0.64,62.0
武汉,2023-07-10,27.0,excellent,11.0,23.0,17.0,5.0,0.59,74.0
武汉,2023-07-11,30.0,excellent,14.0,26.0,14.0,5.0,0.52,79.0
武汉,2023-07-12,32.0,excellent,14.0,28.0,13.0,5.0,0.52,87.0
武汉,2023-07-13,33.0,excellent,16.0,29.0,13.0,6.0,0.5,95.0
武汉,2023-07-14,26.0,excellent,9.0,21.0,14.0,5.0,0.55,74.0
武汉,2023-07-15,41.0,excellent,17.0,44.0,19.0,6.0,0.57,90.0
武汉,2023-07-16,54.0,good,25.0,58.0,20.0,7.0,0.72,107.0
武汉,2023-07-17,41.0,excellent,21.0,38.0,18.0,6.0,0.73,94.0
武汉,2023-07-18,34.0,excellent,15.0,31.0,17.0,7.0,0.75,80.0
武汉,2023-07-19,32.0,excellent,15.0,32.0,21.0,6.0,0.72,56.0
武汉,2023-07-20,33.0,excellent,15.0,33.0,23.0,6.0,0.83,52.0
武汉,2023-07-21,27.0,excellent,12.0,24.0,14.0,8.0,0.63,64.0
武汉,2023-07-22,19.0,excellent,5.0,11.0,12.0,8.0,0.53,60.0
武汉,2023-07-23,31.0,excellent,12.0,27.0,18.0,8.0,0.77,67.0
武汉,2023-07-24,41.0,excellent,18.0,38.0,17.0,6.0,0.76,86.0
武汉,2023-07-25,44.0,excellent,21.0,46.0,35.0,6.0,0.79,49.0
武汉,2023-07-26,37.0,excellent,18.0,35.0,25.0,7.0,0.64,75.0
武汉,2023-07-27,27.0,excellent,11.0,23.0,16.0,7.0,0.64,65.0
武汉,2023-07-28,25.0,excellent,11.0,23.0,19.0,7.0,0.7,57.0
武汉,2023-07-29,17.0,excellent,7.0,15.0,15.0,6.0,0.49,46.0
武汉,2023-07-30,24.0,excellent,11.0,22.0,13.0,6.0,0.55,58.0
武汉,2023-07-31,29.0,excellent,13.0,28.0,17.0,6.0,0.74,64.0
武汉,2023-08-01,35.0,excellent,15.0,30.0,16.0,6.0,0.65,82.0
武汉,2023-08-02,34.0,excellent,14.0,29.0,20.0,6.0,0.65,78.0
武汉,2023-08-03,46.0,excellent,20.0,41.0,27.0,6.0,0.67,92.0
武汉,2023-08-04,49.0,excellent,23.0,45.0,25.0,5.0,0.57,100.0
武汉,2023-08-05,46.0,excellent,22.0,41.0,23.0,6.0,0.59,101.0
武汉,2023-08-06,43.0,excellent,21.0,42.0,26.0,5.0,0.66,74.0
武汉,2023-08-07,34.0,excellent,17.0,33.0,10.0,5.0,0.71,97.0
武汉,2023-08-08,36.0,excellent,18.0,34.0,12.0,6.0,0.73,91.0
武汉,2023-08-09,40.0,excellent,19.0,34.0,14.0,7.0,0.74,120.0
武汉,2023-08-10,41.0,excellent,21.0,34.0,17.0,7.0,0.7,112.0
武汉,2023-08-11,48.0,excellent,26.0,43.0,22.0,7.0,0.72,110.0
武汉,2023-08-12,51.0,good,29.0,50.0,24.0,7.0,0.78,105.0
武汉,2023-08-13,33.0,excellent,15.0,28.0,12.0,6.0,0.6,101.0
武汉,2023-08-14,35.0,excellent,17.0,29.0,15.0,7.0,0.7,108.0
武汉,2023-08-15,50.0,excellent,21.0,37.0,21.0,7.0,0.75,117.0
武汉,2023-08-16,63.0,good,26.0,43.0,26.0,8.0,0.78,131.0
武汉,2023-08-17,62.0,good,29.0,47.0,32.0,7.0,0.63,115.0
武汉,2023-08-18,52.0,good,27.0,42.0,20.0,7.0,0.75,122.0
武汉,2023-08-19,58.0,good,25.0,40.0,19.0,8.0,0.77,136.0
武汉,2023-08-20,60.0,good,22.0,39.0,17.0,9.0,0.79,144.0
武汉,2023-08-21,42.0,excellent,25.0,40.0,21.0,6.0,0.76,91.0
武汉,2023-08-22,29.0,excellent,12.0,20.0,13.0,6.0,0.6,92.0
武汉,2023-08-23,50.0,excellent,21.0,35.0,23.0,8.0,0.63,115.0
武汉,2023-08-24,63.0,good,26.0,47.0,27.0,9.0,0.62,130.0
武汉,2023-08-25,53.0,good,32.0,53.0,20.0,8.0,0.8,115.0
武汉,2023-08-26,62.0,good,34.0,54.0,19.0,8.0,0.72,121.0
武汉,2023-08-27,30.0,excellent,14.0,24.0,14.0,7.0,0.61,61.0
武汉,2023-08-28,26.0,excellent,8.0,14.0,9.0,6.0,0.46,82.0
武汉,2023-08-29,33.0,excellent,18.0,27.0,12.0,7.0,0.53,101.0
武汉,2023-08-30,32.0,excellent,18.0,28.0,16.0,7.0,0.54,99.0
武汉,2023-08-31,54.0,good,27.0,41.0,31.0,8.0,0.64,105.0
武汉,2023-09-01,44.0,excellent,21.0,32.0,22.0,8.0,0.61,114.0
武汉,2023-09-02,40.0,excellent,17.0,28.0,20.0,9.0,0.73,120.0
武汉,2023-09-03,40.0,excellent,26.0,39.0,25.0,8.0,0.79,103.0
武汉,2023-09-04,48.0,excellent,27.0,44.0,28.0,8.0,0.76,99.0
武汉,2023-09-05,37.0,excellent,21.0,33.0,16.0,8.0,0.63,100.0
武汉,2023-09-06,32.0,excellent,17.0,28.0,16.0,7.0,0.63,80.0
武汉,2023-09-07,36.0,excellent,19.0,31.0,19.0,8.0,0.62,89.0
武汉,2023-09-08,48.0,excellent,22.0,36.0,22.0,8.0,0.63,108.0
武汉,2023-09-09,57.0,good,25.0,40.0,22.0,9.0,0.68,125.0
武汉,2023-09-10,57.0,good,29.0,48.0,23.0,9.0,0.76,112.0
武汉,2023-09-11,47.0,excellent,29.0,45.0,18.0,8.0,0.87,92.0
武汉,2023-09-12,32.0,excellent,14.0,20.0,12.0,7.0,0.7,96.0
武汉,2023-09-13,32.0,excellent,14.0,18.0,11.0,7.0,0.61,99.0
武汉,2023-09-14,27.0,excellent,12.0,20.0,20.0,8.0,0.68,79.0
武汉,2023-09-15,42.0,excellent,18.0,31.0,26.0,8.0,0.66,95.0
武汉,2023-09-16,44.0,excellent,22.0,34.0,27.0,8.0,0.73,91.0
武汉,2023-09-17,47.0,excellent,25.0,42.0,33.0,9.0,0.81,84.0
武汉,2023-09-18,45.0,excellent,23.0,41.0,23.0,9.0,0.79,89.0
武汉,2023-09-19,38.0,excellent,19.0,35.0,19.0,8.0,0.65,73.0
武汉,2023-09-20,22.0,excellent,7.0,13.0,12.0,7.0,0.55,66.0
武汉,2023-09-21,26.0,excellent,5.0,10.0,12.0,6.0,0.52,83.0
武汉,2023-09-22,27.0,excellent,15.0,26.0,23.0,7.0,0.7,55.0
武汉,2023-09-23,16.0,excellent,9.0,16.0,19.0,6.0,0.65,35.0
武汉,2023-09-24,30.0,excellent,14.0,30.0,20.0,7.0,0.75,41.0
武汉,2023-09-25,20.0,excellent,11.0,20.0,17.0,7.0,0.71,40.0
武汉,2023-09-26,24.0,excellent,13.0,24.0,23.0,7.0,0.72,32.0
武汉,2023-09-27,35.0,excellent,20.0,35.0,28.0,7.0,0.82,46.0
武汉,2023-09-28,38.0,excellent,22.0,38.0,23.0,7.0,0.76,59.0
武汉,2023-09-29,53.0,good,34.0,58.0,18.0,7.0,0.78,67.0
武汉,2023-09-30,21.0,excellent,10.0,15.0,17.0,7.0,0.61,54.0
武汉,2023-10-01,34.0,excellent,22.0,32.0,19.0,7.0,0.68,73.0
武汉,2023-10-02,38.0,excellent,24.0,36.0,17.0,7.0,0.74,65.0
武汉,2023-10-03,18.0,excellent,7.0,9.0,14.0,7.0,0.52,55.0
武汉,2023-10-04,23.0,excellent,15.0,22.0,19.0,7.0,0.59,49.0
武汉,2023-10-05,44.0,excellent,29.0,43.0,14.0,7.0,0.6,87.0
武汉,2023-10-06,27.0,excellent,11.0,27.0,15.0,8.0,0.43,75.0
武汉,2023-10-07,23.0,excellent,15.0,21.0,17.0,7.0,0.48,49.0
武汉,2023-10-08,24.0,excellent,11.0,19.0,24.0,7.0,0.53,60.0
武汉,2023-10-09,28.0,excellent,16.0,26.0,34.0,8.0,0.55,51.0
武汉,2023-10-10,38.0,excellent,25.0,38.0,39.0,8.0,0.64,50.0
武汉,2023-10-11,48.0,excellent,31.0,48.0,38.0,8.0,0.66,74.0
武汉,2023-10-12,53.0,good,36.0,53.0,35.0,9.0,0.76,76.0
武汉,2023-10-13,61.0,good,43.0,64.0,31.0,8.0,0.68,85.0
武汉,2023-10-14,68.0,good,48.0,73.0,52.0,9.0,0.7,77.0
武汉,2023-10-15,70.0,good,50.0,73.0,54.0,9.0,0.71,69.0
武汉,2023-10-16,68.0,good,46.0,73.0,63.0,10.0,0.93,66.0
武汉,2023-10-17,62.0,good,40.0,63.0,48.0,11.0,0.77,92.0
武汉,2023-10-18,70.0,good,46.0,73.0,50.0,12.0,0.85,90.0
武汉,2023-10-19,62.0,good,42.0,68.0,27.0,9.0,0.63,74.0
武汉,2023-10-20,26.0,excellent,12.0,20.0,18.0,7.0,0.42,76.0
武汉,2023-11-01,69.0,good,47.0,74.0,65.0,8.0,0.93,67.0
武汉,2023-11-02,60.0,good,42.0,63.0,55.0,9.0,0.81,71.0
武汉,2023-11-03,83.0,good,57.0,99.0,55.0,11.0,1.01,73.0
武汉,2023-11-04,81.0,good,48.0,110.0,41.0,8.0,0.94,24.0
武汉,2023-11-05,54.0,good,38.0,66.0,37.0,7.0,1.0,22.0
武汉,2023-11-06,25.0,excellent,12.0,25.0,34.0,7.0,0.61,46.0
武汉,2023-11-07,43.0,excellent,23.0,43.0,45.0,10.0,0.8,53.0
武汉,2023-11-08,39.0,excellent,25.0,37.0,33.0,8.0,0.73,67.0
武汉,2023-11-09,44.0,excellent,30.0,42.0,32.0,8.0,0.86,34.0
武汉,2023-11-10,56.0,good,38.0,57.0,26.0,6.0,0.74,40.0
武汉,2023-11-11,29.0,excellent,18.0,28.0,28.0,6.0,0.55,25.0
武汉,2023-11-12,40.0,excellent,28.0,31.0,20.0,6.0,0.55,54.0
武汉,2023-11-13,55.0,good,39.0,47.0,32.0,8.0,0.58,52.0
武汉,2023-11-14,65.0,good,47.0,59.0,60.0,8.0,0.86,27.0
武汉,2023-11-15,80.0,good,59.0,73.0,60.0,10.0,1.14,24.0
武汉,2023-11-16,82.0,good,40.0,104.0,33.0,6.0,0.57,40.0
武汉,2023-11-17,96.0,good,45.0,141.0,51.0,7.0,0.67,31.0
武汉,2023-11-18,76.0,good,46.0,101.0,60.0,9.0,1.0,29.0
武汉,2023-11-19,69.0,good,46.0,87.0,66.0,10.0,0.98,34.0
武汉,2023-11-20,74.0,good,52.0,89.0,71.0,11.0,1.15,33.0
武汉,2023-11-21,68.0,good,47.0,80.0,69.0,12.0,1.15,39.0
武汉,2023-11-22,76.0,good,56.0,94.0,81.0,11.0,1.37,18.0
武汉,2023-11-23,73.0,good,39.0,85.0,42.0,8.0,0.91,48.0
武汉,2023-11-24,54.0,good,25.0,60.0,27.0,9.0,0.63,56.0
武汉,2023-11-25,50.0,excellent,32.0,53.0,41.0,11.0,0.91,32.0
武汉,2023-11-26,70.0,good,50.0,55.0,32.0,6.0,0.72,28.0
武汉,2023-11-27,71.0,good,51.0,74.0,53.0,7.0,0.98,23.0
武汉,2023-11-28,85.0,good,62.0,96.0,61.0,9.0,1.37,36.0
武汉,2023-11-29,76.0,good,55.0,90.0,43.0,9.0,0.92,52.0
武汉,2023-11-30,45.0,excellent,27.0,46.0,32.0,10.0,0.56,32.0
武汉,2023-12-01,40.0,excellent,27.0,37.0,39.0,9.0,0.55,36.0
武汉,2023-12-02,55.0,good,38.0,53.0,63.0,10.0,0.8,25.0
武汉,2023-12-03,76.0,good,55.0,69.0,69.0,11.0,1.01,34.0
武汉,2023-12-04,86.0,good,63.0,76.0,56.0,10.0,0.81,39.0
武汉,2023-12-05,92.0,good,68.0,91.0,76.0,10.0,1.23,31.0
武汉,2023-12-06,94.0,good,69.0,106.0,76.0,10.0,1.08,33.0
武汉,2023-12-07,62.0,good,38.0,73.0,63.0,9.0,0.77,39.0
武汉,2023-12-08,75.0,good,54.0,84.0,71.0,10.0,1.21,24.0
武汉,2023-12-09,62.0,good,40.0,72.0,71.0,12.0,1.14,16.0
武汉,2023-12-10,60.0,good,42.0,60.0,32.0,7.0,0.96,22.0
武汉,2023-12-11,20.0,excellent,13.0,17.0,19.0,5.0,0.58,28.0
武汉,2023-12-12,42.0,excellent,29.0,32.0,25.0,6.0,0.79,39.0
武汉,2023-12-13,54.0,good,38.0,43.0,31.0,6.0,0.92,15.0
武汉,2023-12-14,14.0,excellent,6.0,8.0,27.0,6.0,0.93,8.0
武汉,2023-12-15,28.0,excellent,18.0,23.0,16.0,6.0,0.78,36.0
武汉,2023-12-16,31.0,excellent,13.0,31.0,12.0,6.0,0.5,59.0
武汉,2023-12-17,33.0,excellent,20.0,32.0,20.0,7.0,0.63,56.0
武汉,2023-12-18,37.0,excellent,25.0,27.0,24.0,6.0,0.65,39.0
武汉,2023-12-19,45.0,excellent,31.0,33.0,29.0,6.0,0.6,36.0
武汉,2023-12-20,89.0,good,66.0,69.0,27.0,6.0,0.78,53.0
武汉,2023-12-21,65.0,good,47.0,62.0,21.0,8.0,0.62,62.0
武汉,2023-12-22,58.0,good,41.0,49.0,31.0,9.0,0.83,53.0
武汉,2023-12-23,76.0,good,55.0,66.0,61.0,10.0,0.95,27.0
武汉,2023-12-24,90.0,good,67.0,87.0,78.0,10.0,1.23,20.0
武汉,2023-12-25,90.0,good,66.0,97.0,78.0,10.0,1.43,24.0
武汉,2023-12-26,78.0,good,57.0,82.0,70.0,12.0,1.17,31.0
武汉,2023-12-27,172.0,moderately_polluted,131.0,141.0,58.0,9.0,1.29,38.0
武汉,2023-12-28,235.0,heavily_polluted,185.0,195.0,52.0,10.0,1.64,47.0
武汉,2023-12-29,257.0,heavily_polluted,207.0,221.0,60.0,9.0,1.57,27.0
武汉,2023-12-30,199.0,moderately_polluted,151.0,173.0,48.0,7.0,1.27,42.0
武汉,2023-12-31,103.0,lightly_polluted,76.0,108.0,38.0,8.0,1.07,58.0
沈阳,2023-01-01,44.0,excellent,26.0,45.0,32.0,15.0,0.67,31.0
沈阳,2023-01-02,39.0,excellent,22.0,42.0,33.0,16.0,0.67,31.0
沈阳,2023-01-03,65.0,good,46.0,75.0,51.0,22.0,1.21,20.0
沈阳,2023-01-04,100.0,good,75.0,112.0,60.0,24.0,1.72,15.0
沈阳,2023-01-05,127.0,lightly_polluted,96.0,143.0,63.0,31.0,2.17,13.0
沈阳,2023-01-06,149.0,lightly_polluted,113.0,146.0,62.0,22.0,1.88,14.0
沈阳,2023-01-07,136.0,lightly_polluted,103.0,129.0,54.0,17.0,1.33,16.0
沈阳,2023-01-08,100.0,good,67.0,112.0,47.0,20.0,1.55,25.0
沈阳,2023-01-09,38.0,excellent,19.0,38.0,35.0,13.0,0.6,38.0
沈阳,2023-01-10,69.0,good,45.0,79.0,47.0,22.0,1.45,25.0
沈阳,2023-01-11,67.0,good,42.0,82.0,34.0,18.0,1.01,47.0
沈阳,2023-01-12,48.0,excellent,32.0,50.0,25.0,15.0,0.85,54.0
沈阳,2023-01-13,50.0,excellent,31.0,49.0,24.0,10.0,0.74,39.0
沈阳,2023-01-14,33.0,excellent,11.0,33.0,8.0,7.0,0.41,59.0
沈阳,2023-01-15,37.0,excellent,23.0,37.0,28.0,13.0,0.62,36.0
沈阳,2023-01-16,61.0,good,44.0,63.0,42.0,16.0,1.12,24.0
沈阳,2023-01-17,64.0,good,36.0,77.0,39.0,19.0,1.23,28.0
沈阳,2023-01-18,75.0,good,37.0,101.0,31.0,15.0,0.98,34.0
沈阳,2023-01-19,100.0,good,44.0,149.0,23.0,14.0,0.9,43.0
沈阳,2023-01-20,43.0,excellent,14.0,44.0,10.0,9.0,0.44,50.0
沈阳,2023-01-21,59.0,good,32.0,65.0,25.0,17.0,1.07,40.0
沈阳,2023-01-22,191.0,moderately_polluted,148.0,193.0,21.0,15.0,1.02,26.0
沈阳,2023-01-23,45.0,excellent,26.0,45.0,8.0,9.0,0.53,49.0
沈阳,2023-01-24,35.0,excellent,12.0,37.0,10.0,9.0,0.47,55.0
沈阳,2023-01-25,64.0,good,32.0,78.0,28.0,19.0,1.2,38.0
沈阳,2023-01-26,53.0,good,32.0,58.0,23.0,12.0,0.72,41.0
沈阳,2023-01-27,60.0,good,42.0,64.0,30.0,12.0,0.76,33.0
沈阳,2023-01-28,50.0,excellent,30.0,55.0,33.0,18.0,0.83,32.0
沈阳,2023-01-29,49.0,excellent,23.0,53.0,28.0,15.0,0.72,39.0
沈阳,2023-01-30,42.0,excellent,26.0,44.0,37.0,16.0,0.82,34.0
沈阳,2023-01-31,69.0,good,46.0,80.0,42.0,19.0,1.09,35.0
沈阳,2023-02-01,68.0,good,22.0,83.0,20.0,10.0,0.49,50.0
沈阳,2023-02-02,49.0,excellent,24.0,51.0,29.0,14.0,0.53,42.0
沈阳,2023-02-03,86.0,good,63.0,95.0,50.0,21.0,1.33,25.0
沈阳,2023-02-04,75.0,good,55.0,75.0,43.0,18.0,0.81,41.0
沈阳,2023-02-05,86.0,good,62.0,101.0,40.0,20.0,1.15,43.0
沈阳,2023-02-06,69.0,good,50.0,72.0,35.0,13.0,0.67,40.0
沈阳,2023-02-07,67.0,good,46.0,71.0,45.0,16.0,0.93,28.0
沈阳,2023-02-08,63.0,good,44.0,68.0,48.0,14.0,0.86,29.0
沈阳,2023-02-09,109.0,lightly_polluted,82.0,122.0,62.0,23.0,1.5,21.0
沈阳,2023-02-10,123.0,lightly_polluted,92.0,118.0,47.0,15.0,1.3,34.0
沈阳,2023-02-11,163.0,moderately_polluted,123.0,156.0,48.0,15.0,1.61,35.0
沈阳,2023-02-12,116.0,lightly_polluted,87.0,106.0,30.0,10.0,0.87,52.0
沈阳,2023-02-13,42.0,excellent,29.0,41.0,31.0,13.0,0.59,48.0
沈阳,2023-02-14,42.0,excellent,24.0,43.0,25.0,12.0,0.57,48.0
沈阳,2023-02-15,40.0,excellent,25.0,42.0,31.0,12.0,0.64,43.0
沈阳,2023-02-16,97.0,good,70.0,122.0,50.0,25.0,1.48,35.0
沈阳,2023-02-17,147.0,lightly_polluted,111.0,147.0,43.0,18.0,1.26,50.0
沈阳,2023-02-18,94.0,good,68.0,90.0,32.0,12.0,0.84,51.0
沈阳,2023-02-19,53.0,good,24.0,59.0,25.0,10.0,0.59,53.0
沈阳,2023-02-20,39.0,excellent,14.0,39.0,19.0,9.0,0.46,59.0
沈阳,2023-02-21,46.0,excellent,24.0,47.0,35.0,14.0,0.66,37.0
沈阳,2023-02-22,58.0,good,35.0,65.0,36.0,19.0,1.07,45.0
沈阳,2023-02-23,62.0,good,43.0,65.0,33.0,15.0,0.85,50.0
沈阳,2023-02-24,34.0,excellent,18.0,35.0,21.0,10.0,0.45,56.0
沈阳,2023-02-25,49.0,excellent,32.0,54.0,40.0,14.0,0.7,36.0
沈阳,2023-02-26,69.0,good,49.0,75.0,43.0,27.0,1.45,45.0
沈阳,2023-02-27,121.0,lightly_polluted,64.0,164.0,31.0,19.0,1.01,81.0
沈阳,2023-02-28,66.0,good,38.0,82.0,22.0,11.0,0.68,71.0
沈阳,2023-03-01,52.0,good,16.0,59.0,24.0,10.0,0.5,56.0
沈阳,2023-03-02,65.0,good,22.0,79.0,27.0,15.0,0.73,56.0
沈阳,2023-03-03,72.0,good,47.0,90.0,51.0,22.0,1.15,43.0
沈阳,2023-03-04,122.0,lightly_polluted,92.0,141.0,61.0,23.0,1.49,55.0
沈阳,2023-03-05,125.0,lightly_polluted,94.0,141.0,46.0,21.0,1.25,80.0
沈阳,2023-03-06,101.0,lightly_polluted,75.0,113.0,38.0,19.0,1.02,87.0
沈阳,2023-03-07,96.0,good,70.0,110.0,43.0,20.0,1.21,68.0
沈阳,2023-03-08,64.0,good,43.0,72.0,32.0,11.0,0.7,60.0
沈阳,2023-03-09,96.0,good,69.0,123.0,52.0,21.0,1.28,55.0
沈阳,2023-03-10,90.0,good,56.0,130.0,33.0,17.0,1.08,95.0
沈阳,2023-03-11,81.0,good,16.0,112.0,15.0,8.0,0.42,69.0
沈阳,2023-03-12,38.0,excellent,13.0,39.0,16.0,8.0,0.43,64.0
沈阳,2023-03-13,56.0,good,24.0,64.0,38.0,21.0,0.87,41.0
沈阳,2023-03-14,74.0,good,40.0,97.0,31.0,14.0,0.84,63.0
沈阳,2023-03-15,66.0,good,14.0,82.0,15.0,8.0,0.4,65.0
沈阳,2023-03-16,46.0,excellent,20.0,49.0,24.0,11.0,0.45,57.0
沈阳,2023-03-17,61.0,good,39.0,71.0,42.0,24.0,0.99,47.0
沈阳,2023-03-18,69.0,good,48.0,83.0,47.0,24.0,1.04,51.0
沈阳,2023-03-19,87.0,good,61.0,110.0,43.0,26.0,1.3,71.0
沈阳,2023-03-20,107.0,lightly_polluted,80.0,127.0,34.0,23.0,1.06,97.0
沈阳,2023-03-21,86.0,good,63.0,102.0,28.0,21.0,0.92,112.0
沈阳,2023-03-22,194.0,moderately_polluted,64.0,246.0,36.0,14.0,0.91,61.0
沈阳,2023-03-23,178.0,moderately_polluted,32.0,247.0,17.0,8.0,0.44,70.0
沈阳,2023-03-24,48.0,excellent,14.0,52.0,20.0,8.0,0.41,63.0
沈阳,2023-03-25,52.0,good,30.0,59.0,37.0,12.0,0.66,51.0
沈阳,2023-03-26,42.0,excellent,20.0,42.0,34.0,10.0,0.52,56.0
沈阳,2023-03-27,75.0,good,51.0,97.0,51.0,22.0,1.11,54.0
沈阳,2023-03-28,74.0,good,49.0,95.0,39.0,26.0,1.02,79.0
沈阳,2023-03-29,99.0,good,71.0,136.0,34.0,24.0,1.13,107.0
沈阳,2023-03-30,111.0,lightly_polluted,83.0,143.0,40.0,19.0,1.05,115.0
沈阳,2023-03-31,117.0,lightly_polluted,87.0,148.0,46.0,24.0,1.46,114.0
沈阳,2023-04-01,83.0,good,58.0,106.0,30.0,26.0,0.98,133.0
沈阳,2023-04-02,80.0,good,54.0,105.0,42.0,27.0,1.11,108.0
沈阳,2023-04-03,78.0,good,52.0,98.0,42.0,25.0,1.07,85.0
沈阳,2023-04-04,138.0,lightly_polluted,97.0,168.0,32.0,10.0,0.83,62.0
沈阳,2023-04-05,266.0,heavily_polluted,274.0,315.0,47.0,10.0,1.33,79.0
沈阳,2023-04-06,59.0,good,36.0,66.0,37.0,14.0,0.63,61.0
沈阳,2023-04-07,39.0,excellent,8.0,39.0,13.0,6.0,0.39,77.0
沈阳,2023-04-08,42.0,excellent,14.0,41.0,26.0,11.0,0.5,64.0
沈阳,2023-04-09,88.0,good,43.0,125.0,23.0,17.0,0.8,107.0
沈阳,2023-04-10,79.0,good,43.0,109.0,20.0,14.0,0.77,115.0
沈阳,2023-04-11,223.0,heavily_polluted,45.0,346.0,17.0,8.0,0.52,75.0
沈阳,2023-04-12,197.0,moderately_polluted,44.0,299.0,16.0,8.0,0.52,74.0
沈阳,2023-04-13,359.0,severely_polluted,106.0,468.0,30.0,15.0,0.85,69.0
沈阳,2023-04-14,152.0,moderately_polluted,85.0,251.0,49.0,14.0,0.96,53.0
沈阳,2023-04-15,123.0,lightly_polluted,55.0,195.0,31.0,10.0,0.77,64.0
沈阳,2023-04-16,71.0,good,34.0,92.0,29.0,8.0,0.53,76.0
沈阳,2023-04-17,82.0,good,45.0,114.0,46.0,22.0,1.05,61.0
沈阳,2023-04-18,67.0,good,24.0,84.0,27.0,10.0,0.53,82.0
沈阳,2023-04-19,81.0,good,38.0,111.0,40.0,21.0,1.1,88.0
沈阳,2023-04-20,70.0,good,24.0,92.0,18.0,8.0,0.45,76.0
沈阳,2023-04-21,85.0,good,26.0,121.0,20.0,7.0,0.38,72.0
沈阳,2023-04-22,76.0,good,39.0,102.0,37.0,11.0,0.78,64.0
沈阳,2023-04-23,53.0,good,29.0,60.0,28.0,8.0,0.5,70.0
沈阳,2023-04-24,58.0,good,35.0,67.0,34.0,12.0,0.81,71.0
沈阳,2023-04-25,52.0,good,27.0,60.0,20.0,15.0,0.77,79.0
沈阳,2023-04-26,29.0,excellent,16.0,29.0,19.0,9.0,0.5,76.0
沈阳,2023-04-27,47.0,excellent,24.0,48.0,22.0,17.0,0.72,87.0
沈阳,2023-04-28,44.0,excellent,24.0,45.0,26.0,14.0,0.76,74.0
沈阳,2023-04-29,35.0,excellent,21.0,35.0,28.0,9.0,0.67,53.0
沈阳,2023-04-30,41.0,excellent,20.0,40.0,31.0,12.0,0.74,57.0
沈阳,2023-05-01,46.0,excellent,20.0,47.0,28.0,17.0,0.74,80.0
沈阳,2023-05-02,52.0,good,17.0,58.0,15.0,14.0,0.54,129.0
沈阳,2023-05-03,55.0,good,20.0,60.0,13.0,17.0,0.57,131.0
沈阳,2023-05-04,45.0,excellent,22.0,43.0,20.0,16.0,0.6,95.0
沈阳,2023-05-05,43.0,excellent,21.0,44.0,20.0,8.0,0.53,64.0
沈阳,2023-05-06,35.0,excellent,10.0,34.0,20.0,7.0,0.43,77.0
沈阳,2023-05-07,42.0,excellent,15.0,42.0,28.0,8.0,0.45,65.0
沈阳,2023-05-08,57.0,good,24.0,66.0,38.0,18.0,0.73,65.0
沈阳,2023-05-09,38.0,excellent,10.0,38.0,25.0,8.0,0.38,67.0
沈阳,2023-05-10,55.0,good,25.0,64.0,36.0,22.0,0.77,66.0
沈阳,2023-05-11,54.0,good,28.0,60.0,40.0,14.0,0.86,82.0
沈阳,2023-05-12,66.0,good,36.0,83.0,26.0,20.0,0.83,121.0
沈阳,2023-05-13,46.0,excellent,29.0,49.0,21.0,13.0,0.85,90.0
沈阳,2023-05-14,40.0,excellent,19.0,38.0,22.0,15.0,0.81,96.0
沈阳,2023-05-15,55.0,good,26.0,57.0,21.0,16.0,0.8,121.0
沈阳,2023-05-16,60.0,good,31.0,70.0,18.0,13.0,0.8,139.0
沈阳,2023-05-17,36.0,excellent,22.0,38.0,29.0,6.0,0.62,50.0
沈阳,2023-05-18,36.0,excellent,17.0,32.0,31.0,6.0,0.67,57.0
沈阳,2023-05-19,45.0,excellent,18.0,44.0,31.0,13.0,0.84,79.0
沈阳,2023-05-20,204.0,heavily_polluted,77.0,316.0,17.0,8.0,0.49,72.0
沈阳,2023-05-21,122.0,lightly_polluted,37.0,194.0,18.0,6.0,0.38,62.0
沈阳,2023-05-22,64.0,good,25.0,79.0,43.0,16.0,0.85,50.0
沈阳,2023-05-23,51.0,good,21.0,55.0,41.0,19.0,0.85,69.0
沈阳,2023-05-24,57.0,good,19.0,60.0,25.0,20.0,0.77,121.0
沈阳,2023-05-25,52.0,good,19.0,57.0,16.0,15.0,0.54,124.0
沈阳,2023-05-26,56.0,good,23.0,58.0,18.0,14.0,0.68,119.0
沈阳,2023-05-27,47.0,excellent,21.0,47.0,20.0,14.0,0.71,91.0
沈阳,2023-05-28,54.0,good,27.0,57.0,33.0,13.0,0.79,94.0
沈阳,2023-05-29,38.0,excellent,15.0,35.0,40.0,7.0,0.5,61.0
沈阳,2023-05-30,49.0,excellent,19.0,47.0,46.0,10.0,0.8,72.0
沈阳,2023-05-31,52.0,good,20.0,57.0,44.0,19.0,0.85,81.0
沈阳,2023-06-01,49.0,excellent,21.0,51.0,20.0,10.0,0.75,108.0
沈阳,2023-06-02,33.0,excellent,11.0,28.0,25.0,6.0,0.45,67.0
沈阳,2023-06-03,30.0,excellent,8.0,25.0,31.0,6.0,0.39,60.0
沈阳,2023-06-04,36.0,excellent,12.0,30.0,29.0,9.0,0.55,74.0
沈阳,2023-06-05,43.0,excellent,17.0,39.0,26.0,15.0,0.69,96.0
沈阳,2023-06-06,50.0,excellent,23.0,43.0,21.0,13.0,0.67,115.0
沈阳,2023-06-07,37.0,excellent,18.0,36.0,20.0,15.0,0.63,105.0
沈阳,2023-06-08,34.0,excellent,15.0,28.0,25.0,10.0,0.56,65.0
沈阳,2023-06-09,38.0,excellent,16.0,37.0,36.0,19.0,0.89,65.0
沈阳,2023-06-10,30.0,excellent,14.0,25.0,25.0,7.0,0.67,69.0
沈阳,2023-06-11,34.0,excellent,17.0,29.0,27.0,11.0,0.76,70.0
沈阳,2023-06-12,40.0,excellent,20.0,37.0,33.0,17.0,0.94,68.0
沈阳,2023-06-13,48.0,excellent,25.0,42.0,35.0,12.0,0.77,84.0
沈阳,2023-06-14,65.0,good,28.0,48.0,38.0,12.0,0.95,107.0
沈阳,2023-06-15,68.0,good,21.0,42.0,30.0,15.0,0.99,137.0
沈阳,2023-06-16,58.0,good,17.0,42.0,25.0,17.0,0.75,136.0
沈阳,2023-06-17,70.0,good,27.0,55.0,21.0,12.0,0.8,154.0
沈阳,2023-06-18,59.0,good,20.0,42.0,27.0,16.0,0.88,129.0
沈阳,2023-06-19,58.0,good,30.0,59.0,34.0,13.0,0.88,115.0
沈阳,2023-06-20,30.0,excellent,12.0,24.0,18.0,6.0,0.56,91.0
沈阳,2023-06-21,30.0,excellent,12.0,22.0,21.0,7.0,0.59,76.0
沈阳,2023-06-22,50.0,excellent,20.0,38.0,30.0,6.0,0.72,93.0
沈阳,2023-06-23,42.0,excellent,14.0,28.0,30.0,9.0,0.83,98.0
沈阳,2023-06-24,49.0,excellent,16.0,36.0,20.0,14.0,0.71,129.0
沈阳,2023-06-25,38.0,excellent,13.0,30.0,17.0,13.0,0.64,110.0
沈阳,2023-06-26,38.0,excellent,17.0,34.0,22.0,7.0,0.75,96.0
沈阳,2023-06-27,56.0,good,22.0,38.0,16.0,6.0,0.92,122.0
沈阳,2023-06-28,46.0,excellent,21.0,37.0,18.0,12.0,0.79,125.0
沈阳,2023-06-29,42.0,excellent,24.0,36.0,24.0,6.0,0.79,86.0
沈阳,2023-06-30,53.0,good,23.0,42.0,29.0,8.0,0.89,94.0
沈阳,2023-07-01,45.0,excellent,16.0,36.0,26.0,11.0,0.77,114.0
沈阳,2023-07-02,63.0,good,25.0,52.0,30.0,8.0,1.0,108.0
沈阳,2023-07-03,37.0,excellent,14.0,29.0,16.0,8.0,0.69,99.0
沈阳,2023-07-04,35.0,excellent,16.0,30.0,21.0,4.0,0.72,72.0
沈阳,2023-07-05,40.0,excellent,12.0,32.0,13.0,5.0,0.69,109.0
沈阳,2023-07-06,62.0,good,27.0,69.0,17.0,9.0,0.88,141.0
沈阳,2023-07-07,44.0,excellent,17.0,36.0,12.0,6.0,0.73,134.0
沈阳,2023-07-08,34.0,excellent,15.0,29.0,18.0,6.0,0.74,86.0
沈阳,2023-07-09,30.0,excellent,12.0,22.0,15.0,9.0,0.67,94.0
沈阳,2023-07-10,34.0,excellent,14.0,24.0,16.0,4.0,0.59,84.0
沈阳,2023-07-11,32.0,excellent,15.0,27.0,19.0,5.0,0.6,68.0
沈阳,2023-07-12,54.0,good,32.0,50.0,28.0,6.0,0.78,86.0
沈阳,2023-07-13,45.0,excellent,29.0,48.0,26.0,7.0,0.88,58.0
沈阳,2023-07-14,28.0,excellent,12.0,22.0,16.0,5.0,0.87,69.0
沈阳,2023-07-15,24.0,excellent,7.0,16.0,13.0,5.0,0.55,70.0
沈阳,2023-07-16,15.0,excellent,4.0,11.0,17.0,5.0,0.45,41.0
沈阳,2023-07-17,30.0,excellent,11.0,26.0,25.0,7.0,0.58,57.0
沈阳,2023-07-18,66.0,good,27.0,53.0,30.0,14.0,1.18,104.0
沈阳,2023-07-19,77.0,good,35.0,63.0,26.0,15.0,1.34,137.0
沈阳,2023-07-20,83.0,good,42.0,69.0,25.0,12.0,1.16,160.0
沈阳,2023-07-21,74.0,good,43.0,71.0,30.0,8.0,1.1,122.0
沈阳,2023-07-22,43.0,excellent,27.0,43.0,21.0,6.0,0.82,68.0
沈阳,2023-07-23,23.0,excellent,7.0,11.0,13.0,5.0,0.67,70.0
沈阳,2023-07-24,39.0,excellent,17.0,33.0,20.0,7.0,0.9,90.0
沈阳,2023-07-25,33.0,excellent,18.0,30.0,18.0,7.0,0.73,82.0
沈阳,2023-07-26,40.0,excellent,19.0,36.0,23.0,7.0,0.83,79.0
沈阳,2023-07-27,27.0,excellent,12.0,23.0,13.0,7.0,0.6,73.0
沈阳,2023-07-28,25.0,excellent,10.0,24.0,14.0,9.0,0.58,48.0
沈阳,2023-07-29,24.0,excellent,11.0,24.0,15.0,9.0,0.64,32.0
沈阳,2023-07-30,21.0,excellent,9.0,21.0,17.0,11.0,0.64,18.0
沈阳,2023-07-31,34.0,excellent,16.0,34.0,21.0,8.0,0.72,51.0
沈阳,2023-08-01,41.0,excellent,23.0,42.0,21.0,6.0,0.78,46.0
沈阳,2023-08-02,35.0,excellent,17.0,35.0,15.0,9.0,0.79,68.0
沈阳,2023-08-03,40.0,excellent,21.0,40.0,12.0,6.0,0.67,93.0
沈阳,2023-08-04,41.0,excellent,24.0,41.0,13.0,5.0,0.69,92.0
沈阳,2023-08-05,18.0,excellent,6.0,14.0,12.0,4.0,0.47,52.0
沈阳,2023-08-06,15.0,excellent,5.0,12.0,14.0,4.0,0.46,45.0
沈阳,2023-08-07,19.0,excellent,7.0,16.0,16.0,4.0,0.49,48.0
沈阳,2023-08-08,24.0,excellent,9.0,20.0,19.0,5.0,0.53,59.0
沈阳,2023-08-09,26.0,excellent,10.0,21.0,19.0,5.0,0.53,62.0
沈阳,2023-08-10,22.0,excellent,7.0,19.0,16.0,5.0,0.47,55.0
沈阳,2023-08-11,22.0,excellent,9.0,21.0,15.0,5.0,0.5,54.0
沈阳,2023-08-12,25.0,excellent,12.0,24.0,22.0,5.0,0.53,35.0
沈阳,2023-08-13,14.0,excellent,7.0,13.0,21.0,5.0,0.67,30.0
沈阳,2023-08-14,27.0,excellent,9.0,19.0,21.0,5.0,0.7,65.0
沈阳,2023-08-15,37.0,excellent,16.0,33.0,24.0,11.0,1.12,68.0
沈阳,2023-08-16,48.0,excellent,27.0,50.0,34.0,6.0,0.96,58.0
沈阳,2023-08-17,53.0,good,25.0,48.0,34.0,8.0,0.88,81.0
沈阳,2023-08-18,49.0,excellent,27.0,47.0,25.0,13.0,1.17,91.0
沈阳,2023-08-19,62.0,good,36.0,59.0,28.0,7.0,1.04,97.0
沈阳,2023-08-20,45.0,excellent,25.0,41.0,22.0,8.0,0.97,104.0
沈阳,2023-08-21,37.0,excellent,22.0,36.0,25.0,13.0,1.07,50.0
沈阳,2023-08-22,27.0,excellent,12.0,22.0,19.0,5.0,0.63,60.0
沈阳,2023-08-23,38.0,excellent,13.0,34.0,32.0,7.0,0.76,53.0
沈阳,2023-08-24,31.0,excellent,10.0,27.0,23.0,8.0,0.69,60.0
沈阳,2023-08-25,23.0,excellent,8.0,21.0,19.0,6.0,0.5,52.0
沈阳,2023-08-26,26.0,excellent,10.0,24.0,20.0,6.0,0.48,45.0
沈阳,2023-08-27,31.0,excellent,12.0,29.0,24.0,7.0,0.59,49.0
沈阳,2023-08-28,23.0,excellent,10.0,23.0,20.0,6.0,0.53,45.0
沈阳,2023-08-29,15.0,excellent,6.0,11.0,12.0,6.0,0.49,43.0
沈阳,2023-08-30,24.0,excellent,9.0,20.0,23.0,6.0,0.5,49.0
沈阳,2023-08-31,41.0,excellent,20.0,42.0,32.0,12.0,1.02,42.0
沈阳,2023-09-01,37.0,excellent,15.0,35.0,24.0,13.0,0.9,71.0
沈阳,2023-09-02,45.0,excellent,20.0,43.0,29.0,17.0,1.19,77.0
沈阳,2023-09-03,44.0,excellent,19.0,43.0,29.0,15.0,1.02,75.0
沈阳,2023-09-04,60.0,good,36.0,66.0,31.0,15.0,1.09,74.0
沈阳,2023-09-05,38.0,excellent,21.0,36.0,22.0,6.0,0.7,55.0
沈阳,2023-09-06,34.0,excellent,11.0,30.0,31.0,9.0,0.69,59.0
沈阳,2023-09-07,45.0,excellent,17.0,44.0,25.0,11.0,0.95,76.0
沈阳,2023-09-08,51.0,good,28.0,56.0,22.0,13.0,0.84,77.0
沈阳,2023-09-09,47.0,excellent,23.0,50.0,30.0,7.0,0.71,31.0
沈阳,2023-09-10,45.0,excellent,16.0,44.0,34.0,18.0,0.68,57.0
沈阳,2023-09-11,41.0,excellent,18.0,42.0,27.0,19.0,0.94,69.0
沈阳,2023-09-12,27.0,excellent,5.0,25.0,28.0,8.0,0.4,43.0
沈阳,2023-09-13,34.0,excellent,12.0,31.0,33.0,10.0,0.72,47.0
沈阳,2023-09-14,46.0,excellent,19.0,45.0,43.0,15.0,0.98,56.0
沈阳,2023-09-15,50.0,excellent,21.0,49.0,35.0,15.0,0.91,80.0
沈阳,2023-09-16,49.0,excellent,23.0,49.0,35.0,15.0,0.91,78.0
沈阳,2023-09-17,65.0,good,40.0,75.0,37.0,15.0,1.09,89.0
沈阳,2023-09-18,46.0,excellent,21.0,44.0,19.0,14.0,0.85,109.0
沈阳,2023-09-19,23.0,excellent,7.0,20.0,22.0,8.0,0.47,45.0
沈阳,2023-09-20,21.0,excellent,5.0,18.0,25.0,7.0,0.49,41.0
沈阳,2023-09-21,38.0,excellent,15.0,37.0,34.0,12.0,0.86,51.0
沈阳,2023-09-22,42.0,excellent,23.0,43.0,36.0,15.0,1.06,37.0
沈阳,2023-09-23,34.0,excellent,14.0,33.0,32.0,8.0,0.65,36.0
沈阳,2023-09-24,36.0,excellent,18.0,36.0,27.0,12.0,0.86,44.0
沈阳,2023-09-25,28.0,excellent,16.0,28.0,30.0,14.0,0.73,34.0
沈阳,2023-09-26,37.0,excellent,18.0,36.0,35.0,14.0,0.98,41.0
沈阳,2023-09-27,56.0,good,32.0,63.0,41.0,13.0,1.2,53.0
沈阳,2023-09-28,38.0,excellent,11.0,36.0,41.0,8.0,0.62,36.0
沈阳,2023-09-29,50.0,excellent,18.0,52.0,33.0,18.0,1.02,62.0
沈阳,2023-09-30,34.0,excellent,11.0,32.0,27.0,7.0,0.5,40.0
沈阳,2023-10-01,33.0,excellent,13.0,31.0,30.0,8.0,0.53,36.0
沈阳,2023-10-02,46.0,excellent,21.0,46.0,30.0,20.0,0.95,59.0
沈阳,2023-10-03,46.0,excellent,16.0,46.0,18.0,15.0,0.69,112.0
沈阳,2023-10-04,34.0,excellent,10.0,35.0,13.0,8.0,0.43,62.0
沈阳,2023-10-05,36.0,excellent,10.0,37.0,26.0,12.0,0.44,40.0
沈阳,2023-10-06,48.0,excellent,24.0,53.0,36.0,20.0,0.85,38.0
沈阳,2023-10-07,50.0,excellent,28.0,55.0,42.0,11.0,0.83,39.0
沈阳,2023-10-08,47.0,excellent,29.0,51.0,35.0,13.0,0.94,48.0
沈阳,2023-10-09,30.0,excellent,20.0,29.0,28.0,7.0,0.74,48.0
沈阳,2023-10-10,49.0,excellent,32.0,53.0,50.0,7.0,1.11,30.0
沈阳,2023-10-11,61.0,good,40.0,70.0,51.0,13.0,1.26,38.0
沈阳,2023-10-12,67.0,good,47.0,82.0,55.0,13.0,1.28,40.0
沈阳,2023-10-13,58.0,good,41.0,65.0,47.0,14.0,1.21,42.0
沈阳,2023-10-14,50.0,excellent,34.0,50.0,43.0,10.0,0.96,38.0
沈阳,2023-10-15,40.0,excellent,20.0,43.0,31.0,12.0,0.7,37.0
沈阳,2023-10-16,43.0,excellent,19.0,46.0,39.0,11.0,0.59,24.0
沈阳,2023-10-17,57.0,good,30.0,65.0,33.0,17.0,0.96,51.0
沈阳,2023-10-18,47.0,excellent,26.0,51.0,33.0,18.0,0.78,45.0
沈阳,2023-10-19,36.0,excellent,17.0,36.0,29.0,11.0,0.88,29.0
沈阳,2023-10-20,22.0,excellent,7.0,21.0,22.0,7.0,0.39,33.0
沈阳,2023-11-01,55.0,good,26.0,62.0,39.0,10.0,0.6,30.0
沈阳,2023-11-02,83.0,good,59.0,103.0,39.0,18.0,1.24,62.0
沈阳,2023-11-03,27.0,excellent,13.0,27.0,25.0,8.0,0.42,38.0
沈阳,2023-11-04,69.0,good,49.0,81.0,53.0,22.0,1.05,12.0
沈阳,2023-11-05,146.0,lightly_polluted,111.0,149.0,51.0,14.0,1.43,5.0
沈阳,2023-11-06,52.0,good,27.0,48.0,21.0,7.0,0.56,31.0
沈阳,2023-11-07,58.0,good,21.0,65.0,37.0,14.0,0.63,35.0
沈阳,2023-11-08,48.0,excellent,33.0,46.0,48.0,12.0,1.03,15.0
沈阳,2023-11-09,51.0,good,35.0,42.0,30.0,12.0,0.67,37.0
沈阳,2023-11-10,21.0,excellent,11.0,20.0,23.0,10.0,0.47,43.0
沈阳,2023-11-11,34.0,excellent,22.0,34.0,33.0,12.0,0.61,33.0
沈阳,2023-11-12,55.0,good,39.0,54.0,41.0,13.0,0.8,28.0
沈阳,2023-11-13,65.0,good,45.0,68.0,51.0,20.0,1.1,19.0
沈阳,2023-11-14,84.0,good,61.0,90.0,62.0,30.0,1.76,16.0
沈阳,2023-11-15,99.0,good,74.0,104.0,53.0,29.0,1.62,24.0
沈阳,2023-11-16,54.0,good,37.0,53.0,31.0,12.0,0.66,37.0
沈阳,2023-11-17,27.0,excellent,14.0,27.0,18.0,9.0,0.45,37.0
沈阳,2023-11-18,50.0,excellent,35.0,47.0,32.0,15.0,0.79,38.0
沈阳,2023-11-19,38.0,excellent,24.0,38.0,39.0,15.0,0.79,29.0
沈阳,2023-11-20,48.0,excellent,30.0,49.0,40.0,23.0,1.05,29.0
沈阳,2023-11-21,75.0,good,54.0,78.0,33.0,17.0,0.82,56.0
沈阳,2023-11-22,63.0,good,45.0,61.0,34.0,17.0,0.85,47.0
沈阳,2023-11-23,20.0,excellent,10.0,19.0,15.0,8.0,0.41,46.0
沈阳,2023-11-24,23.0,excellent,8.0,23.0,15.0,8.0,0.45,47.0
沈阳,2023-11-25,44.0,excellent,27.0,46.0,35.0,20.0,0.88,26.0
沈阳,2023-11-26,71.0,good,52.0,66.0,37.0,13.0,0.88,20.0
沈阳,2023-11-27,84.0,good,62.0,72.0,39.0,11.0,0.89,25.0
沈阳,2023-11-28,36.0,excellent,23.0,34.0,36.0,14.0,0.68,38.0
沈阳,2023-11-29,31.0,excellent,18.0,27.0,27.0,11.0,0.57,45.0
沈阳,2023-11-30,36.0,excellent,21.0,36.0,34.0,13.0,0.62,37.0
沈阳,2023-12-01,48.0,excellent,29.0,50.0,43.0,16.0,0.82,29.0
沈阳,2023-12-02,45.0,excellent,26.0,48.0,43.0,18.0,1.03,29.0
沈阳,2023-12-03,57.0,good,36.0,62.0,43.0,17.0,1.09,27.0
沈阳,2023-12-04,86.0,good,61.0,92.0,47.0,16.0,1.05,34.0
沈阳,2023-12-05,132.0,lightly_polluted,99.0,129.0,49.0,16.0,1.43,43.0
沈阳,2023-12-06,65.0,good,45.0,61.0,34.0,12.0,0.73,36.0
沈阳,2023-12-07,55.0,good,29.0,66.0,49.0,20.0,1.12,18.0
沈阳,2023-12-08,88.0,good,47.0,126.0,28.0,11.0,0.75,54.0
沈阳,2023-12-09,29.0,excellent,12.0,29.0,18.0,10.0,0.43,44.0
沈阳,2023-12-10,32.0,excellent,15.0,32.0,18.0,9.0,0.47,41.0
沈阳,2023-12-11,48.0,excellent,22.0,51.0,21.0,9.0,0.59,33.0
沈阳,2023-12-12,62.0,good,42.0,69.0,32.0,12.0,0.77,27.0
沈阳,2023-12-13,86.0,good,62.0,95.0,40.0,14.0,0.98,15.0
沈阳,2023-12-14,79.0,good,47.0,107.0,34.0,12.0,0.82,27.0
沈阳,2023-12-15,96.0,good,19.0,143.0,17.0,9.0,0.57,53.0
沈阳,2023-12-16,35.0,excellent,13.0,35.0,18.0,11.0,0.5,50.0
沈阳,2023-12-17,41.0,excellent,23.0,41.0,33.0,15.0,0.67,39.0
沈阳,2023-12-18,83.0,good,61.0,80.0,57.0,22.0,1.55,19.0
沈阳,2023-12-19,71.0,good,52.0,65.0,42.0,16.0,1.05,29.0
沈阳,2023-12-20,29.0,excellent,20.0,26.0,27.0,12.0,0.61,41.0
沈阳,2023-12-21,49.0,excellent,34.0,49.0,40.0,13.0,0.79,29.0
沈阳,2023-12-22,93.0,good,69.0,92.0,58.0,18.0,1.43,18.0
沈阳,2023-12-23,130.0,lightly_polluted,98.0,125.0,72.0,27.0,2.12,11.0
沈阳,2023-12-24,158.0,moderately_polluted,120.0,148.0,70.0,21.0,2.17,13.0
沈阳,2023-12-25,142.0,lightly_polluted,108.0,135.0,61.0,19.0,1.95,25.0
沈阳,2023-12-26,55.0,good,39.0,52.0,50.0,17.0,0.9,25.0
沈阳,2023-12-27,109.0,lightly_polluted,82.0,103.0,64.0,20.0,1.69,13.0
沈阳,2023-12-28,124.0,lightly_polluted,93.0,118.0,69.0,26.0,2.06,9.0
沈阳,2023-12-29,113.0,lightly_polluted,85.0,108.0,57.0,21.0,1.93,23.0
沈阳,2023-12-30,116.0,lightly_polluted,87.0,104.0,56.0,18.0,1.42,21.0
沈阳,2023-12-31,65.0,good,47.0,57.0,30.0,12.0,0.69,37.0
汕头,2023-01-01,39.0,excellent,23.0,36.0,20.0,9.0,0.65,57.0
汕头,2023-01-02,40.0,excellent,26.0,34.0,21.0,9.0,0.62,50.0
汕头,2023-01-03,34.0,excellent,22.0,33.0,17.0,9.0,0.59,69.0
汕头,2023-01-04,26.0,excellent,12.0,24.0,15.0,8.0,0.52,73.0
汕头,2023-01-05,32.0,excellent,19.0,29.0,18.0,9.0,0.57,70.0
汕头,2023-01-06,42.0,excellent,26.0,38.0,22.0,9.0,0.66,67.0
汕头,2023-01-07,41.0,excellent,21.0,41.0,19.0,9.0,0.6,80.0
汕头,2023-01-08,49.0,excellent,25.0,52.0,18.0,8.0,0.6,98.0
汕头,2023-01-09,52.0,good,35.0,51.0,25.0,10.0,0.74,53.0
汕头,2023-01-10,19.0,excellent,12.0,14.0,19.0,7.0,0.66,45.0
汕头,2023-01-11,25.0,excellent,16.0,21.0,16.0,7.0,0.63,62.0
汕头,2023-01-12,34.0,excellent,23.0,30.0,23.0,8.0,0.67,41.0
汕头,2023-01-13,28.0,excellent,18.0,27.0,28.0,7.0,0.7,30.0
汕头,2023-01-14,24.0,excellent,16.0,19.0,20.0,7.0,0.73,29.0
汕头,2023-01-15,23.0,excellent,12.0,20.0,16.0,7.0,0.86,23.0
汕头,2023-01-16,14.0,excellent,5.0,12.0,11.0,7.0,0.71,27.0
汕头,2023-01-17,28.0,excellent,18.0,25.0,11.0,7.0,0.71,43.0
汕头,2023-01-18,33.0,excellent,22.0,29.0,10.0,7.0,0.72,54.0
汕头,2023-01-19,43.0,excellent,28.0,39.0,12.0,8.0,0.73,75.0
汕头,2023-01-20,45.0,excellent,26.0,43.0,11.0,8.0,0.68,88.0
汕头,2023-01-21,51.0,good,31.0,47.0,10.0,8.0,0.65,79.0
汕头,2023-01-22,118.0,lightly_polluted,89.0,96.0,14.0,9.0,0.85,43.0
汕头,2023-01-23,58.0,good,42.0,45.0,10.0,7.0,0.74,48.0
汕头,2023-01-24,30.0,excellent,16.0,28.0,6.0,7.0,0.71,52.0
汕头,2023-01-25,49.0,excellent,29.0,51.0,7.0,8.0,0.67,68.0
汕头,2023-01-26,41.0,excellent,27.0,36.0,10.0,8.0,0.7,67.0
汕头,2023-01-27,54.0,good,32.0,52.0,10.0,8.0,0.7,63.0
汕头,2023-01-28,52.0,good,28.0,55.0,8.0,8.0,0.66,87.0
汕头,2023-01-29,48.0,excellent,26.0,49.0,11.0,9.0,0.69,89.0
汕头,2023-01-30,50.0,excellent,30.0,49.0,14.0,9.0,0.7,88.0
汕头,2023-01-31,52.0,good,35.0,53.0,19.0,9.0,0.73,88.0
汕头,2023-02-01,71.0,good,49.0,68.0,25.0,10.0,0.82,82.0
汕头,2023-02-02,57.0,good,34.0,55.0,18.0,9.0,0.7,90.0
汕头,2023-02-03,37.0,excellent,19.0,37.0,12.0,9.0,0.56,87.0
汕头,2023-02-04,39.0,excellent,27.0,32.0,17.0,9.0,0.67,58.0
汕头,2023-02-05,31.0,excellent,20.0,23.0,16.0,8.0,0.7,49.0
汕头,2023-02-06,43.0,excellent,30.0,32.0,20.0,8.0,0.83,46.0
汕头,2023-02-07,57.0,good,41.0,47.0,24.0,8.0,0.96,42.0
汕头,2023-02-08,25.0,excellent,11.0,19.0,12.0,8.0,0.63,78.0
汕头,2023-02-09,27.0,excellent,17.0,21.0,18.0,8.0,0.72,64.0
汕头,2023-02-10,47.0,excellent,32.0,34.0,25.0,9.0,0.85,49.0
汕头,2023-02-11,28.0,excellent,15.0,27.0,19.0,8.0,0.77,49.0
汕头,2023-02-12,50.0,excellent,33.0,48.0,29.0,8.0,0.89,34.0
汕头,2023-02-13,51.0,good,36.0,48.0,26.0,8.0,0.94,44.0
汕头,2023-02-14,22.0,excellent,6.0,17.0,15.0,8.0,0.84,54.0
汕头,2023-02-15,29.0,excellent,17.0,29.0,16.0,9.0,0.86,64.0
汕头,2023-02-16,39.0,excellent,20.0,37.0,15.0,8.0,0.67,87.0
汕头,2023-02-17,40.0,excellent,20.0,41.0,18.0,10.0,0.61,92.0
汕头,2023-02-18,57.0,good,40.0,57.0,27.0,11.0,0.72,93.0
汕头,2023-02-19,78.0,good,55.0,78.0,29.0,11.0,0.9,94.0
汕头,2023-02-20,90.0,good,66.0,82.0,21.0,10.0,0.88,113.0
汕头,2023-02-21,49.0,excellent,21.0,51.0,19.0,9.0,0.54,87.0
汕头,2023-02-22,33.0,excellent,15.0,33.0,18.0,9.0,0.48,83.0
汕头,2023-02-23,43.0,excellent,26.0,38.0,24.0,11.0,0.63,76.0
汕头,2023-02-24,46.0,excellent,29.0,47.0,24.0,11.0,0.68,89.0
汕头,2023-02-25,52.0,good,32.0,55.0,19.0,9.0,0.66,84.0
汕头,2023-02-26,60.0,good,35.0,61.0,18.0,8.0,0.59,110.0
汕头,2023-02-27,36.0,excellent,13.0,36.0,16.0,11.0,0.53,92.0
汕头,2023-02-28,43.0,excellent,22.0,44.0,19.0,10.0,0.6,89.0
汕头,2023-03-01,54.0,good,35.0,53.0,25.0,11.0,0.72,87.0
汕头,2023-03-02,57.0,good,38.0,57.0,19.0,9.0,0.58,120.0
汕头,2023-03-03,48.0,excellent,23.0,50.0,19.0,9.0,0.52,117.0
汕头,2023-03-04,45.0,excellent,23.0,46.0,20.0,11.0,0.61,100.0
汕头,2023-03-05,59.0,good,32.0,59.0,22.0,11.0,0.65,109.0
汕头,2023-03-06,49.0,excellent,23.0,52.0,22.0,13.0,0.58,100.0
汕头,2023-03-07,48.0,excellent,26.0,49.0,25.0,11.0,0.63,88.0
汕头,2023-03-08,59.0,good,37.0,59.0,31.0,13.0,0.75,87.0
汕头,2023-03-09,71.0,good,48.0,68.0,34.0,13.0,0.87,88.0
汕头,2023-03-10,58.0,good,35.0,58.0,27.0,11.0,0.8,98.0
汕头,2023-03-11,51.0,good,30.0,52.0,22.0,10.0,0.73,106.0
汕头,2023-03-12,60.0,good,38.0,57.0,21.0,12.0,0.72,106.0
汕头,2023-03-13,63.0,good,23.0,74.0,16.0,6.0,0.66,94.0
汕头,2023-03-14,44.0,excellent,17.0,45.0,18.0,7.0,0.6,98.0
汕头,2023-03-15,50.0,excellent,29.0,52.0,24.0,11.0,0.73,91.0
汕头,2023-03-16,60.0,good,36.0,62.0,24.0,12.0,0.84,93.0
汕头,2023-03-17,38.0,excellent,23.0,36.0,15.0,6.0,0.67,90.0
汕头,2023-03-18,43.0,excellent,26.0,38.0,21.0,8.0,0.77,65.0
汕头,2023-03-19,32.0,excellent,19.0,30.0,17.0,7.0,0.69,89.0
汕头,2023-03-20,35.0,excellent,22.0,29.0,16.0,7.0,0.64,88.0
汕头,2023-03-21,46.0,excellent,29.0,40.0,18.0,6.0,0.71,59.0
汕头,2023-03-22,29.0,excellent,16.0,27.0,13.0,5.0,0.56,39.0
汕头,2023-03-23,30.0,excellent,17.0,28.0,11.0,6.0,0.51,44.0
汕头,2023-03-24,34.0,excellent,22.0,29.0,15.0,5.0,0.57,54.0
汕头,2023-03-25,25.0,excellent,9.0,23.0,18.0,6.0,0.62,67.0
汕头,2023-03-26,20.0,excellent,10.0,12.0,17.0,6.0,0.58,59.0
汕头,2023-03-27,25.0,excellent,8.0,20.0,16.0,7.0,0.54,74.0
汕头,2023-03-28,32.0,excellent,17.0,31.0,14.0,6.0,0.6,94.0
汕头,2023-03-29,39.0,excellent,27.0,30.0,22.0,6.0,0.68,71.0
汕头,2023-03-30,38.0,excellent,24.0,30.0,18.0,7.0,0.66,76.0
汕头,2023-03-31,29.0,excellent,13.0,20.0,17.0,6.0,0.6,91.0
汕头,2023-04-01,28.0,excellent,16.0,21.0,18.0,6.0,0.6,83.0
汕头,2023-04-02,36.0,excellent,21.0,30.0,16.0,7.0,0.54,85.0
汕头,2023-04-03,35.0,excellent,19.0,33.0,18.0,7.0,0.54,95.0
汕头,2023-04-04,45.0,excellent,25.0,43.0,18.0,6.0,0.63,75.0
汕头,2023-04-05,39.0,excellent,24.0,36.0,14.0,5.0,0.57,59.0
汕头,2023-04-06,33.0,excellent,21.0,28.0,23.0,5.0,0.64,33.0
汕头,2023-04-07,24.0,excellent,5.0,19.0,15.0,6.0,0.72,66.0
汕头,2023-04-08,52.0,good,25.0,59.0,15.0,7.0,0.61,126.0
汕头,2023-04-09,47.0,excellent,19.0,47.0,17.0,8.0,0.53,116.0
汕头,2023-04-10,37.0,excellent,16.0,35.0,16.0,9.0,0.52,105.0
汕头,2023-04-11,51.0,good,29.0,51.0,20.0,7.0,0.68,85.0
汕头,2023-04-12,47.0,excellent,27.0,47.0,20.0,7.0,0.72,82.0
汕头,2023-04-13,70.0,good,31.0,91.0,14.0,7.0,0.64,125.0
汕头,2023-04-14,65.0,good,36.0,81.0,17.0,8.0,0.71,85.0
汕头,2023-04-15,52.0,good,30.0,50.0,19.0,8.0,0.83,100.0
汕头,2023-04-16,48.0,excellent,28.0,41.0,18.0,9.0,0.86,118.0
汕头,2023-04-17,42.0,excellent,24.0,37.0,11.0,6.0,0.77,110.0
汕头,2023-04-18,29.0,excellent,18.0,28.0,10.0,6.0,0.69,71.0
汕头,2023-04-19,29.0,excellent,16.0,26.0,12.0,6.0,0.68,61.0
汕头,2023-04-20,40.0,excellent,18.0,36.0,16.0,8.0,0.8,85.0
汕头,2023-04-21,31.0,excellent,7.0,19.0,11.0,6.0,0.57,98.0
汕头,2023-04-22,40.0,excellent,12.0,40.0,12.0,7.0,0.5,104.0
汕头,2023-04-23,57.0,good,26.0,64.0,17.0,8.0,0.55,111.0
汕头,2023-04-24,53.0,good,33.0,58.0,12.0,6.0,0.61,109.0
汕头,2023-04-25,34.0,excellent,17.0,34.0,14.0,6.0,0.6,95.0
汕头,2023-04-26,26.0,excellent,11.0,26.0,19.0,8.0,0.74,49.0
汕头,2023-04-27,40.0,excellent,17.0,35.0,14.0,7.0,0.62,122.0
汕头,2023-04-28,47.0,excellent,27.0,44.0,15.0,8.0,0.67,131.0
汕头,2023-04-29,44.0,excellent,25.0,38.0,16.0,8.0,0.75,93.0
汕头,2023-04-30,36.0,excellent,14.0,35.0,16.0,8.0,0.71,80.0
汕头,2023-05-01,47.0,excellent,14.0,45.0,13.0,8.0,0.59,129.0
汕头,2023-05-02,46.0,excellent,17.0,46.0,16.0,10.0,0.53,132.0
汕头,2023-05-03,40.0,excellent,25.0,34.0,11.0,8.0,0.62,104.0
汕头,2023-05-04,32.0,excellent,18.0,31.0,8.0,7.0,0.55,53.0
汕头,2023-05-05,24.0,excellent,11.0,24.0,9.0,6.0,0.53,51.0
汕头,2023-05-06,21.0,excellent,10.0,21.0,9.0,7.0,0.54,51.0
汕头,2023-05-07,25.0,excellent,15.0,22.0,13.0,7.0,0.63,53.0
汕头,2023-05-08,32.0,excellent,6.0,21.0,12.0,7.0,0.67,102.0
汕头,2023-05-09,36.0,excellent,9.0,28.0,12.0,7.0,0.6,115.0
汕头,2023-05-10,45.0,excellent,13.0,36.0,12.0,8.0,0.5,137.0
汕头,2023-05-11,43.0,excellent,20.0,39.0,14.0,10.0,0.57,131.0
汕头,2023-05-12,55.0,good,38.0,50.0,18.0,10.0,0.72,101.0
汕头,2023-05-13,38.0,excellent,24.0,36.0,17.0,11.0,0.82,76.0
汕头,2023-05-14,58.0,good,40.0,52.0,16.0,9.0,0.8,113.0
汕头,2023-05-15,50.0,excellent,29.0,44.0,16.0,10.0,0.85,103.0
汕头,2023-05-16,34.0,excellent,15.0,22.0,10.0,6.0,0.67,95.0
汕头,2023-05-17,26.0,excellent,10.0,15.0,9.0,6.0,0.62,79.0
汕头,2023-05-18,36.0,excellent,23.0,36.0,9.0,6.0,0.68,67.0
汕头,2023-05-19,34.0,excellent,19.0,28.0,12.0,6.0,0.72,92.0
汕头,2023-05-20,32.0,excellent,15.0,27.0,8.0,6.0,0.68,102.0
汕头,2023-05-21,23.0,excellent,13.0,21.0,9.0,7.0,0.63,62.0
汕头,2023-05-22,23.0,excellent,10.0,21.0,7.0,6.0,0.54,56.0
汕头,2023-05-23,43.0,excellent,12.0,43.0,11.0,7.0,0.62,100.0
汕头,2023-05-24,61.0,good,20.0,72.0,15.0,8.0,0.58,124.0
汕头,2023-05-25,57.0,good,33.0,65.0,12.0,8.0,0.66,114.0
汕头,2023-05-26,38.0,excellent,22.0,38.0,10.0,6.0,0.65,75.0
汕头,2023-05-27,34.0,excellent,19.0,34.0,10.0,7.0,0.62,66.0
汕头,2023-05-28,35.0,excellent,12.0,35.0,10.0,8.0,0.58,93.0
汕头,2023-05-29,38.0,excellent,18.0,37.0,12.0,9.0,0.67,94.0
汕头,2023-05-30,48.0,excellent,23.0,45.0,13.0,10.0,0.76,121.0
汕头,2023-05-31,45.0,excellent,20.0,38.0,12.0,9.0,0.69,116.0
汕头,2023-06-01,33.0,excellent,17.0,27.0,9.0,7.0,0.7,101.0
汕头,2023-06-02,42.0,excellent,23.0,38.0,15.0,7.0,0.82,98.0
汕头,2023-06-03,34.0,excellent,20.0,31.0,11.0,7.0,0.75,79.0
汕头,2023-06-04,26.0,excellent,11.0,23.0,7.0,6.0,0.6,76.0
汕头,2023-06-05,25.0,excellent,10.0,24.0,7.0,6.0,0.58,67.0
汕头,2023-06-06,19.0,excellent,9.0,18.0,9.0,7.0,0.59,49.0
汕头,2023-06-07,21.0,excellent,12.0,20.0,10.0,7.0,0.59,47.0
汕头,2023-06-08,18.0,excellent,10.0,17.0,8.0,7.0,0.53,46.0
汕头,2023-06-09,16.0,excellent,6.0,14.0,7.0,7.0,0.55,45.0
汕头,2023-06-10,18.0,excellent,6.0,16.0,13.0,7.0,0.69,45.0
汕头,2023-06-11,19.0,excellent,8.0,15.0,10.0,7.0,0.65,58.0
汕头,2023-06-12,26.0,excellent,8.0,18.0,7.0,8.0,0.61,83.0
汕头,2023-06-13,29.0,excellent,12.0,22.0,9.0,7.0,0.62,91.0
汕头,2023-06-14,42.0,excellent,24.0,33.0,14.0,9.0,0.83,92.0
汕头,2023-06-15,34.0,excellent,10.0,19.0,7.0,6.0,0.65,106.0
汕头,2023-06-16,25.0,excellent,7.0,10.0,9.0,6.0,0.63,79.0
汕头,2023-06-17,20.0,excellent,9.0,15.0,9.0,7.0,0.63,55.0
汕头,2023-06-18,19.0,excellent,12.0,17.0,7.0,6.0,0.55,38.0
汕头,2023-06-19,15.0,excellent,6.0,14.0,7.0,6.0,0.52,39.0
汕头,2023-06-20,18.0,excellent,7.0,18.0,6.0,6.0,0.52,47.0
汕头,2023-06-21,19.0,excellent,7.0,19.0,6.0,6.0,0.53,54.0
汕头,2023-06-22,20.0,excellent,8.0,20.0,5.0,7.0,0.53,54.0
汕头,2023-06-23,16.0,excellent,8.0,16.0,8.0,7.0,0.58,42.0
汕头,2023-06-24,16.0,excellent,8.0,16.0,8.0,6.0,0.57,32.0
汕头,2023-06-25,18.0,excellent,7.0,18.0,8.0,6.0,0.57,29.0
汕头,2023-06-26,12.0,excellent,4.0,12.0,7.0,6.0,0.59,26.0
汕头,2023-06-27,16.0,excellent,6.0,15.0,16.0,6.0,0.78,19.0
汕头,2023-06-28,20.0,excellent,11.0,18.0,11.0,6.0,0.74,34.0
汕头,2023-06-29,14.0,excellent,6.0,14.0,9.0,6.0,0.68,27.0
汕头,2023-06-30,16.0,excellent,6.0,14.0,8.0,6.0,0.6,41.0
汕头,2023-07-01,16.0,excellent,6.0,13.0,8.0,6.0,0.58,49.0
汕头,2023-07-02,14.0,excellent,4.0,11.0,7.0,6.0,0.57,40.0
汕头,2023-07-03,18.0,excellent,4.0,16.0,7.0,6.0,0.59,53.0
汕头,2023-07-04,18.0,excellent,5.0,16.0,6.0,6.0,0.57,52.0
汕头,2023-07-05,22.0,excellent,7.0,22.0,8.0,7.0,0.6,48.0
汕头,2023-07-06,17.0,excellent,7.0,17.0,6.0,6.0,0.52,45.0
汕头,2023-07-07,21.0,excellent,12.0,21.0,6.0,6.0,0.5,42.0
汕头,2023-07-08,30.0,excellent,18.0,29.0,7.0,7.0,0.52,55.0
汕头,2023-07-09,19.0,excellent,8.0,18.0,7.0,7.0,0.53,52.0
汕头,2023-07-10,23.0,excellent,10.0,20.0,9.0,7.0,0.54,57.0
汕头,2023-07-11,18.0,excellent,8.0,17.0,9.0,7.0,0.55,50.0
汕头,2023-07-12,18.0,excellent,6.0,15.0,9.0,7.0,0.55,54.0
汕头,2023-07-13,18.0,excellent,7.0,18.0,10.0,7.0,0.56,40.0
汕头,2023-07-14,27.0,excellent,8.0,27.0,11.0,8.0,0.64,56.0
汕头,2023-07-15,32.0,excellent,15.0,30.0,12.0,8.0,0.66,91.0
汕头,2023-07-16,23.0,excellent,10.0,20.0,6.0,6.0,0.56,60.0
汕头,2023-07-17,20.0,excellent,12.0,19.0,7.0,6.0,0.57,52.0
汕头,2023-07-18,23.0,excellent,13.0,20.0,7.0,6.0,0.61,41.0
汕头,2023-07-19,18.0,excellent,8.0,17.0,7.0,6.0,0.63,43.0
汕头,2023-07-20,20.0,excellent,8.0,20.0,8.0,6.0,0.61,43.0
汕头,2023-07-21,19.0,excellent,9.0,18.0,8.0,6.0,0.59,39.0
汕头,2023-07-22,16.0,excellent,5.0,15.0,7.0,6.0,0.56,38.0
汕头,2023-07-23,15.0,excellent,6.0,15.0,6.0,6.0,0.57,33.0
汕头,2023-07-24,20.0,excellent,6.0,19.0,8.0,6.0,0.59,40.0
汕头,2023-07-25,31.0,excellent,12.0,30.0,13.0,8.0,0.64,59.0
汕头,2023-07-26,36.0,excellent,15.0,38.0,14.0,9.0,0.73,63.0
汕头,2023-07-27,32.0,excellent,14.0,32.0,10.0,8.0,0.68,55.0
汕头,2023-07-28,25.0,excellent,12.0,20.0,8.0,7.0,0.7,69.0
汕头,2023-07-29,25.0,excellent,9.0,14.0,9.0,6.0,0.67,78.0
汕头,2023-07-30,18.0,excellent,6.0,16.0,10.0,6.0,0.65,49.0
汕头,2023-07-31,20.0,excellent,8.0,20.0,12.0,6.0,0.64,37.0
汕头,2023-08-01,31.0,excellent,15.0,31.0,14.0,10.0,0.72,57.0
汕头,2023-08-02,37.0,excellent,20.0,36.0,13.0,9.0,0.74,79.0
汕头,2023-08-03,31.0,excellent,16.0,30.0,10.0,7.0,0.66,78.0
汕头,2023-08-04,23.0,excellent,11.0,21.0,7.0,6.0,0.59,65.0
汕头,2023-08-05,25.0,excellent,10.0,25.0,6.0,6.0,0.58,67.0
汕头,2023-08-06,28.0,excellent,11.0,28.0,6.0,6.0,0.59,64.0
汕头,2023-08-07,31.0,excellent,12.0,31.0,6.0,6.0,0.6,66.0
汕头,2023-08-08,30.0,excellent,13.0,29.0,7.0,7.0,0.61,75.0
汕头,2023-08-09,32.0,excellent,14.0,31.0,9.0,7.0,0.61,85.0
汕头,2023-08-10,30.0,excellent,16.0,29.0,14.0,7.0,0.75,81.0
汕头,2023-08-11,26.0,excellent,9.0,18.0,11.0,7.0,0.71,69.0
汕头,2023-08-12,19.0,excellent,6.0,15.0,10.0,6.0,0.65,60.0
汕头,2023-08-13,20.0,excellent,8.0,18.0,9.0,6.0,0.65,60.0
汕头,2023-08-14,25.0,excellent,11.0,23.0,8.0,6.0,0.66,62.0
汕头,2023-08-15,31.0,excellent,13.0,31.0,7.0,6.0,0.62,62.0
汕头,2023-08-16,29.0,excellent,13.0,29.0,10.0,6.0,0.68,66.0
汕头,2023-08-17,33.0,excellent,15.0,30.0,14.0,7.0,0.79,70.0
汕头,2023-08-18,31.0,excellent,12.0,26.0,12.0,7.0,0.8,93.0
汕头,2023-08-19,32.0,excellent,15.0,27.0,11.0,6.0,0.71,95.0
汕头,2023-08-20,18.0,excellent,7.0,17.0,16.0,7.0,0.66,43.0
汕头,2023-08-21,21.0,excellent,9.0,21.0,11.0,7.0,0.65,47.0
汕头,2023-08-22,21.0,excellent,9.0,21.0,11.0,7.0,0.63,48.0
汕头,2023-08-23,24.0,excellent,9.0,23.0,14.0,6.0,0.66,42.0
汕头,2023-08-24,31.0,excellent,14.0,31.0,17.0,8.0,0.75,45.0
汕头,2023-08-25,33.0,excellent,17.0,33.0,18.0,10.0,0.8,56.0
汕头,2023-08-26,29.0,excellent,14.0,29.0,16.0,10.0,0.69,53.0
汕头,2023-08-27,30.0,excellent,17.0,28.0,14.0,8.0,0.66,56.0
汕头,2023-08-28,27.0,excellent,13.0,26.0,15.0,8.0,0.7,45.0
汕头,2023-08-29,34.0,excellent,17.0,34.0,18.0,9.0,0.82,61.0
汕头,2023-08-30,25.0,excellent,10.0,23.0,10.0,8.0,0.73,61.0
汕头,2023-08-31,19.0,excellent,9.0,18.0,13.0,7.0,0.68,31.0
汕头,2023-09-01,20.0,excellent,5.0,10.0,6.0,6.0,0.58,63.0
汕头,2023-09-02,28.0,excellent,11.0,18.0,8.0,6.0,0.55,76.0
汕头,2023-09-03,34.0,excellent,22.0,30.0,15.0,8.0,0.62,43.0
汕头,2023-09-04,24.0,excellent,13.0,23.0,12.0,7.0,0.6,39.0
汕头,2023-09-05,18.0,excellent,12.0,15.0,11.0,6.0,0.53,40.0
汕头,2023-09-06,22.0,excellent,14.0,17.0,15.0,5.0,0.57,70.0
汕头,2023-09-07,18.0,excellent,6.0,13.0,11.0,6.0,0.53,57.0
汕头,2023-09-08,19.0,excellent,10.0,17.0,14.0,6.0,0.6,57.0
汕头,2023-09-09,26.0,excellent,12.0,23.0,16.0,7.0,0.66,65.0
汕头,2023-09-10,33.0,excellent,14.0,27.0,13.0,7.0,0.7,90.0
汕头,2023-09-11,29.0,excellent,14.0,25.0,12.0,7.0,0.58,86.0
汕头,2023-09-12,21.0,excellent,10.0,18.0,12.0,6.0,0.56,62.0
汕头,2023-09-13,21.0,excellent,12.0,19.0,11.0,7.0,0.58,59.0
汕头,2023-09-14,20.0,excellent,12.0,18.0,10.0,7.0,0.58,46.0
汕头,2023-09-15,21.0,excellent,12.0,19.0,8.0,7.0,0.57,59.0
汕头,2023-09-16,25.0,excellent,14.0,24.0,12.0,7.0,0.57,54.0
汕头,2023-09-17,32.0,excellent,16.0,32.0,17.0,9.0,0.7,45.0
汕头,2023-09-18,29.0,excellent,16.0,27.0,14.0,8.0,0.63,48.0
汕头,2023-09-19,23.0,excellent,9.0,21.0,13.0,7.0,0.53,53.0
汕头,2023-09-20,35.0,excellent,18.0,33.0,15.0,9.0,0.63,83.0
汕头,2023-09-21,38.0,excellent,21.0,35.0,14.0,9.0,0.68,85.0
汕头,2023-09-22,29.0,excellent,12.0,26.0,9.0,7.0,0.58,89.0
汕头,2023-09-23,23.0,excellent,8.0,22.0,10.0,8.0,0.53,57.0
汕头,2023-09-24,24.0,excellent,10.0,23.0,9.0,8.0,0.53,60.0
汕头,2023-09-25,24.0,excellent,8.0,21.0,8.0,8.0,0.53,71.0
汕头,2023-09-26,27.0,excellent,11.0,23.0,9.0,8.0,0.57,80.0
汕头,2023-09-27,33.0,excellent,17.0,32.0,10.0,8.0,0.61,75.0
汕头,2023-09-28,32.0,excellent,16.0,29.0,9.0,7.0,0.6,78.0
汕头,2023-09-29,29.0,excellent,16.0,28.0,8.0,8.0,0.58,69.0
汕头,2023-09-30,41.0,excellent,25.0,36.0,8.0,8.0,0.65,78.0
汕头,2023-10-01,35.0,excellent,16.0,33.0,9.0,8.0,0.71,96.0
汕头,2023-10-02,37.0,excellent,10.0,33.0,7.0,9.0,0.6,113.0
汕头,2023-10-03,46.0,excellent,21.0,49.0,11.0,8.0,0.65,119.0
汕头,2023-10-04,50.0,excellent,29.0,51.0,11.0,9.0,0.78,116.0
汕头,2023-10-05,32.0,excellent,13.0,31.0,10.0,8.0,0.73,63.0
汕头,2023-10-06,23.0,excellent,7.0,19.0,11.0,8.0,0.61,70.0
汕头,2023-10-07,19.0,excellent,10.0,11.0,11.0,7.0,0.65,59.0
汕头,2023-10-08,22.0,excellent,9.0,15.0,10.0,7.0,0.64,70.0
汕头,2023-10-09,24.0,excellent,8.0,16.0,12.0,7.0,0.67,75.0
汕头,2023-10-10,29.0,excellent,8.0,19.0,10.0,7.0,0.6,91.0
汕头,2023-10-11,33.0,excellent,13.0,28.0,12.0,8.0,0.69,101.0
汕头,2023-10-12,36.0,excellent,16.0,33.0,12.0,8.0,0.65,104.0
汕头,2023-10-13,35.0,excellent,18.0,33.0,13.0,9.0,0.68,84.0
汕头,2023-10-14,33.0,excellent,17.0,31.0,12.0,9.0,0.61,81.0
汕头,2023-10-15,46.0,excellent,27.0,42.0,12.0,9.0,0.63,113.0
汕头,2023-10-16,49.0,excellent,25.0,45.0,11.0,9.0,0.65,139.0
汕头,2023-10-17,50.0,excellent,26.0,49.0,14.0,10.0,0.65,146.0
汕头,2023-10-18,45.0,excellent,28.0,44.0,12.0,9.0,0.64,132.0
汕头,2023-10-19,51.0,good,35.0,48.0,16.0,9.0,0.73,107.0
汕头,2023-10-20,54.0,good,34.0,50.0,19.0,11.0,0.86,68.0
汕头,2023-11-01,36.0,excellent,14.0,35.0,12.0,8.0,0.55,89.0
汕头,2023-11-02,31.0,excellent,14.0,29.0,11.0,8.0,0.57,84.0
汕头,2023-11-03,39.0,excellent,22.0,35.0,12.0,8.0,0.62,98.0
汕头,2023-11-04,47.0,excellent,28.0,42.0,13.0,9.0,0.68,115.0
汕头,2023-11-05,51.0,good,31.0,48.0,14.0,9.0,0.78,115.0
汕头,2023-11-06,53.0,good,31.0,55.0,20.0,11.0,0.82,88.0
汕头,2023-11-07,43.0,excellent,18.0,44.0,10.0,7.0,0.7,109.0
汕头,2023-11-08,41.0,excellent,14.0,41.0,13.0,8.0,0.62,108.0
汕头,2023-11-09,47.0,excellent,23.0,47.0,15.0,10.0,0.68,95.0
汕头,2023-11-10,50.0,excellent,31.0,50.0,14.0,9.0,0.76,96.0
汕头,2023-11-11,24.0,excellent,8.0,22.0,10.0,7.0,0.6,72.0
汕头,2023-11-12,27.0,excellent,11.0,26.0,14.0,8.0,0.6,59.0
汕头,2023-11-13,28.0,excellent,12.0,28.0,14.0,9.0,0.68,50.0
汕头,2023-11-14,34.0,excellent,16.0,34.0,14.0,9.0,0.69,68.0
汕头,2023-11-15,34.0,excellent,17.0,32.0,15.0,10.0,0.68,71.0
汕头,2023-11-16,41.0,excellent,15.0,41.0,16.0,11.0,0.74,57.0
汕头,2023-11-17,55.0,good,20.0,60.0,15.0,9.0,0.64,80.0
汕头,2023-11-18,60.0,good,24.0,70.0,15.0,10.0,0.57,80.0
汕头,2023-11-19,61.0,good,26.0,71.0,17.0,10.0,0.64,96.0
汕头,2023-11-20,50.0,excellent,28.0,55.0,18.0,10.0,0.73,91.0
汕头,2023-11-21,41.0,excellent,19.0,40.0,15.0,9.0,0.68,97.0
汕头,2023-11-22,43.0,excellent,23.0,42.0,17.0,9.0,0.73,90.0
汕头,2023-11-23,63.0,good,40.0,68.0,27.0,12.0,0.9,91.0
汕头,2023-11-24,65.0,good,38.0,77.0,16.0,9.0,0.82,114.0
汕头,2023-11-25,45.0,excellent,17.0,46.0,12.0,8.0,0.61,92.0
汕头,2023-11-26,42.0,excellent,21.0,41.0,17.0,10.0,0.72,76.0
汕头,2023-11-27,60.0,good,39.0,66.0,25.0,11.0,0.91,85.0
汕头,2023-11-28,60.0,good,35.0,60.0,17.0,10.0,0.83,104.0
汕头,2023-11-29,58.0,good,31.0,65.0,19.0,11.0,0.81,102.0
汕头,2023-11-30,59.0,good,35.0,61.0,16.0,9.0,0.89,85.0
汕头,2023-12-01,41.0,excellent,23.0,42.0,14.0,8.0,0.77,77.0
汕头,2023-12-02,45.0,excellent,27.0,45.0,17.0,9.0,0.86,73.0
汕头,2023-12-03,38.0,excellent,24.0,38.0,16.0,9.0,0.76,81.0
汕头,2023-12-04,35.0,excellent,24.0,32.0,16.0,8.0,0.77,67.0
汕头,2023-12-05,36.0,excellent,24.0,31.0,16.0,8.0,0.86,59.0
汕头,2023-12-06,35.0,excellent,19.0,35.0,20.0,10.0,0.9,45.0
汕头,2023-12-07,36.0,excellent,17.0,36.0,18.0,10.0,0.72,77.0
汕头,2023-12-08,56.0,good,32.0,61.0,25.0,10.0,0.83,98.0
汕头,2023-12-09,68.0,good,46.0,77.0,31.0,11.0,0.97,93.0
汕头,2023-12-10,70.0,good,48.0,72.0,27.0,11.0,0.96,94.0
汕头,2023-12-11,62.0,good,43.0,59.0,21.0,11.0,0.97,87.0
汕头,2023-12-12,53.0,good,35.0,49.0,21.0,10.0,0.96,51.0
汕头,2023-12-13,30.0,excellent,14.0,30.0,13.0,7.0,0.79,74.0
汕头,2023-12-14,41.0,excellent,25.0,41.0,19.0,8.0,0.77,74.0
汕头,2023-12-15,59.0,good,41.0,54.0,30.0,9.0,1.05,52.0
汕头,2023-12-16,31.0,excellent,16.0,31.0,22.0,8.0,0.96,22.0
汕头,2023-12-17,28.0,excellent,12.0,28.0,15.0,8.0,0.82,43.0
汕头,2023-12-18,32.0,excellent,18.0,31.0,15.0,8.0,0.73,63.0
汕头,2023-12-19,37.0,excellent,20.0,36.0,20.0,10.0,0.82,37.0
汕头,2023-12-20,25.0,excellent,11.0,25.0,17.0,9.0,0.8,20.0
汕头,2023-12-21,28.0,excellent,15.0,28.0,15.0,9.0,0.81,26.0
汕头,2023-12-22,47.0,excellent,27.0,50.0,13.0,9.0,0.64,68.0
汕头,2023-12-23,45.0,excellent,23.0,46.0,21.0,11.0,0.57,53.0
汕头,2023-12-24,42.0,excellent,26.0,41.0,22.0,11.0,0.59,51.0
汕头,2023-12-25,45.0,excellent,22.0,46.0,19.0,10.0,0.49,74.0
汕头,2023-12-26,62.0,good,37.0,74.0,34.0,12.0,0.66,63.0
汕头,2023-12-27,86.0,good,62.0,100.0,44.0,14.0,0.9,52.0
汕头,2023-12-28,57.0,good,39.0,51.0,28.0,9.0,0.78,51.0
汕头,2023-12-29,40.0,excellent,24.0,39.0,18.0,8.0,0.6,74.0
汕头,2023-12-30,60.0,good,40.0,59.0,25.0,11.0,0.73,94.0
汕头,2023-12-31,73.0,good,50.0,68.0,27.0,12.0,0.86,84.0
